Location,Symbol Text,Description,Part Number,Quantity,Manufacturer,Notes,Number,Drawing Number,Equipment,Order Number
 POWER PANEL,MCB10,CIRCUIT BREAKER,BW400RAGU-3P400F=AC100-240V,1,FUJI,UL489 50KA,1,151-E8810:601-0,UH1650 DIE CASTING MACHINE,45072
 POWER PANEL,MCB10,HANDLE,BW9NOHA,1,FUJI,UL489 50KA,1,151-E8810:601-0,UH1650 DIE CASTING MACHINE,45072
 POWER PANEL,MCB10,COVER,BW9BTHA-L3,1,FUJI,UL489 50KA,1,151-E8810:601-0,UH1650 DIE CASTING MACHINE,45072
 POWER PANEL,F10,FUSE,LPJ-3SP,1,BUSSMANN,UL 300kA. ● mark in the remarks column means Ube-supplied item.,2,151-E8810:601-0,UH1650 DIE CASTING MACHINE,45072
 POWER PANEL,F11,FUSE,LPJ-3SP,1,BUSSMANN,UL 300kA. ● mark in the remarks column means Ube-supplied item.,2,151-E8810:601-0,UH1650 DIE CASTING MACHINE,45072
 POWER PANEL,F12,FUSE,LPJ-3SP,1,BUSSMANN,UL 300kA. ● mark in the remarks column means Ube-supplied item.,2,151-E8810:601-0,UH1650 DIE CASTING MACHINE,45072
 POWER PANEL,F13,HOLDER,JTN60030,1,,,2,151-E8810:601-0,UH1650 DIE CASTING MACHINE,45072
 POWER PANEL,F14,HOLDER,JTN60030,1,,,2,151-E8810:601-0,UH1650 DIE CASTING MACHINE,45072
 POWER PANEL,,Branch terminal,OTP-7000-6P-SCCR W: SINGLE COVER,1set,OSADA,,3,151-E8810:601-0,UH1650 DIE CASTING MACHINE,45072
 POWER PANEL,ELB11,EARTH LEAKAGE BREAKER,"EW250RAGU-3P225KWA-4L 250AF/225AT, 100mA",2,FUJI,UL489 50kA,4,151-E8810:601-0,UH1650 DIE CASTING MACHINE,45072
 POWER PANEL,ELB20,EARTH LEAKAGE BREAKER,"EW125JAGU-3P015BWA-4L 125AF/15AT, 30mA",1,FUJI,UL489 30kA,5,151-E8810:601-0,UH1650 DIE CASTING MACHINE,45072
 POWER PANEL,ELB21,EARTH LEAKAGE BREAKER,"EW125JAGU-3P015BWA-4L 125AF/15AT, 30mA",1,FUJI,UL489 30kA,5,151-E8810:601-0,UH1650 DIE CASTING MACHINE,45072
 POWER PANEL,ELB21,EARTH LEAKAGE BREAKER,"EW125JAGU-3P015BWA-4L 125AF/15AT, 30mA",1,FUJI,UL489 30kA,6,151-E8810:601-0,UH1650 DIE CASTING MACHINE,45072
 POWER PANEL,ELB40,EARTH LEAKAGE BREAKER,"EW125JAGU-3P015BWA-4L 125AF/15AT, 30mA",1,FUJI,UL489 30kA,7,151-E8810:601-0,UH1650 DIE CASTING MACHINE,45072
 POWER PANEL,ELB41,EARTH LEAKAGE BREAKER,"EW125JAGU-3P015BWA-4L 125AF/15AT, 30mA",1,FUJI,UL489 30kA,8,151-E8810:601-0,UH1650 DIE CASTING MACHINE,45072
 POWER PANEL,ELB50,EARTH LEAKAGE BREAKER,"EW125JAGU-3P060KWA-4L 125AF/60AT, 100mA",1,FUJI,UL489 30kA,9,151-E8810:601-0,UH1650 DIE CASTING MACHINE,45072
 POWER PANEL,ELB51,EARTH LEAKAGE BREAKER,"EW125JAGU-3P020K-4L 125AF/20AT, 100mA",1,FUJI,UL489 30kA,10,151-E8810:601-0,UH1650 DIE CASTING MACHINE,45072
 POWER PANEL,ELB52,EARTH LEAKAGE BREAKER,"EW125JAGU-3P030K-4L 125AF/30AT, 100mA",1,FUJI,UL489 30kA,11,151-E8810:601-0,UH1650 DIE CASTING MACHINE,45072
 POWER PANEL,ELB53,EARTH LEAKAGE BREAKER,"EW125JAGU-3P030K-4L 125AF/30AT, 100mA",1,FUJI,UL489 30kA,11,151-E8810:601-0,UH1650 DIE CASTING MACHINE,45072
 POWER PANEL,ELB70,EARTH LEAKAGE BREAKER,"EW50RAGU-3P020B 50AF/20AT, 30mA",1,FUJI,UL489 14kA,12,151-E8810:601-0,UH1650 DIE CASTING MACHINE,45072
 POWER PANEL,ELB70,COVER,BW9BTAA-S3,1,FUJI,UL489 14kA,12,151-E8810:601-0,UH1650 DIE CASTING MACHINE,45072
 POWER PANEL,ELB71,EARTH LEAKAGE BREAKER,"EW50RAGU-3P005B 50AF/5AT, 30mA",1,FUJI,UL489 14kA,13,151-E8810:601-0,UH1650 DIE CASTING MACHINE,45072
 POWER PANEL,ELB71,COVER,BW9BTAA-S3,1,FUJI,UL489 14kA,13,151-E8810:601-0,UH1650 DIE CASTING MACHINE,45072
 POWER PANEL,ELB80,EARTH LEAKAGE BREAKER,"EW50RAGU-3P010B 50AF/10AT, 30mA",1,FUJI,UL489 14kA,14,151-E8810:601-0,UH1650 DIE CASTING MACHINE,45072
 POWER PANEL,ELB80,COVER,BW9BTAA-S3,1,FUJI,UL489 14kA,14,151-E8810:601-0,UH1650 DIE CASTING MACHINE,45072
 POWER PANEL,ELB93,EARTH LEAKAGE BREAKER,"EW50RAGU-3P020B 50AF/20AT, 30mA",1,FUJI,UL489 14kA,15,151-E8810:601-0,UH1650 DIE CASTING MACHINE,45072
 POWER PANEL,ELB93,COVER,BW9BTAA-S3,1,FUJI,UL489 14kA,15,151-E8810:601-0,UH1650 DIE CASTING MACHINE,45072
 POWER PANEL,ELB150,EARTH LEAKAGE BREAKER,"EW50RAGU-3P010B 50AF/10AT, 30mA",1,FUJI,UL489 14kA,16,151-E8810:601-0,UH1650 DIE CASTING MACHINE,45072
 POWER PANEL,ELB150,COVER,BW9BTAA-S3,1,FUJI,UL489 14kA,16,151-E8810:601-0,UH1650 DIE CASTING MACHINE,45072
 POWER PANEL,ELB160,EARTH LEAKAGE BREAKER,QCGF1015 1P 120VAC 15AT 5mA,2,MOELLER,UL,17,151-E8810:601-0,UH1650 DIE CASTING MACHINE,45072
 POWER PANEL,ELB161,DIN Rail Adapter,QCDINADAPT,2,MOELLER,UL,17,151-E8810:601-0,UH1650 DIE CASTING MACHINE,45072
 POWER PANEL,ELB430,EARTH LEAKAGE BREAKER,"EW50RAGU-3PO30KWA 50AF/30AT, 100mA",1,FUJI,UL489 14kA,18,151-E8810:601-0,UH1650 DIE CASTING MACHINE,45072
 POWER PANEL,ELB430,COVER,BW9BTAA-S3,1,FUJI,UL489 14kA,18,151-E8810:601-0,UH1650 DIE CASTING MACHINE,45072
 POWER PANEL,ELB451,EARTH LEAKAGE BREAKER,"NV50-SVFU-3P-20A-AC100V -100mA-F 50AF/20AT,100mA",1,MITSUBISHI,UL489 14kA,19,151-E8810:601-0,UH1650 DIE CASTING MACHINE,45072
 POWER PANEL,ELB451,COVER,TCL-03SVU3,1,MITSUBISHI,UL489 14kA,19,151-E8810:601-0,UH1650 DIE CASTING MACHINE,45072
 POWER PANEL,MCB54,CIRCUIT BREAKER,BW50RAGU-3P032 50AF/32AT,2,FUJI,UL489 14kA,20,151-E8810:601-0,UH1650 DIE CASTING MACHINE,45072
 POWER PANEL,MCB55,COVER,BW9BTAA-S3,2,FUJI,UL489 14kA,20,151-E8810:601-0,UH1650 DIE CASTING MACHINE,45072
 POWER PANEL,MCB60,CIRCUIT BREAKER,BW50RBGU-3P020 50AF/20AT,1,FUJI,UL489 18kA,21,151-E8810:601-0,UH1650 DIE CASTING MACHINE,45072
 POWER PANEL,MCB60,COVER,BW9BTAA-S3,1,FUJI,UL489 18kA,21,151-E8810:601-0,UH1650 DIE CASTING MACHINE,45072
 POWER PANEL,MCB66,CIRCUIT BREAKER,BW50RBGU-3P005 50AF/5AT,1,FUJI,UL489 18kA,22,151-E8810:601-0,UH1650 DIE CASTING MACHINE,45072
 POWER PANEL,MCB66,COVER,BW9BTAA-S3,2,FUJI,UL489 18kA,22,151-E8810:601-0,UH1650 DIE CASTING MACHINE,45072
 POWER PANEL,MCB67,CIRCUIT BREAKER,BW50RBGU-3P010,1,FUJI,UL489 18kA,23,151-E8810:601-0,UH1650 DIE CASTING MACHINE,45072
 POWER PANEL,MCB67,COVER,BW9BTAA-S3,1,FUJI,UL489 18kA,,151-E8810:601-0,UH1650 DIE CASTING MACHINE,45072
 POWER PANEL,MCB450,CIRCUIT BREAKER,BW50RAGU-2P020,1,FUJI,UL489 14kA,25,151-E8810:601-0,UH1650 DIE CASTING MACHINE,45072
 POWER PANEL,MCB450,COVER,BW9BTAA-S2,1,FUJI,UL489 14kA,,151-E8810:601-0,UH1650 DIE CASTING MACHINE,45072
 POWER PANEL,MCB110,CIRCUIT BREAKER,140U-D6D2-B80,1,Allen-Bradley,UL489 100kA,27,151-E8810:601-0,UH1650 DIE CASTING MACHINE,45072
 POWER PANEL,MCB130,CIRCUIT BREAKER,BW125JAGU-3P015-4L,1,FUJI,UL489 30kA,28,151-E8810:601-0,UH1650 DIE CASTING MACHINE,45072
 POWER PANEL,MCB140,CIRCUIT BREAKER,140U-D6D2-C10,1,Allen-Bradley,UL489 100kA,29,151-E8810:601-0,UH1650 DIE CASTING MACHINE,45072
 POWER PANEL,MCB150,CIRCUIT BREAKER,140U-D6D2-C10,1,Allen-Bradley,UL489 100kA,30,151-E8810:601-0,UH1650 DIE CASTING MACHINE,45072
 POWER PANEL,MCB151,CIRCUIT BREAKER,140U-D6D2-C10,1,Allen-Bradley,UL489 100kA,31,151-E8810:601-0,UH1650 DIE CASTING MACHINE,45072
 POWER PANEL,MCB160,CIRCUIT BREAKER,140U-D6D2-C10,1,Allen-Bradley,UL489 100kA,32,151-E8810:601-0,UH1650 DIE CASTING MACHINE,45072
 POWER PANEL,MCB111,CIRCUIT BREAKER,"60210 (Multi9 C60 UL489) 1P. AC10A, C CURVE",1,FUJI,UL489 10kA,34,151-E8810:601-0,UH1650 DIE CASTING MACHINE,45072
 POWER PANEL,MCB111,COVER,ULM9T-COV,6-Feb,FUJI,UL489 10kA,,151-E8810:601-0,UH1650 DIE CASTING MACHINE,45072
 POWER PANEL,MCB112,CIRCUIT BREAKER,"60206 (Multi9 C60 UL489) 1P, AC5A, C CURVE",1,FUJI,UL489 10kA,35,151-E8810:601-0,UH1650 DIE CASTING MACHINE,45072
 POWER PANEL,MCB112,COVER,ULM9T-COV,6-Feb,FUJI,UL489 10kA,,151-E8810:601-0,UH1650 DIE CASTING MACHINE,45072
 POWER PANEL,MCB131,CIRCUIT BREAKER,"60215 (Multi9 C60 UL489) 1P, AC30A, C CURVE",1,FUJI,UL489 10kA,36,151-E8810:601-0,UH1650 DIE CASTING MACHINE,45072
 POWER PANEL,MCB131,COVER,ULM9T-COV,6-Feb,FUJI,UL489 10kA,,151-E8810:601-0,UH1650 DIE CASTING MACHINE,45072
 POWER PANEL,MCB141,CIRCUIT BREAKER,"60213 (Multi9 C60 UL489) 1P, AC20A, C CURVE",1,FUJI,UL489 10kA,37,151-E8810:601-0,UH1650 DIE CASTING MACHINE,45072
 POWER PANEL,MCB141,COVER,ULM9T-COV,6-Feb,FUJI,UL489 10kA,,151-E8810:601-0,UH1650 DIE CASTING MACHINE,45072
 POWER PANEL,MCB152,CIRCUIT BREAKER,"60213 (Multi9 C60 UL489) 1P, AC20A, C CURVE",1,FUJI,UL489 10kA,38,151-E8810:601-0,UH1650 DIE CASTING MACHINE,45072
 POWER PANEL,MCB152,COVER,ULM9T-COV,6-Feb,FUJI,UL489 10kA,,151-E8810:601-0,UH1650 DIE CASTING MACHINE,45072
 POWER PANEL,MCB161,CIRCUIT BREAKER,"60212 (Multi9 C60 UL489) 1P, AC15A, C CURVE",1,FUJI,UL489 10kA,39,151-E8810:601-0,UH1650 DIE CASTING MACHINE,45072
 POWER PANEL,MCB161,COVER,ULM9T-COV,6-Feb,FUJI,UL489 10kA,,151-E8810:601-0,UH1650 DIE CASTING MACHINE,45072
 POWER PANEL,MCB162,CIRCUIT BREAKER,"60206 (Multi9 C60 UL489) 1P, AC5A, C CURVE",1,FUJI,UL489 10kA,40,151-E8810:601-0,UH1650 DIE CASTING MACHINE,45072
 POWER PANEL,MCB162,COVER,ULM9T-COV,6-Feb,FUJI,UL489 10kA,,151-E8810:601-0,UH1650 DIE CASTING MACHINE,45072
 POWER PANEL,CP70,CIRCUIT PROTECTOR,"60252 (Multi9 C60 UL489) 2P, AC1A, D CURVE",1,FUJI,UL489 10kA,41,151-E8810:601-0,UH1650 DIE CASTING MACHINE,45072
 POWER PANEL,CP71,CIRCUIT PROTECTOR,"60252 (Multi9 C60 UL489) 2P, AC1A, D CURVE",1,FUJI,UL489 10kA,,151-E8810:601-0,UH1650 DIE CASTING MACHINE,45072
 POWER PANEL,CP80,CIRCUIT PROTECTOR,"60252 (Multi9 C60 UL489) 2P, AC1A, D CURVE",1,FUJI,UL489 10kA,,151-E8810:601-0,UH1650 DIE CASTING MACHINE,45072
 POWER PANEL,CP70,COVER,ULM9T-COV,6-Dec,FUJI,UL489 10kA,,151-E8810:601-0,UH1650 DIE CASTING MACHINE,45072
 POWER PANEL,CP110,CIRCUIT PROTECTOR,"60210 (Multi9 C60 UL489) 1P, AC10A, C CURVE",1,FUJI,UL489 10kA,42,151-E8810:601-0,UH1650 DIE CASTING MACHINE,45072
 POWER PANEL,CP110,COVER,ULM9T-COV,6-Feb,FUJI,UL489 10kA,,151-E8810:601-0,UH1650 DIE CASTING MACHINE,45072
 POWER PANEL,CP111,CIRCUIT PROTECTOR,"60206 (Multi9 C60 UL489) 1P, AC5A, C CURVE",1,FUJI,UL489 10kA,43,151-E8810:601-0,UH1650 DIE CASTING MACHINE,45072
 POWER PANEL,CP111,COVER,ULM9T-COV,6-Feb,FUJI,UL489 10kA,,151-E8810:601-0,UH1650 DIE CASTING MACHINE,45072
 POWER PANEL,CP132,CIRCUIT PROTECTOR,"60212 (Multi9 C60 UL489) 1P, AC15A, C CURVE",1,FUJI,UL489 10kA,44,151-E8810:601-0,UH1650 DIE CASTING MACHINE,45072
 POWER PANEL,CP132,COVER,ULM9T-COV,6-Feb,FUJI,UL489 10kA,,151-E8810:601-0,UH1650 DIE CASTING MACHINE,45072
 POWER PANEL,CP139,"CIRCUIT PROTECTOR 1P, AC5A, C CURVE",60206 (Multi9 C60 UL489),1,FUJI,UL489 10kA,45,151-E8810:601-0,UH1650 DIE CASTING MACHINE,45072
 POWER PANEL,CP139,AUX. SWITCH,26925,2,FUJI,UL489 10kA,45,151-E8810:601-0,UH1650 DIE CASTING MACHINE,45072
 POWER PANEL,CP139,COVER,ULM9T-COV,6-Feb,FUJI,UL489 10kA,45,151-E8810:601-0,UH1650 DIE CASTING MACHINE,45072
 POWER PANEL,CP13A,"CIRCUIT PROTECTOR 1P, AC10A, C CURVE",60210 (Multi9 C60 UL489),1,FUJI,UL489 10kA,46,151-E8810:601-0,UH1650 DIE CASTING MACHINE,45072
 POWER PANEL,CP13B,"CIRCUIT PROTECTOR 1P, AC10A, C CURVE",60210 (Multi9 C60 UL489),1,FUJI,UL489 10kA,46,151-E8810:601-0,UH1650 DIE CASTING MACHINE,45072
 POWER PANEL,CP13A,AUX. SWITCH,26925,1,FUJI,UL489 10kA,46,151-E8810:601-0,UH1650 DIE CASTING MACHINE,45072
 POWER PANEL,CP13B,AUX. SWITCH,26925,1,FUJI,UL489 10kA,46,151-E8810:601-0,UH1650 DIE CASTING MACHINE,45072
 POWER PANEL,CP13A,COVER,ULM9T-COV,6-Feb,FUJI,UL489 10kA,46,151-E8810:601-0,UH1650 DIE CASTING MACHINE,45072
 POWER PANEL,CP13B,COVER,ULM9T-COV,6-Feb,FUJI,UL489 10kA,46,151-E8810:601-0,UH1650 DIE CASTING MACHINE,45072
 POWER PANEL,CP133,"CIRCUIT PROTECTOR 1P, AC10A, C CURVE",60210 (Multi9 C60 UL489),1,FUJI,UL489 10kA,47,151-E8810:601-0,UH1650 DIE CASTING MACHINE,45072
 POWER PANEL,CP141,"CIRCUIT PROTECTOR 1P, AC10A, C CURVE",60210 (Multi9 C60 UL489),1,FUJI,UL489 10kA,47,151-E8810:601-0,UH1650 DIE CASTING MACHINE,45072
 POWER PANEL,CP133,COVER,ULM9T-COV,6-Feb,FUJI,UL489 10kA,47,151-E8810:601-0,UH1650 DIE CASTING MACHINE,45072
 POWER PANEL,CP141,COVER,ULM9T-COV,6-Feb,FUJI,UL489 10kA,47,151-E8810:601-0,UH1650 DIE CASTING MACHINE,45072
 POWER PANEL,CP134,"CIRCUIT PROTECTOR 1P, AC5A, C CURVE",60206 (Multi9 C60 UL489),1,FUJI,UL489 10kA,48,151-E8810:601-0,UH1650 DIE CASTING MACHINE,45072
 POWER PANEL,CP134,COVER,ULM9T-COV,6-Feb,FUJI,UL489 10kA,48,151-E8810:601-0,UH1650 DIE CASTING MACHINE,45072
 POWER PANEL,CP135,"CIRCUIT PROTECTOR 1P, AC7A, C CURVE",60208 (Multi9 C60 UL489),1,FUJI,UL489 10kA,49,151-E8810:601-0,UH1650 DIE CASTING MACHINE,45072
 POWER PANEL,CP142,"CIRCUIT PROTECTOR 1P, AC7A, C CURVE",60208 (Multi9 C60 UL489),1,FUJI,UL489 10kA,49,151-E8810:601-0,UH1650 DIE CASTING MACHINE,45072
 POWER PANEL,CP135,COVER,ULM9T-COV,6-Feb,FUJI,UL489 10kA,49,151-E8810:601-0,UH1650 DIE CASTING MACHINE,45072
 POWER PANEL,CP142,COVER,ULM9T-COV,6-Feb,FUJI,UL489 10kA,49,151-E8810:601-0,UH1650 DIE CASTING MACHINE,45072
 POWER PANEL,CP136,"CIRCUIT PROTECTOR 1P, DC3A, C CURVE",60204 (Multi9 C60 UL489),1,FUJI,UL489 10kA,50,151-E8810:601-0,UH1650 DIE CASTING MACHINE,45072
 POWER PANEL,CP137,"CIRCUIT PROTECTOR 1P, DC3A, C CURVE",60204 (Multi9 C60 UL489),1,FUJI,UL489 10kA,50,151-E8810:601-0,UH1650 DIE CASTING MACHINE,45072
 POWER PANEL,CP138,"CIRCUIT PROTECTOR 1P, DC3A, C CURVE",60204 (Multi9 C60 UL489),1,FUJI,UL489 10kA,50,151-E8810:601-0,UH1650 DIE CASTING MACHINE,45072
 POWER PANEL,CP136,COVER,ULM9T-COV,6-Feb,FUJI,UL489 10kA,50,151-E8810:601-0,UH1650 DIE CASTING MACHINE,45072
 POWER PANEL,CP137,COVER,ULM9T-COV,6-Feb,FUJI,UL489 10kA,50,151-E8810:601-0,UH1650 DIE CASTING MACHINE,45072
 POWER PANEL,CP138,COVER,ULM9T-COV,6-Feb,FUJI,UL489 10kA,50,151-E8810:601-0,UH1650 DIE CASTING MACHINE,45072
 POWER PANEL,CP140,"CIRCUIT PROTECTOR 1P, AC7A, C CURVE",60208 (Multi9 C60 UL489),1,FUJI,UL489 10kA,51,151-E8810:601-0,UH1650 DIE CASTING MACHINE,45072
 POWER PANEL,CP14C,"CIRCUIT PROTECTOR 1P, AC7A, C CURVE",60208 (Multi9 C60 UL489),1,FUJI,UL489 10kA,51,151-E8810:601-0,UH1650 DIE CASTING MACHINE,45072
 POWER PANEL,CP140,COVER,ULM9T-COV,6-Feb,FUJI,UL489 10kA,51,151-E8810:601-0,UH1650 DIE CASTING MACHINE,45072
 POWER PANEL,CP14C,COVER,ULM9T-COV,6-Feb,FUJI,UL489 10kA,51,151-E8810:601-0,UH1650 DIE CASTING MACHINE,45072
 POWER PANEL,CP143,"CIRCUIT PROTECTOR 1P, DC3A, C CURVE",60204 (Multi9 C60 UL489),1,FUJI,UL489 10kA,52,151-E8810:601-0,UH1650 DIE CASTING MACHINE,45072
 POWER PANEL,CP143,COVER,ULM9T-COV,6-Feb,FUJI,UL489 10kA,52,151-E8810:601-0,UH1650 DIE CASTING MACHINE,45072
 POWER PANEL,CP144,"CIRCUIT PROTECTOR 1P, DC5A, C CURVE",60206 (Multi9 C60 UL489),1,FUJI,UL489 10kA,53,151-E8810:601-0,UH1650 DIE CASTING MACHINE,45072
 POWER PANEL,CP145,"CIRCUIT PROTECTOR 1P, DC5A, C CURVE",60206 (Multi9 C60 UL489),1,FUJI,UL489 10kA,53,151-E8810:601-0,UH1650 DIE CASTING MACHINE,45072
 POWER PANEL,CP14B,"CIRCUIT PROTECTOR 1P, DC5A, C CURVE",60206 (Multi9 C60 UL489),1,FUJI,UL489 10kA,53,151-E8810:601-0,UH1650 DIE CASTING MACHINE,45072
 POWER PANEL,CP144,COVER,ULM9T-COV,6-Feb,FUJI,UL489 10kA,53,151-E8810:601-0,UH1650 DIE CASTING MACHINE,45072
 POWER PANEL,CP145,COVER,ULM9T-COV,6-Feb,FUJI,UL489 10kA,53,151-E8810:601-0,UH1650 DIE CASTING MACHINE,45072
 POWER PANEL,CP14B,COVER,ULM9T-COV,6-Feb,FUJI,UL489 10kA,53,151-E8810:601-0,UH1650 DIE CASTING MACHINE,45072
 POWER PANEL,CP146,"CIRCUIT PROTECTOR 1P, DC10A, C CURVE",60210 (Multi9 C60 UL489),1,FUJI,UL489 10kA,54,151-E8810:601-0,UH1650 DIE CASTING MACHINE,45072
 POWER PANEL,CP146,COVER,ULM9T-COV,6-Feb,FUJI,UL489 10kA,54,151-E8810:601-0,UH1650 DIE CASTING MACHINE,45072
 POWER PANEL,CP147,"CIRCUIT PROTECTOR 1P, DC10A, C CURVE",60210 (Multi9 C60 UL489),1,FUJI,UL489 10kA,55,151-E8810:601-0,UH1650 DIE CASTING MACHINE,45072
 POWER PANEL,CP147,COVER,ULM9T-COV,6-Feb,FUJI,UL489 10kA,55,151-E8810:601-0,UH1650 DIE CASTING MACHINE,45072
 POWER PANEL,CP149,"CIRCUIT PROTECTOR 1P, DC1A, C CURVE",60201 (Multi9 C60 UL489),1,FUJI,UL489 10kA,56,151-E8810:601-0,UH1650 DIE CASTING MACHINE,45072
 POWER PANEL,CP149,COVER,ULM9T-COV,6-Feb,FUJI,UL489 10kA,56,151-E8810:601-0,UH1650 DIE CASTING MACHINE,45072
 POWER PANEL,CP148,"CIRCUIT PROTECTOR 1P, DC2A, C CURVE",60203 (Multi9 C60 UL489),1,FUJI,UL489 10kA,57,151-E8810:601-0,UH1650 DIE CASTING MACHINE,45072
 POWER PANEL,CP14A,"CIRCUIT PROTECTOR 1P, DC2A, C CURVE",60203 (Multi9 C60 UL489),1,FUJI,UL489 10kA,57,151-E8810:601-0,UH1650 DIE CASTING MACHINE,45072
 POWER PANEL,CP148,COVER,ULM9T-COV,6-Feb,FUJI,UL489 10kA,57,151-E8810:601-0,UH1650 DIE CASTING MACHINE,45072
 POWER PANEL,CP14A,COVER,ULM9T-COV,6-Feb,FUJI,UL489 10kA,57,151-E8810:601-0,UH1650 DIE CASTING MACHINE,45072
 POWER PANEL,CP14D,"CIRCUIT PROTECTOR 1P, DC10A, C CURVE",60210 (Multi9 C60 UL489),1,FUJI,UL489 10kA,58,151-E8810:601-0,UH1650 DIE CASTING MACHINE,45072
 POWER PANEL,CP14D,COVER,ULM9T-COV,6-Feb,FUJI,UL489 10kA,58,151-E8810:601-0,UH1650 DIE CASTING MACHINE,45072
 POWER PANEL,CP150,"CIRCUIT PROTECTOR 1P, AC2A, C CURVE",60203 (Multi9 C60 UL489),1,FUJI,UL489 5kA,60,151-E8810:601-0,UH1650 DIE CASTING MACHINE,45072
 POWER PANEL,CP150,COVER,ULM9T-COV,6-Feb,FUJI,UL489 5kA,60,151-E8810:601-0,UH1650 DIE CASTING MACHINE,45072
 POWER PANEL,CP152,"CIRCUIT BREAKER 1P, AC15A, C CURVE",60212 (Multi9 C60 UL489),1,FUJI,UL489 10kA,61,151-E8810:601-0,UH1650 DIE CASTING MACHINE,45072
 POWER PANEL,CP152,COVER,ULM9T-COV,6-Feb,FUJI,UL489 10kA,61,151-E8810:601-0,UH1650 DIE CASTING MACHINE,45072
 POWER PANEL,CP153,"CIRCUIT BREAKER 1P, AC10A, C CURVE",60210 Multi9 C60 UL489),1,FUJI,UL489 10kA,62,151-E8810:601-0,UH1650 DIE CASTING MACHINE,45072
 POWER PANEL,CP153,COVER,ULM9T-COV,6-Feb,FUJI,UL489 10kA,62,151-E8810:601-0,UH1650 DIE CASTING MACHINE,45072
 POWER PANEL,MS2,MAGNETIC SWITCH COIL:DC24V 18~26A,SW-N2/G/2E,1,FUJI,UL 25kA with EW125JAGU,64,151-E8810:601-0,UH1650 DIE CASTING MACHINE,45072
 POWER PANEL,THR2,THERMAL RELAY,,1,FUJI,UL 25kA with EW125JAGU,64,151-E8810:601-0,UH1650 DIE CASTING MACHINE,45072
 POWER PANEL,MS2,COVER,SZ-T22,1,FUJI,UL 25kA with EW125JAGU,64,151-E8810:601-0,UH1650 DIE CASTING MACHINE,45072
 POWER PANEL,MS2,COVER,SZ-T16,1,FUJI,UL 25kA with EW125JAGU,64,151-E8810:601-0,UH1650 DIE CASTING MACHINE,45072
 POWER PANEL,MS2,SURGE ABS. UNIT,SZ-Z31,1,FUJI,UL 25kA with EW125JAGU,64,151-E8810:601-0,UH1650 DIE CASTING MACHINE,45072
 POWER PANEL,MS324,MAGNETIC SWITCH,SW-5-1/G/2E,1,FUJI,UL 18kA with EW125JAGU,#65,151-E8810:601-0,UH1650 DIE CASTING MACHINE,45072
 POWER PANEL,MS324,COIL:DC24V,0.36~0.54A 0.15~0.24A,1,FUJI,UL 18kA with EW125JAGU,#65,151-E8810:601-0,UH1650 DIE CASTING MACHINE,45072
 POWER PANEL,MS324,COVER,SZ-T4,1,FUJI,UL 18kA with EW125JAGU,#65,151-E8810:601-0,UH1650 DIE CASTING MACHINE,45072
 POWER PANEL,MS324,COVER,SZ-T13,1,FUJI,UL 18kA with EW125JAGU,#65,151-E8810:601-0,UH1650 DIE CASTING MACHINE,45072
 POWER PANEL,MS324,SURGE ABS. UNIT,SZ-Z1,1,FUJI,UL 18kA with EW125JAGU,#65,151-E8810:601-0,UH1650 DIE CASTING MACHINE,45072
 POWER PANEL,MS349,MAGNETIC SWITCH,SW-5-1/G/2E,1,FUJI,UL 18kA with EW125JAGU,#66,151-E8810:601-0,UH1650 DIE CASTING MACHINE,45072
 POWER PANEL,MS349,COIL:DC24V,0.36~0.54A 0.15~0.24A,1,FUJI,UL 18kA with EW125JAGU,#66,151-E8810:601-0,UH1650 DIE CASTING MACHINE,45072
 POWER PANEL,MS349,COVER,SZ-T4,1,FUJI,UL 18kA with EW125JAGU,#66,151-E8810:601-0,UH1650 DIE CASTING MACHINE,45072
 POWER PANEL,MS349,COVER,SZ-T13,1,FUJI,UL 18kA with EW125JAGU,#66,151-E8810:601-0,UH1650 DIE CASTING MACHINE,45072
 POWER PANEL,MS349,SURGE ABS. UNIT,SZ-Z1,1,FUJI,UL 18kA with EW125JAGU,#66,151-E8810:601-0,UH1650 DIE CASTING MACHINE,45072
 POWER PANEL,MMS4 (THR4),MANUAL MOTOR STARTER,"BM3RHR-010 32AF, 3P, 6.3-10A",1,FUJI,UL 100kA,67,151-E8810:601-0,UH1650 DIE CASTING MACHINE,45072
 POWER PANEL,MMS4 (THR4),ALARM CONTACTS,BZOKIB,1,FUJI,UL 100kA,67,151-E8810:601-0,UH1650 DIE CASTING MACHINE,45072
 POWER PANEL,MMS4 (THR4),AUX. & ALARM CONTACTS,"BZOWKUAB 1a(AUX.), 1b(ALARM)",1,FUJI,UL 100kA,67,151-E8810:601-0,UH1650 DIE CASTING MACHINE,45072
 POWER PANEL,MMS4 (THR4),LONG COVER,BZORTCRE,1,FUJI,UL 100kA,67,151-E8810:601-0,UH1650 DIE CASTING MACHINE,45072
 POWER PANEL,MMS4 (THR4),CONNECTION MODULE,BZOLRK12AA,1,FUJI,UL 100kA,67,151-E8810:601-0,UH1650 DIE CASTING MACHINE,45072
 POWER PANEL,MC4,MAGNETIC CONTACTOR,"SK12A-H01 AC110V, 1b",1,FUJI,UL 25kA,68,151-E8810:601-0,UH1650 DIE CASTING MACHINE,45072
 POWER PANEL,MC4,SURGE ABS. UNIT,SZ1KZ5,1,FUJI,UL 25kA,68,151-E8810:601-0,UH1650 DIE CASTING MACHINE,45072
 POWER PANEL,MMS7 (THR7),MANUAL MOTOR STARTER,"BM3RHR-P63 32AF, 3P, 0.4-0.63A",1,FUJI,UL 100kA,69,151-E8810:601-0,UH1650 DIE CASTING MACHINE,45072
 POWER PANEL,MMS7 (THR7),ALARM CONTACTS,BZOKIB,1,FUJI,UL 100kA,69,151-E8810:601-0,UH1650 DIE CASTING MACHINE,45072
 POWER PANEL,MMS7 (THR7),AUX. & ALARM CONTACTS,"BZOWKUAB 1a(AUX.), 1b(ALARM)",1,FUJI,UL 100kA,69,151-E8810:601-0,UH1650 DIE CASTING MACHINE,45072
 POWER PANEL,MMS7 (THR7),LONG COVER,BZORTCRE,1,FUJI,UL 100kA,69,151-E8810:601-0,UH1650 DIE CASTING MACHINE,45072
 POWER PANEL,MMS7 (THR7),CONNECTION MODULE,BZOLRK12AA,1,FUJI,UL 100kA,69,151-E8810:601-0,UH1650 DIE CASTING MACHINE,45072
 POWER PANEL,MMS7 (THR7),REVERSIBLE KIT,SZ1KRW1M,1,FUJI,UL 100kA,69,151-E8810:601-0,UH1650 DIE CASTING MACHINE,45072
 POWER PANEL,MMS7 (THR7),INTERLOCK UNIT,SZ1KRM,1,FUJI,UL 100kA,69,151-E8810:601-0,UH1650 DIE CASTING MACHINE,45072
 POWER PANEL,MC7F,MAGNETIC CONTACTOR,"SK06A-H01 AC110V, 1b",1,FUJI,UL 65kA,70,151-E8810:601-0,UH1650 DIE CASTING MACHINE,45072
 POWER PANEL,MC7F,SURGE ABS. UNIT,SZ1KZ5,1,FUJI,UL 65kA,70,151-E8810:601-0,UH1650 DIE CASTING MACHINE,45072
 POWER PANEL,MC7R,MAGNETIC CONTACTOR,"SK06A-H01 AC110V, 1b",1,FUJI,UL 65kA,70,151-E8810:601-0,UH1650 DIE CASTING MACHINE,45072
 POWER PANEL,MC7R,SURGE ABS. UNIT,SZ1KZ5,1,FUJI,UL 65kA,70,151-E8810:601-0,UH1650 DIE CASTING MACHINE,45072
 POWER PANEL,MS90,MAGNETIC SWITCH,SW-03,1,FUJI,UL 10kA,71,151-E8810:601-0,UH1650 DIE CASTING MACHINE,45072
 POWER PANEL,MS90,"COIL:AC100-120V, 60HZ",0.8~1.2A,1,FUJI,UL 10kA,71,151-E8810:601-0,UH1650 DIE CASTING MACHINE,45072
 POWER PANEL,MS90,COVER,SZ-T1,1,FUJI,UL 10kA,71,151-E8810:601-0,UH1650 DIE CASTING MACHINE,45072
 POWER PANEL,MS90,COVER,SZ-T12,1,FUJI,UL 10kA,71,151-E8810:601-0,UH1650 DIE CASTING MACHINE,45072
 POWER PANEL,MS90,SURGE ABS. UNIT,SZ-Z5,1,FUJI,UL 10kA,71,151-E8810:601-0,UH1650 DIE CASTING MACHINE,45072
 POWER PANEL,MS91,MAGNETIC SWITCH,SW-03,1,FUJI,UL 10kA,72,151-E8810:601-0,UH1650 DIE CASTING MACHINE,45072
 POWER PANEL,MS91,"COIL:AC100-120V, 60HZ",0.8~1.2A,1,FUJI,UL 10kA,72,151-E8810:601-0,UH1650 DIE CASTING MACHINE,45072
 POWER PANEL,MS91,COVER,SZ-T1,1,FUJI,UL 10kA,72,151-E8810:601-0,UH1650 DIE CASTING MACHINE,45072
 POWER PANEL,MS91,COVER,SZ-T12,1,FUJI,UL 10kA,72,151-E8810:601-0,UH1650 DIE CASTING MACHINE,45072
 POWER PANEL,MS91,SURGE ABS. UNIT,SZ-Z5,1,FUJI,UL 10kA,72,151-E8810:601-0,UH1650 DIE CASTING MACHINE,45072
 POWER PANEL,MS92,MAGNETIC SWITCH,SW-03,1,FUJI,UL 10kA,73,151-E8810:601-0,UH1650 DIE CASTING MACHINE,45072
 POWER PANEL,MS92,"COIL:AC100-120V, 60HZ",0.8~1.2A,1,FUJI,UL 10kA,73,151-E8810:601-0,UH1650 DIE CASTING MACHINE,45072
 POWER PANEL,MS92,COVER,SZ-T1,1,FUJI,UL 10kA,73,151-E8810:601-0,UH1650 DIE CASTING MACHINE,45072
 POWER PANEL,MS92,COVER,SZ-T12,1,FUJI,UL 10kA,73,151-E8810:601-0,UH1650 DIE CASTING MACHINE,45072
 POWER PANEL,MS92,SURGE ABS. UNIT,SZ-Z5,1,FUJI,UL 10kA,73,151-E8810:601-0,UH1650 DIE CASTING MACHINE,45072
 POWER PANEL,MC347,MAGNETIC CONTACTOR,SC-N8 COIL:DC24V,1,FUJI,UL,74,151-E8810:601-0,UH1650 DIE CASTING MACHINE,45072
 POWER PANEL,MC347,COVER,SZ-N8T,2,FUJI,UL,74,151-E8810:601-0,UH1650 DIE CASTING MACHINE,45072
 POWER PANEL,MC348,MAGNETIC CONTACTOR,SC-N8 COIL:DC24V,1,FUJI,UL,74,151-E8810:601-0,UH1650 DIE CASTING MACHINE,45072
 POWER PANEL,MC348,COVER,SZ-N8T,2,FUJI,UL,74,151-E8810:601-0,UH1650 DIE CASTING MACHINE,45072
 POWER PANEL,MC1,MAGNETIC CONTACTOR,SC-N10 COIL: AC480V,1,FUJI,UL 50kA with EW250RAGU,75,151-E8810:601-0,UH1650 DIE CASTING MACHINE,45072
 POWER PANEL,MC1,COVER,SZ-N8T,2,FUJI,UL 50kA with EW250RAGU,75,151-E8810:601-0,UH1650 DIE CASTING MACHINE,45072
 POWER PANEL,MC34A,MAGNETIC CONTACTOR,SC-N1/G 2a2b COIL:DC24V,1,FUJI,UL 25kA with EW125JAGU,76,151-E8810:601-0,UH1650 DIE CASTING MACHINE,45072
 POWER PANEL,MC34A,COVER,SZ-T22,1,FUJI,UL 25kA with EW125JAGU,76,151-E8810:601-0,UH1650 DIE CASTING MACHINE,45072
 POWER PANEL,MC34A,SURGE ABS. UNIT,SZ-Z31,1,FUJI,UL 25kA with EW125JAGU,76,151-E8810:601-0,UH1650 DIE CASTING MACHINE,45072
 POWER PANEL,MC110,MAGNETIC CONTACTOR,"SC-5-1, 1a1b",2,FUJI,UL,77,151-E8810:601-0,UH1650 DIE CASTING MACHINE,45072
 POWER PANEL,MC110A,"COIL:AC100-120V, 60HZ",,2,FUJI,UL,77,151-E8810:601-0,UH1650 DIE CASTING MACHINE,45072
 POWER PANEL,MC110,COVER,SZ-T4,2,FUJI,UL,77,151-E8810:601-0,UH1650 DIE CASTING MACHINE,45072
 POWER PANEL,MC110,SURGE ABS. UNIT,SZ-Z2,2,FUJI,UL,77,151-E8810:601-0,UH1650 DIE CASTING MACHINE,45072
 POWER PANEL,MC310,MAGNETIC CONTACTOR,SC-5-1/G 1a1b,4,FUJI,UL,78,151-E8810:601-0,UH1650 DIE CASTING MACHINE,45072
 POWER PANEL,MC311,MAGNETIC CONTACTOR,SC-5-1/G 1a1b,1,FUJI,UL,78,151-E8810:601-0,UH1650 DIE CASTING MACHINE,45072
 POWER PANEL,MC321,MAGNETIC CONTACTOR,SC-5-1/G 1a1b,1,FUJI,UL,78,151-E8810:601-0,UH1650 DIE CASTING MACHINE,45072
 POWER PANEL,MC322,MAGNETIC CONTACTOR,SC-5-1/G 1a1b,1,FUJI,UL,78,151-E8810:601-0,UH1650 DIE CASTING MACHINE,45072
 POWER PANEL,MC323,MAGNETIC CONTACTOR,SC-5-1/G 1a1b,1,FUJI,UL,78,151-E8810:601-0,UH1650 DIE CASTING MACHINE,45072
 POWER PANEL,MC311,COIL:DC24V,,5,FUJI,UL,78,151-E8810:601-0,UH1650 DIE CASTING MACHINE,45072
 POWER PANEL,MC311,COVER,SZ-T4,5,FUJI,UL,78,151-E8810:601-0,UH1650 DIE CASTING MACHINE,45072
 POWER PANEL,MC311,SURGE ABS. UNIT,SZ-Z1,5,FUJI,UL,78,151-E8810:601-0,UH1650 DIE CASTING MACHINE,45072
 POWER PANEL,MC320,MAGNETIC CONTACTOR,SC-5-1/G 1a1b,1,FUJI,UL,79,151-E8810:601-0,UH1650 DIE CASTING MACHINE,45072
 POWER PANEL,MC320,COIL:DC24V,,1,FUJI,UL,79,151-E8810:601-0,UH1650 DIE CASTING MACHINE,45072
 POWER PANEL,MC320,COVER,SZ-T4,1,FUJI,UL,79,151-E8810:601-0,UH1650 DIE CASTING MACHINE,45072
 POWER PANEL,MC320,SURGE ABS. UNIT,SZ-Z1,1,FUJI,UL,79,151-E8810:601-0,UH1650 DIE CASTING MACHINE,45072
 POWER PANEL,MC320,AUX. CONTACTS,SZ-A40,1,FUJI,UL,79,151-E8810:601-0,UH1650 DIE CASTING MACHINE,45072
 POWER PANEL,MC320,COVER,SZ-T5,1,FUJI,UL,79,151-E8810:601-0,UH1650 DIE CASTING MACHINE,45072
 POWER PANEL,MC120,MAGNETIC CONTACTOR,LC1D186F7,2,FUJI,UL 5kA,81,151-E8810:601-0,UH1650 DIE CASTING MACHINE,45072
 POWER PANEL,MC121,"COIL:AC110V, 1a1b",,2,FUJI,UL 5kA,81,151-E8810:601-0,UH1650 DIE CASTING MACHINE,45072
 POWER PANEL,MC341,MAGNETIC CONTACTOR,LC1D186BL,6,FUJI,UL 5kA,82,151-E8810:601-0,UH1650 DIE CASTING MACHINE,45072
 POWER PANEL,MC342,MAGNETIC CONTACTOR,LC1D186BL,1,FUJI,UL 5kA,82,151-E8810:601-0,UH1650 DIE CASTING MACHINE,45072
 POWER PANEL,MC343,MAGNETIC CONTACTOR,LC1D186BL,1,FUJI,UL 5kA,82,151-E8810:601-0,UH1650 DIE CASTING MACHINE,45072
 POWER PANEL,MC344,MAGNETIC CONTACTOR,LC1D186BL,1,FUJI,UL 5kA,82,151-E8810:601-0,UH1650 DIE CASTING MACHINE,45072
 POWER PANEL,MC345,MAGNETIC CONTACTOR,LC1D186BL,1,FUJI,UL 5kA,82,151-E8810:601-0,UH1650 DIE CASTING MACHINE,45072
 POWER PANEL,MC346,MAGNETIC CONTACTOR,LC1D186BL,1,FUJI,UL 5kA,82,151-E8810:601-0,UH1650 DIE CASTING MACHINE,45072
 POWER PANEL,MC341,"COIL:DC24V, 1a1b",,6,FUJI,UL 5kA,82,151-E8810:601-0,UH1650 DIE CASTING MACHINE,45072
 POWER PANEL,MC340,MAGNETIC CONTACTOR,LC1D186BL,2,FUJI,UL 5kA,83,151-E8810:601-0,UH1650 DIE CASTING MACHINE,45072
 POWER PANEL,MC340A,"COIL:DC24V, lalb",,2,FUJI,UL 5kA,83,151-E8810:601-0,UH1650 DIE CASTING MACHINE,45072
 POWER PANEL,MC340,AUX. CONTACTS,"LADN116, 1a1b",2,FUJI,UL 5kA,83,151-E8810:601-0,UH1650 DIE CASTING MACHINE,45072
 POWER PANEL,MC340B,MAGNETIC CONTACTOR,LC1D186BL,2,FUJI,UL 5kA,84,151-E8810:601-0,UH1650 DIE CASTING MACHINE,45072
 POWER PANEL,MC340C,"COIL:DC24V, 1a1b",,2,FUJI,UL 5kA,84,151-E8810:601-0,UH1650 DIE CASTING MACHINE,45072
 POWER PANEL,MCDDVM,MAGNETIC CONTACTOR,LC1D326BL,2,FUJI,UL 5kA,85,151-E8810:601-0,UH1650 DIE CASTING MACHINE,45072
 POWER PANEL,MCDDV,"COIL:DC24V, 1a1b",,2,FUJI,UL 5kA,85,151-E8810:601-0,UH1650 DIE CASTING MACHINE,45072
 POWER PANEL,MCICVM,MAGNETIC CONTACTOR,LC1D186BL,2,FUJI,UL 5kA,86,151-E8810:601-0,UH1650 DIE CASTING MACHINE,45072
 POWER PANEL,MCICV,"COIL:DC24V, 1a1b",,2,FUJI,UL 5kA,86,151-E8810:601-0,UH1650 DIE CASTING MACHINE,45072
 POWER PANEL,MC1027,MAGNETIC CONTACTOR,LP4 K0610BW3,3,FUJI,UL 5kA,87,151-E8810:601-0,UH1650 DIE CASTING MACHINE,45072
 POWER PANEL,MC102F,DC24V,,3,FUJI,UL 5kA,87,151-E8810:601-0,UH1650 DIE CASTING MACHINE,45072
 POWER PANEL,MC1038,,,3,FUJI,UL 5kA,87,151-E8810:601-0,UH1650 DIE CASTING MACHINE,45072
 POWER PANEL,THR8,THERMAL RELAY,TK-5-1NH/2E,1,FUJI,UL,89,151-E8810:601-0,UH1650 DIE CASTING MACHINE,45072
 POWER PANEL,THR8,7~11A,,1,FUJI,UL,89,151-E8810:601-0,UH1650 DIE CASTING MACHINE,45072
 POWER PANEL,THR8,COVER,SZ-T11,1,FUJI,UL,89,151-E8810:601-0,UH1650 DIE CASTING MACHINE,45072
 POWER PANEL,THR8,COVER,SZ-T13,1,FUJI,UL,89,151-E8810:601-0,UH1650 DIE CASTING MACHINE,45072
 POWER PANEL,THR9,THERMAL RELAY,TK-ONH/2E,1,FUJI,UL,90,151-E8810:601-0,UH1650 DIE CASTING MACHINE,45072
 POWER PANEL,THR9,1.7~2.6A,,1,FUJI,UL,90,151-E8810:601-0,UH1650 DIE CASTING MACHINE,45072
 POWER PANEL,THR9,COVER,SZ-T10,1,FUJI,UL,90,151-E8810:601-0,UH1650 DIE CASTING MACHINE,45072
 POWER PANEL,THR9,COVER,SZ-T12,1,FUJI,UL,90,151-E8810:601-0,UH1650 DIE CASTING MACHINE,45072
 POWER PANEL,THR10,THERMAL RELAY,TK-ONH/2E,1,FUJI,UL,91,151-E8810:601-0,UH1650 DIE CASTING MACHINE,45072
 POWER PANEL,THR10,7~11A,,1,FUJI,UL,91,151-E8810:601-0,UH1650 DIE CASTING MACHINE,45072
 POWER PANEL,THR10,COVER,SZ-T10,1,FUJI,UL,91,151-E8810:601-0,UH1650 DIE CASTING MACHINE,45072
 POWER PANEL,THR10,COVER,SZ-T12,1,FUJI,UL,91,151-E8810:601-0,UH1650 DIE CASTING MACHINE,45072
 POWER PANEL,T50,3 PHASE TRANSFORMER,"30, 7.5kVA",1,NUNOME,UL 図番:H4-50936,93,151-E8810:601-0,UH1650 DIE CASTING MACHINE,45072
 POWER PANEL,T50,"AC500, 480, 460/220, 200V",,1,NUNOME,UL 図番:H4-50936,93,151-E8810:601-0,UH1650 DIE CASTING MACHINE,45072
 POWER PANEL,T50,WITH SHIELD,,1,NUNOME,UL 図番:H4-50936,93,151-E8810:601-0,UH1650 DIE CASTING MACHINE,45072
 POWER PANEL,T51,3 PHASE TRANSFORMER,"30, 10kVA",2,NUNOME,UL 図番:H4-35713-1,94,151-E8810:601-0,UH1650 DIE CASTING MACHINE,45072
 POWER PANEL,T52,3 PHASE TRANSFORMER,"30, 10kVA",2,NUNOME,UL 図番:H4-35713-1,94,151-E8810:601-0,UH1650 DIE CASTING MACHINE,45072
 POWER PANEL,T51,"AC500, 480, 460/220, 200V",,2,NUNOME,UL 図番:H4-35713-1,94,151-E8810:601-0,UH1650 DIE CASTING MACHINE,45072
 POWER PANEL,T51,WITH SHIELD,,2,NUNOME,UL 図番:H4-35713-1,94,151-E8810:601-0,UH1650 DIE CASTING MACHINE,45072
 POWER PANEL,T110,SINGLE PHASE TRANSFORMER,"16, AC500, 480, 460",1,NUNOME,UL 図番:H4-50937,95,151-E8810:601-0,UH1650 DIE CASTING MACHINE,45072
 POWER PANEL,T110,"/115V (1kVA), 100V (0.5kVA)",,1,NUNOME,UL 図番:H4-50937,95,151-E8810:601-0,UH1650 DIE CASTING MACHINE,45072
 POWER PANEL,T110,WITH SHIELD,,1,NUNOME,UL 図番:H4-50937,95,151-E8810:601-0,UH1650 DIE CASTING MACHINE,45072
 POWER PANEL,T130,SINGLE PHASE TRANSFORMER,"16, 3kVA AC500, 480, 460/115V WITH SHIELD",1,NUNOME,RU,96,151-E8810:601-0,UH1650 DIE CASTING MACHINE,45072
 POWER PANEL,T140,SINGLE PHASE TRANSFORMER,"16, 2kVA AC500, 480, 460/115V WITH SHIELD",1,NUNOME,RU,97,151-E8810:601-0,UH1650 DIE CASTING MACHINE,45072
 POWER PANEL,T150,SINGLE PHASE TRANSFORMER,"16, 2kVA AC500, 480, 460/200V WITH SHIELD",1,NUNOME,RU,98,151-E8810:601-0,UH1650 DIE CASTING MACHINE,45072
 POWER PANEL,T151,SINGLE PHASE TRANSFORMER,"16, 2kVA AC500, 480, 460/110, 100V WITH SHIELD",1,NUNOME,UL,99,151-E8810:601-0,UH1650 DIE CASTING MACHINE,45072
 POWER PANEL,T160,SINGLE PHASE TRANSFORMER,"16, AC500, 480, 460 /115V (1.5kVA), 100V (0.5kVA) WITH SHIELD",1,NUNOME,UL,100,151-E8810:601-0,UH1650 DIE CASTING MACHINE,45072
 POWER PANEL,T450,SINGLE PHASE TRANSFORMER,"2kVA, 1 180, 200, 220/90, 100, 110VAC WITH SHIELD",1,NUNOME,UL,101,151-E8810:601-0,UH1650 DIE CASTING MACHINE,45072
 POWER PANEL,CT10,CT,"CC3L2-4005 400A/5A, 15VA",1,FUJI,UL,103,151-E8810:601-0,UH1650 DIE CASTING MACHINE,45072
 POWER PANEL,CT11,CT,"CC3L2-4005 400A/5A, 15VA",1,FUJI,UL,103,151-E8810:601-0,UH1650 DIE CASTING MACHINE,45072
 POWER PANEL,CT10,TERMINAL CAP,SB-4064-23,2,FUJI,UL,103,151-E8810:601-0,UH1650 DIE CASTING MACHINE,45072
 POWER PANEL,CT11,TERMINAL CAP,SB-4064-23,2,FUJI,UL,103,151-E8810:601-0,UH1650 DIE CASTING MACHINE,45072
 POWER PANEL,CT50,CT,"CC3L1-0605 60A/5A, 5VA",1,FUJI,UL,104,151-E8810:601-0,UH1650 DIE CASTING MACHINE,45072
 POWER PANEL,CT50,TERMINAL CAP,SB-4064-23,2,FUJI,UL,104,151-E8810:601-0,UH1650 DIE CASTING MACHINE,45072
 POWER PANEL,WHM10,POWER MONITOR,PR300-32333-6R-0,1,YOKOGAWA,UL61010,105,151-E8810:601-0,UH1650 DIE CASTING MACHINE,45072
 POWER PANEL,A50,AC AMMETER,LS-110NAA 30/5A 0-30-90A WITH COVER CT: 5A,1,MITSUBISHI,,106,151-E8810:601-0,UH1650 DIE CASTING MACHINE,45072
 POWER PANEL,ELR110,EARTH LEAKAGE DETECTOR,"NV-ZBA, 16, 1W AC115V 200/500mA",1,MITSUBISHI,,108,151-E8810:601-0,UH1650 DIE CASTING MACHINE,45072
 POWER PANEL,ZCT110,ZERO PHASE SEQUENCE CURRENT TRANSFORMER,ZT15B,1,MITSUBISHI,,109,151-E8810:601-0,UH1650 DIE CASTING MACHINE,45072
 POWER PANEL,ELR132,EARTH LEAKAGE DETECTOR,"NV-ZBA, 16, 1W AC115V, 60HZ 200/500mA",1,MITSUBISHI,,110,151-E8810:601-0,UH1650 DIE CASTING MACHINE,45072
 POWER PANEL,ELR133,EARTH LEAKAGE DETECTOR,"NV-ZBA, 16, 1W AC115V, 60HZ 200/500mA",1,MITSUBISHI,,110,151-E8810:601-0,UH1650 DIE CASTING MACHINE,45072
 POWER PANEL,ZCT132,ZERO PHASE SEQUENCE CURRENT TRANSFORMER,ZT15B,1,MITSUBISHI,,111,151-E8810:601-0,UH1650 DIE CASTING MACHINE,45072
 POWER PANEL,ZCT133,ZERO PHASE SEQUENCE CURRENT TRANSFORMER,ZT15B,1,MITSUBISHI,,111,151-E8810:601-0,UH1650 DIE CASTING MACHINE,45072
 POWER PANEL,ELR160,EARTH LEAKAGE DETECTOR,"NV-ZBA, 16, 1W AC100V 200/500mA",1,MITSUBISHI,,112,151-E8810:601-0,UH1650 DIE CASTING MACHINE,45072
 POWER PANEL,ZCT160,ZERO PHASE SEQUENCE CURRENT TRANSFORMER,ZT15B,1,MITSUBISHI,,113,151-E8810:601-0,UH1650 DIE CASTING MACHINE,45072
 POWER PANEL,REC130,DC POWER SUPPLY,S8VM-30024C DC24V/14A,1,OMRON,UL,115,151-E8810:601-0,UH1650 DIE CASTING MACHINE,45072
 POWER PANEL,REC140,DC POWER SUPPLY,S8VM-30024C DC24V/14A,1,OMRON,UL,116,151-E8810:601-0,UH1650 DIE CASTING MACHINE,45072
 POWER PANEL,REC145,DC POWER SUPPLY,S8VM-30024C DC24V/14A,1,OMRON,UL,116,151-E8810:601-0,UH1650 DIE CASTING MACHINE,45072
 POWER PANEL,REC141,DC POWER SUPPLY,S8VM-600240 DC24V/27A,1,OMRON,UL,117,151-E8810:601-0,UH1650 DIE CASTING MACHINE,45072
 POWER PANEL,REC142,DC POWER SUPPLY,S8VM-03024CD DC24V/1.3A,1,OMRON,UL,118,151-E8810:601-0,UH1650 DIE CASTING MACHINE,45072
 POWER PANEL,REC143,DC POWER SUPPLY,S8VM-01505CD DC5V/3A,1,OMRON,UL,119,151-E8810:601-0,UH1650 DIE CASTING MACHINE,45072
 POWER PANEL,REC144,DC POWER SUPPLY,S8VM-15024CD DC24V/6.5A,1,OMRON,UL,120,151-E8810:601-0,UH1650 DIE CASTING MACHINE,45072
 OPERATION PANEL,COMBINATION LIGHT,COMBINATION LIGHT,AP30F-0311 L3&E3-S,1,FUJI,RU,1,151-E8810:601-0,UH1650 DIE CASTING MACHINE,45072
 OPERATION PANEL,PL117,,AC115V (R),1,FUJI,RU,1,151-E8810:601-0,UH1650 DIE CASTING MACHINE,45072
 OPERATION PANEL,PL180,,DC24V (R),1,FUJI,RU,1,151-E8810:601-0,UH1650 DIE CASTING MACHINE,45072
 OPERATION PANEL,PL190,,DC24V (R),1,FUJI,RU,1,151-E8810:601-0,UH1650 DIE CASTING MACHINE,45072
 OPERATION PANEL,PL170,,DC24V (W),1,FUJI,RU,1,151-E8810:601-0,UH1650 DIE CASTING MACHINE,45072
 OPERATION PANEL,PL353,,DC24V (R),1,FUJI,RU,1,151-E8810:601-0,UH1650 DIE CASTING MACHINE,45072
 OPERATION PANEL,PL356,,DC24V (R),1,FUJI,RU,1,151-E8810:601-0,UH1650 DIE CASTING MACHINE,45072
 OPERATION PANEL,PL154D,,DC24V (G),2,FUJI,RU,1,151-E8810:601-0,UH1650 DIE CASTING MACHINE,45072
 OPERATION PANEL,PL154E,,DC24V (G),2,FUJI,RU,1,151-E8810:601-0,UH1650 DIE CASTING MACHINE,45072
 OPERATION PANEL,PL154F,,DC24V (R),1,FUJI,RU,1,151-E8810:601-0,UH1650 DIE CASTING MACHINE,45072
 OPERATION PANEL,PL1550,,DC24V (G),2,FUJI,RU,1,151-E8810:601-0,UH1650 DIE CASTING MACHINE,45072
 OPERATION PANEL,PL1551,,DC24V (G),2,FUJI,RU,1,151-E8810:601-0,UH1650 DIE CASTING MACHINE,45072
 OPERATION PANEL,PL1552,,DC24V (R),1,FUJI,RU,1,151-E8810:601-0,UH1650 DIE CASTING MACHINE,45072
 OPERATION PANEL,PL1553,,DC24V (G),2,FUJI,RU,1,151-E8810:601-0,UH1650 DIE CASTING MACHINE,45072
 OPERATION PANEL,PL1554,,DC24V (G),2,FUJI,RU,1,151-E8810:601-0,UH1650 DIE CASTING MACHINE,45072
 OPERATION PANEL,PL1555,,DC24V (R),2,FUJI,RU,1,151-E8810:601-0,UH1650 DIE CASTING MACHINE,45072
 OPERATION PANEL,PL1556,,DC24V (R),2,FUJI,RU,1,151-E8810:601-0,UH1650 DIE CASTING MACHINE,45072
 OPERATION PANEL,PL1558,,DC24V (R),3,FUJI,RU,1,151-E8810:601-0,UH1650 DIE CASTING MACHINE,45072
 OPERATION PANEL,PL155A,,DC24V (R),3,FUJI,RU,1,151-E8810:601-0,UH1650 DIE CASTING MACHINE,45072
 OPERATION PANEL,PL155B,,DC24V (G),1,FUJI,RU,1,151-E8810:601-0,UH1650 DIE CASTING MACHINE,45072
 OPERATION PANEL,PL155C,,DC24V (W),1,FUJI,RU,1,151-E8810:601-0,UH1650 DIE CASTING MACHINE,45072
 OPERATION PANEL,PL155D,,DC24V (G),3,FUJI,RU,1,151-E8810:601-0,UH1650 DIE CASTING MACHINE,45072
 OPERATION PANEL,PL155F,,DC24V (G),3,FUJI,RU,1,151-E8810:601-0,UH1650 DIE CASTING MACHINE,45072
 OPERATION PANEL,PL1560,,DC24V (0),6,FUJI,RU,1,151-E8810:601-0,UH1650 DIE CASTING MACHINE,45072
 OPERATION PANEL,PL1565,,DC24V (0),6,FUJI,RU,1,151-E8810:601-0,UH1650 DIE CASTING MACHINE,45072
 OPERATION PANEL,PL1582,,DC24V (G),2,FUJI,RU,1,151-E8810:601-0,UH1650 DIE CASTING MACHINE,45072
 OPERATION PANEL,PL1583,,DC24V (G),2,FUJI,RU,1,151-E8810:601-0,UH1650 DIE CASTING MACHINE,45072
 OPERATION PANEL,PL1584,,DC24V (R),1,FUJI,RU,1,151-E8810:601-0,UH1650 DIE CASTING MACHINE,45072
 OPERATION PANEL,DS126,DOOR SWITCH,Z-15GW2-B,1,OMRON,RU,2,151-E8810:601-0,UH1650 DIE CASTING MACHINE,45072
 OPERATION PANEL,DS126,COVER,AP-B,,OMRON,RU,2,151-E8810:601-0,UH1650 DIE CASTING MACHINE,45072
 OPERATION PANEL,CP151,CIRCUIT PROTECTOR,"60103 (Multi9 C60 UL489) 1P, AC2A, C CURVE",1,FUJI,UL489 5kA,3,151-E8810:601-0,UH1650 DIE CASTING MACHINE,45072
 OPERATION PANEL,CP151,COVER,ULM9T-COV,,FUJI,UL489 5kA,3,151-E8810:601-0,UH1650 DIE CASTING MACHINE,45072
 OPERATION PANEL,PC151,HEAT EXCHANGER,OC-15S-A200,1,OHM ELECTRIC,RU,4,151-E8810:601-0,UH1650 DIE CASTING MACHINE,45072
 OPERATION PANEL,CON161,OUTLET,7110GD-IV,1,American,NEMA5-15,5,151-E8810:601-0,UH1650 DIE CASTING MACHINE,45072
 OPERATION PANEL,CON161,COVER,SLP-1000,,American,NEMA5-15,5,151-E8810:601-0,UH1650 DIE CASTING MACHINE,45072
 OPERATION PANEL,SP240,SAFETY PLUG,SPT-22-G-UL,1,DAIWA DENGYOH,UL,6,151-E8810:601-0,UH1650 DIE CASTING MACHINE,45072
 OPERATION PANEL,PBES190,EMERGENCY STOP PUSH BUTTON SWITCH,XN4E-BL412MRH Φ30,1,i dec,RU,7,151-E8810:601-0,UH1650 DIE CASTING MACHINE,45072
 OPERATION PANEL,PBES190,NAME PLATE,HNAV-27,,i dec,RU,7,151-E8810:601-0,UH1650 DIE CASTING MACHINE,45072
 OPERATION PANEL,KS170,KEY SWITCH,AR22JR-2A22B,1,FUJI,RU,8,151-E8810:601-0,UH1650 DIE CASTING MACHINE,45072
 OPERATION PANEL,PBL320,ILLUMINATED PUSH BUTTON SWITCH,AR22G1L-11E3G LAMP: DC24V GREEN,1,FUJI,RU,9,151-E8810:601-0,UH1650 DIE CASTING MACHINE,45072
 OPERATION PANEL,PB320,PUSH BUTTON SWITCH,AR22G3R-11R,1,FUJI,RU,10,151-E8810:601-0,UH1650 DIE CASTING MACHINE,45072
 OPERATION PANEL,SS480,SELECTOR SWITCH,AR22PR-211B,1,FUJI,RU,11,151-E8810:601-0,UH1650 DIE CASTING MACHINE,45072
 POWER PANEL,CR140,AUX. CONTROL RELAY COIL:DC24V,HH54P-FLDE,8,FUJI,RU,139,151-E8810:601-0,UH1650 DIE CASTING MACHINE,45072
 POWER PANEL,CR141,AUX. CONTROL RELAY COIL:DC24V,HH54P-FLDE,8,FUJI,RU,139,151-E8810:601-0,UH1650 DIE CASTING MACHINE,45072
 POWER PANEL,CR142,AUX. CONTROL RELAY COIL:DC24V,HH54P-FLDE,8,FUJI,RU,139,151-E8810:601-0,UH1650 DIE CASTING MACHINE,45072
 POWER PANEL,CR143,AUX. CONTROL RELAY COIL:DC24V,HH54P-FLDE,8,FUJI,RU,139,151-E8810:601-0,UH1650 DIE CASTING MACHINE,45072
 POWER PANEL,CR144,AUX. CONTROL RELAY COIL:DC24V,HH54P-FLDE,8,FUJI,RU,139,151-E8810:601-0,UH1650 DIE CASTING MACHINE,45072
 POWER PANEL,CR145,AUX. CONTROL RELAY COIL:DC24V,HH54P-FLDE,8,FUJI,RU,139,151-E8810:601-0,UH1650 DIE CASTING MACHINE,45072
 POWER PANEL,CR146,AUX. CONTROL RELAY COIL:DC24V,HH54P-FLDE,8,FUJI,RU,139,151-E8810:601-0,UH1650 DIE CASTING MACHINE,45072
 POWER PANEL,,SOCKET,TP514X2,8,FUJI,RU,139,151-E8810:601-0,UH1650 DIE CASTING MACHINE,45072
 POWER PANEL,,FINGER PROTECTOR,FX14X2,8,FUJI,RU,139,151-E8810:601-0,UH1650 DIE CASTING MACHINE,45072
 POWER PANEL,CR147*4,TERMINAL RELAY DC5V,RS4N-DY,1,FUJI,UL,140,151-E8810:601-0,UH1650 DIE CASTING MACHINE,45072
 POWER PANEL,,FINGER PROTECTOR,RZ4N,1,FUJI,UL,140,151-E8810:601-0,UH1650 DIE CASTING MACHINE,45072
 POWER PANEL,CR450,"AUX. CONTROL RELAY COIL:AC110-120V, 60HZ",HH54P-CRLAH,1,FUJI,RU,141,151-E8810:601-0,UH1650 DIE CASTING MACHINE,45072
 POWER PANEL,,SOCKET,TP514X2,1,FUJI,RU,141,151-E8810:601-0,UH1650 DIE CASTING MACHINE,45072
 POWER PANEL,,FINGER PROTECTOR,FX14X2,1,FUJI,RU,141,151-E8810:601-0,UH1650 DIE CASTING MACHINE,45072
 POWER PANEL,CR490,AUX. CONTROL RELAY COIL:DC24V,HH52PU-FLDE,4,FUJI,RU,142,151-E8810:601-0,UH1650 DIE CASTING MACHINE,45072
 POWER PANEL,CR491,AUX. CONTROL RELAY COIL:DC24V,HH52PU-FLDE,4,FUJI,RU,142,151-E8810:601-0,UH1650 DIE CASTING MACHINE,45072
 POWER PANEL,,SOCKET,TP58X2,4,FUJI,RU,142,151-E8810:601-0,UH1650 DIE CASTING MACHINE,45072
 POWER PANEL,,FINGER PROTECTOR,FX14X2,4,FUJI,RU,142,151-E8810:601-0,UH1650 DIE CASTING MACHINE,45072
 POWER PANEL,CR351,AUX. CONTROL RELAY COIL:DC24V,HH52PU-FLDE,2,FUJI,RU,143,151-E8810:601-0,UH1650 DIE CASTING MACHINE,45072
 POWER PANEL,CR52G,AUX. CONTROL RELAY COIL:DC24V,HH52PU-FLDE,2,FUJI,RU,143,151-E8810:601-0,UH1650 DIE CASTING MACHINE,45072
 POWER PANEL,CR52H,AUX. CONTROL RELAY COIL:DC24V,HH52PU-FLDE,2,FUJI,RU,143,151-E8810:601-0,UH1650 DIE CASTING MACHINE,45072
 POWER PANEL,,SOCKET,TP58X2,3,FUJI,RU,143,151-E8810:601-0,UH1650 DIE CASTING MACHINE,45072
 POWER PANEL,,FINGER PROTECTOR,FX14X2,3,FUJI,RU,143,151-E8810:601-0,UH1650 DIE CASTING MACHINE,45072
 POWER PANEL,CR740,AUX. CONTROL RELAY COIL:DC24V,HH52PU-FLDE,3,FUJI,RU,144,151-E8810:601-0,UH1650 DIE CASTING MACHINE,45072
 POWER PANEL,CR741,AUX. CONTROL RELAY COIL:DC24V,HH52PU-FLDE,3,FUJI,RU,144,151-E8810:601-0,UH1650 DIE CASTING MACHINE,45072
 POWER PANEL,CR742,AUX. CONTROL RELAY COIL:DC24V,HH52PU-FLDE,3,FUJI,RU,144,151-E8810:601-0,UH1650 DIE CASTING MACHINE,45072
 POWER PANEL,,SOCKET,TP58X2,5,FUJI,RU,144,151-E8810:601-0,UH1650 DIE CASTING MACHINE,45072
 POWER PANEL,,FINGER PROTECTOR,FX14X2,5,FUJI,RU,144,151-E8810:601-0,UH1650 DIE CASTING MACHINE,45072
 POWER PANEL,CR320,AUX. CONTROL RELAY COIL:DC24V,HH54P-FLDE,5,FUJI,RU,145,151-E8810:601-0,UH1650 DIE CASTING MACHINE,45072
 POWER PANEL,CR351A,AUX. CONTROL RELAY COIL:DC24V,HH54P-FLDE,5,FUJI,RU,145,151-E8810:601-0,UH1650 DIE CASTING MACHINE,45072
 POWER PANEL,CR74D,AUX. CONTROL RELAY COIL:DC24V,HH54P-FLDE,5,FUJI,RU,145,151-E8810:601-0,UH1650 DIE CASTING MACHINE,45072
 POWER PANEL,CR74E,AUX. CONTROL RELAY COIL:DC24V,HH54P-FLDE,5,FUJI,RU,145,151-E8810:601-0,UH1650 DIE CASTING MACHINE,45072
 POWER PANEL,CR74EA,AUX. CONTROL RELAY COIL:DC24V,HH54P-FLDE,5,FUJI,RU,145,151-E8810:601-0,UH1650 DIE CASTING MACHINE,45072
 POWER PANEL,CR74F,AUX. CONTROL RELAY COIL:DC24V,HH54P-FLDE,5,FUJI,RU,145,151-E8810:601-0,UH1650 DIE CASTING MACHINE,45072
 POWER PANEL,CR74FA,AUX. CONTROL RELAY COIL:DC24V,HH54P-FLDE,5,FUJI,RU,145,151-E8810:601-0,UH1650 DIE CASTING MACHINE,45072
 POWER PANEL,,SOCKET,TP514X2,7,FUJI,RU,145,151-E8810:601-0,UH1650 DIE CASTING MACHINE,45072
 POWER PANEL,,FINGER PROTECTOR,FX14X2,7,FUJI,RU,145,151-E8810:601-0,UH1650 DIE CASTING MACHINE,45072
 POWER PANEL,TR320,TIMER COIL:DC24V,MS4SA-CE,2,FUJI,RU,146,151-E8810:601-0,UH1650 DIE CASTING MACHINE,45072
 POWER PANEL,TR321,TIMER COIL:DC24V,MS4SA-CE,2,FUJI,RU,146,151-E8810:601-0,UH1650 DIE CASTING MACHINE,45072
 POWER PANEL,,SOCKET,TP48X,3,FUJI,RU,146,151-E8810:601-0,UH1650 DIE CASTING MACHINE,45072
 POWER PANEL,CNV1,CONVERTER,MR-J3-CV75KA4,1,MITSUBISHI,●,148,151-E8810:601-0,UH1650 DIE CASTING MACHINE,45072
 POWER PANEL,INV1,INVERTER,MR-J3-DU55KA4-S183,1,MITSUBISHI,●,149,151-E8810:601-0,UH1650 DIE CASTING MACHINE,45072
 POWER PANEL,PP20,CONECTION BAR,MR-DCBAR085-C03,2,MITSUBISHI,●,150,151-E8810:601-0,UH1650 DIE CASTING MACHINE,45072
 POWER PANEL,RTC20,DC REACTL,DH-AL-75K,1,MITSUBISHI,●,151,151-E8810:601-0,UH1650 DIE CASTING MACHINE,45072
 POWER PANEL,LNF20,LINE NOISE FILTER,FR-BLF,8,MITSUBISHI,●,152,151-E8810:601-0,UH1650 DIE CASTING MACHINE,45072
 POWER PANEL,LNF21,LINE NOISE FILTER,FR-BLF,8,MITSUBISHI,●,152,151-E8810:601-0,UH1650 DIE CASTING MACHINE,45072
 POWER PANEL,CAB20,CABLE (0.5m),MR-J3CDL05M,1,MITSUBISHI,●,153,151-E8810:601-0,UH1650 DIE CASTING MACHINE,45072
 POWER PANEL,CON20,CONNECTOR,MR-J3-TM,1,MITSUBISHI,●,154,151-E8810:601-0,UH1650 DIE CASTING MACHINE,45072
 POWER PANEL,CAB21,CONNECTOR CABLE,MR-J2M-CN1TBL1M,1,MITSUBISHI,●,155,151-E8810:601-0,UH1650 DIE CASTING MACHINE,45072
 POWER PANEL,TB30,CONNECTOR TERMINAL,MR-TB50,1,MITSUBISHI,●,156,151-E8810:601-0,UH1650 DIE CASTING MACHINE,45072
 POWER PANEL,CON22,CONNECTOR FOR CN6,MR-J3CN6CBL1M,1,MITSUBISHI,●,157,151-E8810:601-0,UH1650 DIE CASTING MACHINE,45072
 POWER PANEL,CON23,CONNECTOR FOR CN23A,HOUSING: DK-3200S-03R,1,DDK,,158,151-E8810:601-0,UH1650 DIE CASTING MACHINE,45072
 POWER PANEL,CON23,CONTACT,DK-3REC2LLP1-100,10,DDK,,158,151-E8810:601-0,UH1650 DIE CASTING MACHINE,45072
 POWER PANEL,CON24,CONNECTOR FOR CN23B,HOUSING: DK-3200S-03RY,1,DDK,,159,151-E8810:601-0,UH1650 DIE CASTING MACHINE,45072
 POWER PANEL,CON24,CONTACT,SAME AS CON23,,DDK,,159,151-E8810:601-0,UH1650 DIE CASTING MACHINE,45072
 POWER PANEL,CNV40,CONVERTER,MR-J3-CR55K4,1,MITSUBISHI,●,161,151-E8810:601-0,UH1650 DIE CASTING MACHINE,45072
 POWER PANEL,INV40,INVERTER,MR-J3-DU55KB4,1,MITSUBISHI,●,162,151-E8810:601-0,UH1650 DIE CASTING MACHINE,45072
 POWER PANEL,RTC40,REACTL,MR-DCL55K-4,1,MITSUBISHI,●,163,151-E8810:601-0,UH1650 DIE CASTING MACHINE,45072
 POWER PANEL,LNF40,LINE NOISE FILTER,FR-BLF,4,MITSUBISHI,●,164,151-E8810:601-0,UH1650 DIE CASTING MACHINE,45072
 POWER PANEL,LNF41,LINE NOISE FILTER,FR-BLF,4,MITSUBISHI,●,164,151-E8810:601-0,UH1650 DIE CASTING MACHINE,45072
 POWER PANEL,CAB40,CABLE (0.5m),MR-J3CDL05M,1,MITSUBISHI,●,165,151-E8810:601-0,UH1650 DIE CASTING MACHINE,45072
 POWER PANEL,CON40,CONNECTOR,MR-J3-TM,1,MITSUBISHI,●,166,151-E8810:601-0,UH1650 DIE CASTING MACHINE,45072
 POWER PANEL,CAB41,SSCNET CABLE,MR-J3BUS10M-A,1,MITSUBISHI,●,167,151-E8810:601-0,UH1650 DIE CASTING MACHINE,45072
 POWER PANEL,CON41,CONNECTOR FOR CN3,MR-CCN1,1,MITSUBISHI,●,168,151-E8810:601-0,UH1650 DIE CASTING MACHINE,45072
 POWER PANEL,BAT40,BATTERY,MR-J3BAT,1,MITSUBISHI,●,170,151-E8810:601-0,UH1650 DIE CASTING MACHINE,45072
 POWER PANEL,R40,REGISTER,MR-RB136-4,1,MITSUBISHI,●,171,151-E8810:601-0,UH1650 DIE CASTING MACHINE,45072
 POWER PANEL,DBU40,BREAK,DBU-55K-4,1,MITSUBISHI,●,172,151-E8810:601-0,UH1650 DIE CASTING MACHINE,45072
 POWER PANEL,INV70,INVERTER,FRN3.7G1S-2J,1,FUJI,UL ●,174,151-E8810:601-0,UH1650 DIE CASTING MACHINE,45072
 POWER PANEL,INV71,INVERTER,FRN0.4G1S-2J,1,FUJI,UL ●,175,151-E8810:601-0,UH1650 DIE CASTING MACHINE,45072
 POWER PANEL,INV80,INVERTER,FRN2.2G1S-2J,1,FUJI,UL ●,176,151-E8810:601-0,UH1650 DIE CASTING MACHINE,45072
 POWER PANEL,NF430,"NOISE FILTER 36, 30A",3SUPF-BE30-ER-6A,1,OKAYA,,178,151-E8810:601-0,UH1650 DIE CASTING MACHINE,45072
 POWER PANEL,AMP430,AC SERVO AMPLIFIER,QS1A15AA03G01T00,1,SANYO,,179,151-E8810:601-0,UH1650 DIE CASTING MACHINE,45072
 POWER PANEL,CN431,CONNECTOR FOR CN2,10120-3000PE,1,SUMITOMO,,180,151-E8810:601-0,UH1650 DIE CASTING MACHINE,45072
 POWER PANEL,CN431,COVER,10320-52A0-008,1,SUMITOMO,,180,151-E8810:601-0,UH1650 DIE CASTING MACHINE,45072
 POWER PANEL,CN442,CONNECTOR FOR CN1,10150-3000PE,1,SUMITOMO,,181,151-E8810:601-0,UH1650 DIE CASTING MACHINE,45072
 POWER PANEL,CN442,COVER,10350-52A0-008,1,SUMITOMO,,181,151-E8810:601-0,UH1650 DIE CASTING MACHINE,45072
 POWER PANEL,PS450,POWER UNIT,TS1PA1000,1,SANYO ELECTRIC,●,183,151-E8810:601-0,UH1650 DIE CASTING MACHINE,45072
 POWER PANEL,AMP450,SERVO AMP,TS1AA2AA,1,SANYO ELECTRIC,●,184,151-E8810:601-0,UH1650 DIE CASTING MACHINE,45072
 POWER PANEL,D450,BRAKE MODULE,BEM-2F-120L,1,MIKI PULLEY,,185,151-E8810:601-0,UH1650 DIE CASTING MACHINE,45072
 POWER PANEL,HUB490,SWITCHING HUB UNIT DC24V,IE-SW-BL05-5TX,1,Weidmuller,UL,187,151-E8810:601-0,UH1650 DIE CASTING MACHINE,45072
 CONTROL PANEL,AMP300,SAFETY RELAY TERMINAL,SL-R11E DC24V,1,KEYENCE,UL,236,151-E8810:601-0,UH1650 DIE CASTING MACHINE,45072
 CONTROL PANEL,SR300,SAFETY RELAY,G7SA-4A2B DC24V,2,OMRON,UL,237,151-E8810:601-0,UH1650 DIE CASTING MACHINE,45072
 CONTROL PANEL,SR301,SAFETY RELAY,G7SA-4A2B DC24V,2,OMRON,UL,237,151-E8810:601-0,UH1650 DIE CASTING MACHINE,45072
 CONTROL PANEL,,SOCKET,P7SA-14F-ND,2,OMRON,UL,237,151-E8810:601-0,UH1650 DIE CASTING MACHINE,45072
 CONTROL PANEL,RACK360,BASE UNIT,F3BU09-ON/D2,1,YOKOGAWA,UL,238,151-E8810:601-0,UH1650 DIE CASTING MACHINE,45072
 CONTROL PANEL,RACK360,POWER UNIT,F3PU30-0S,1,YOKOGAWA,UL,239,151-E8810:601-0,UH1650 DIE CASTING MACHINE,45072
 CONTROL PANEL,RACK360,CPU UNIT,F3RP61-2R/Z,1,UBE,UL (YOKOGAWA),240,151-E8810:601-0,UH1650 DIE CASTING MACHINE,45072
 CONTROL PANEL,RACK360,S-DDV/JUNKWare,(JUNK-RT),1,UBE,UL (YOKOGAWA),241,151-E8810:601-0,UH1650 DIE CASTING MACHINE,45072
 CONTROL PANEL,RACK360,INTERRUPT UNIT,YF31NT-U Rev. 2. 1,1,UBE,UL (YOKOGAWA),242,151-E8810:601-0,UH1650 DIE CASTING MACHINE,45072
 CONTROL PANEL,RACK360,DIO (32/32) UNIT,F3WD64-3P,1,YOKOGAWA,UL,243,151-E8810:601-0,UH1650 DIE CASTING MACHINE,45072
 CONTROL PANEL,RACK360,COUNTER (2ch) UNIT,F3XP02-0H,1,YOKOGAWA,UL,244,151-E8810:601-0,UH1650 DIE CASTING MACHINE,45072
 CONTROL PANEL,RACK360,DA (4ch) UNIT,F3DA04-6R,1,YOKOGAWA,UL,245,151-E8810:601-0,UH1650 DIE CASTING MACHINE,45072
 CONTROL PANEL,RACK360,AD (8ch) UNIT,F3AD08-5R,1,YOKOGAWA,UL,246,151-E8810:601-0,UH1650 DIE CASTING MACHINE,45072
 CONTROL PANEL,CN380,CONNECTOR,FCN-361J024-AU,1,INTERFACE,HS-DDV,247,151-E8810:601-0,UH1650 DIE CASTING MACHINE,45072
 CONTROL PANEL,,COVER,FCN-360C024-B,1,INTERFACE,HS-DDV,247,151-E8810:601-0,UH1650 DIE CASTING MACHINE,45072
 CONTROL PANEL,CN410,CONNECTOR,FCN-361J040-AU,3,INTERFACE,HS-DDV,248,151-E8810:601-0,UH1650 DIE CASTING MACHINE,45072
 CONTROL PANEL,,COVER,FCN-360C040-B,3,INTERFACE,HS-DDV,248,151-E8810:601-0,UH1650 DIE CASTING MACHINE,45072
 CONTROL PANEL,AMP390,SIGNAL CONVERTER,WSP-DEW36PP-DX CE,2,WATANABE,,249,151-E8810:601-0,UH1650 DIE CASTING MACHINE,45072
 CONTROL PANEL,AMP391,SIGNAL CONVERTER,WSP-DEW36PP-DX CE,2,WATANABE,,249,151-E8810:601-0,UH1650 DIE CASTING MACHINE,45072
 CONTROL PANEL,HUB370,SWITCHING HUB,IE-SW-BL05-5TX DC24V,1,Weidmuller,UL,251,151-E8810:601-0,UH1650 DIE CASTING MACHINE,45072
 CONTROL PANEL,CAB370,LAN CABLE,IE-C6FP8LB0020M40M40-B,2,Weidmuller,UL 1581 FT2,252,151-E8810:601-0,UH1650 DIE CASTING MACHINE,45072
 CONTROL PANEL,CAB371,LAN CABLE,IE-C6FP8LB0020M40M40-B,2,Weidmuller,UL 1581 FT2,252,151-E8810:601-0,UH1650 DIE CASTING MACHINE,45072
 CONTROL PANEL,CAB372,LAN CABLE,IE-C6FP8LD0300M40M40-D,1,Weidmuller,UL 1581 FT2,253,151-E8810:601-0,UH1650 DIE CASTING MACHINE,45072
 CONTROL PANEL,CAB373,LAN CABLE,IE-C6FP8LB0030M40M40-B,2,Weidmuller,UL 1581 FT2,254,151-E8810:601-0,UH1650 DIE CASTING MACHINE,45072
 CONTROL PANEL,CAB492,LAN CABLE,IE-C6FP8LB0030M40M40-B,2,Weidmuller,UL 1581 FT2,254,151-E8810:601-0,UH1650 DIE CASTING MACHINE,45072
 CONTROL PANEL,CON370,LAN RECEPTACLE,NR3160W WN9501 WN3900,1,Panasonic,,255,151-E8810:601-0,UH1650 DIE CASTING MACHINE,45072
 CONTROL PANEL,CAB580,DEVICE NET CABLE,DCA1-5C10,1,OMRON,,256,151-E8810:601-0,UH1650 DIE CASTING MACHINE,45072
 CONTROL PANEL,PLC1,POWER UNIT,CJ1W-PA205R,1,OMRON,UL,258,151-E8810:601-0,UH1650 DIE CASTING MACHINE,45072
 CONTROL PANEL,PLC1,CPU UNIT,CJ2M-CPU35,1,OMRON,UL,259,151-E8810:601-0,UH1650 DIE CASTING MACHINE,45072
 CONTROL PANEL,PLC1,I/O CONTOROL UNIT,CJ1W-IC101,1,OMRON,UL,260,151-E8810:601-0,UH1650 DIE CASTING MACHINE,45072
 CONTROL PANEL,PLC1,CABLE,CS1W-CN313 0.3m,1,OMRON,UL,261,151-E8810:601-0,UH1650 DIE CASTING MACHINE,45072
 CONTROL PANEL,PLC1,DC INPUT UNIT,CJ1W-ID211,1,OMRON,UL,262,151-E8810:601-0,UH1650 DIE CASTING MACHINE,45072
 CONTROL PANEL,PLC1,DC OUTPUT UNIT,CJ1W-OD211,1,OMRON,UL,263,151-E8810:601-0,UH1650 DIE CASTING MACHINE,45072
 CONTROL PANEL,DS124,DOOR SWITCH,Z-15GW2-B,1,OMRON,RU,201,151-E8810:601-0,UH1650 DIE CASTING MACHINE,45072
 CONTROL PANEL,DS125,DOOR SWITCH,Z-15GW2-B,1,OMRON,RU,201,151-E8810:601-0,UH1650 DIE CASTING MACHINE,45072
 CONTROL PANEL,,COVER,AP-B,2,OMRON,RU,201,151-E8810:601-0,UH1650 DIE CASTING MACHINE,45072
 CONTROL PANEL,CP940,CIRCUIT PROTECTOR,"60218 (Multi9 C60 UL489) 1P, AC1A, D CURVE",1,FUJI,UL489 10kA,202,151-E8810:601-0,UH1650 DIE CASTING MACHINE,45072
 CONTROL PANEL,CP942,CIRCUIT PROTECTOR,"60218 (Multi9 C60 UL489) 1P, AC1A, D CURVE",1,FUJI,UL489 10kA,202,151-E8810:601-0,UH1650 DIE CASTING MACHINE,45072
 CONTROL PANEL,,AUX. SWITCH,26925,2,FUJI,UL489 10kA,202,151-E8810:601-0,UH1650 DIE CASTING MACHINE,45072
 CONTROL PANEL,,COVER,ULM9T-COV,4,FUJI,UL489 10kA,202,151-E8810:601-0,UH1650 DIE CASTING MACHINE,45072
 CONTROL PANEL,MC170,MAGNETIC CONTACTOR,SC-5-1/G 1a1b COIL:DC24V,1,FUJI,,203,151-E8810:601-0,UH1650 DIE CASTING MACHINE,45072
 CONTROL PANEL,MC171,MAGNETIC CONTACTOR,SC-5-1/G 1a1b COIL:DC24V,1,FUJI,,203,151-E8810:601-0,UH1650 DIE CASTING MACHINE,45072
 CONTROL PANEL,,COVER,SZ-T4,2,FUJI,,203,151-E8810:601-0,UH1650 DIE CASTING MACHINE,45072
 CONTROL PANEL,,SURGE ABS. UNIT,SZ-Z1,2,FUJI,,203,151-E8810:601-0,UH1650 DIE CASTING MACHINE,45072
 CONTROL PANEL,MC260,MAGNETIC CONTACTOR,SC-03/G 1b COIL:DC24V,1,FUJI,,204,151-E8810:601-0,UH1650 DIE CASTING MACHINE,45072
 CONTROL PANEL,MC261,MAGNETIC CONTACTOR,SC-03/G 1b COIL:DC24V,1,FUJI,,204,151-E8810:601-0,UH1650 DIE CASTING MACHINE,45072
 CONTROL PANEL,MC262,MAGNETIC CONTACTOR,SC-03/G 1b COIL:DC24V,1,FUJI,,204,151-E8810:601-0,UH1650 DIE CASTING MACHINE,45072
 CONTROL PANEL,MC263,MAGNETIC CONTACTOR,SC-03/G 1b COIL:DC24V,1,FUJI,,204,151-E8810:601-0,UH1650 DIE CASTING MACHINE,45072
 CONTROL PANEL,,COVER,SZ-T1,4,FUJI,,204,151-E8810:601-0,UH1650 DIE CASTING MACHINE,45072
 CONTROL PANEL,,"SURGE ABS, UNIT",SZ-Z1,4,FUJI,,204,151-E8810:601-0,UH1650 DIE CASTING MACHINE,45072
 CONTROL PANEL,MC1500,MAGNETIC CONTACTOR,SC-03/G 1b COIL:DC24V,1,FUJI,,205,151-E8810:601-0,UH1650 DIE CASTING MACHINE,45072
 CONTROL PANEL,MC1501,MAGNETIC CONTACTOR,SC-03/G 1b COIL:DC24V,1,FUJI,,205,151-E8810:601-0,UH1650 DIE CASTING MACHINE,45072
 CONTROL PANEL,MC1502,MAGNETIC CONTACTOR,SC-03/G 1b COIL:DC24V,1,FUJI,,205,151-E8810:601-0,UH1650 DIE CASTING MACHINE,45072
 CONTROL PANEL,MC1503,MAGNETIC CONTACTOR,SC-03/G 1b COIL:DC24V,1,FUJI,,205,151-E8810:601-0,UH1650 DIE CASTING MACHINE,45072
 CONTROL PANEL,,COVER,SZ-T1,4,FUJI,,205,151-E8810:601-0,UH1650 DIE CASTING MACHINE,45072
 CONTROL PANEL,,SURGE ABS. UNIT,SZ-Z1,4,FUJI,,205,151-E8810:601-0,UH1650 DIE CASTING MACHINE,45072
 CONTROL PANEL,CR410,AUX. CONTROL RELAY,HH52PU-FLDE COIL:DC24V,1,FUJI,RU,206,151-E8810:601-0,UH1650 DIE CASTING MACHINE,45072
 CONTROL PANEL,CR410A,AUX. CONTROL RELAY,HH52PU-FLDE COIL:DC24V,1,FUJI,RU,206,151-E8810:601-0,UH1650 DIE CASTING MACHINE,45072
 CONTROL PANEL,CR411,AUX. CONTROL RELAY,HH52PU-FLDE COIL:DC24V,1,FUJI,RU,206,151-E8810:601-0,UH1650 DIE CASTING MACHINE,45072
 CONTROL PANEL,CR412,AUX. CONTROL RELAY,HH52PU-FLDE COIL:DC24V,1,FUJI,RU,206,151-E8810:601-0,UH1650 DIE CASTING MACHINE,45072
 CONTROL PANEL,CR413,AUX. CONTROL RELAY,HH52PU-FLDE COIL:DC24V,1,FUJI,RU,206,151-E8810:601-0,UH1650 DIE CASTING MACHINE,45072
 CONTROL PANEL,,SOCKET,TP58X2,5,FUJI,RU,206,151-E8810:601-0,UH1650 DIE CASTING MACHINE,45072
 CONTROL PANEL,,FINGER PROTECTOR,FX14X2,5,FUJI,RU,206,151-E8810:601-0,UH1650 DIE CASTING MACHINE,45072
 CONTROL PANEL,CR414,AUX. CONTROL RELAY,HH54P-FLDE COIL:DC24V,1,FUJI,RU,207,151-E8810:601-0,UH1650 DIE CASTING MACHINE,45072
 CONTROL PANEL,,SOCKET,TP514X2,1,FUJI,RU,207,151-E8810:601-0,UH1650 DIE CASTING MACHINE,45072
 CONTROL PANEL,,FINGER PROTECTOR,FX14X2,1,FUJI,RU,207,151-E8810:601-0,UH1650 DIE CASTING MACHINE,45072
 CONTROL PANEL,CR471,AUX. CONTROL RELAY,HH54P-FLDE COIL:DC24V,1,FUJI,RU,208,151-E8810:601-0,UH1650 DIE CASTING MACHINE,45072
 CONTROL PANEL,CR472,AUX. CONTROL RELAY,HH54P-FLDE COIL:DC24V,1,FUJI,RU,208,151-E8810:601-0,UH1650 DIE CASTING MACHINE,45072
 CONTROL PANEL,CR481,AUX. CONTROL RELAY,HH54P-FLDE COIL:DC24V,1,FUJI,RU,208,151-E8810:601-0,UH1650 DIE CASTING MACHINE,45072
 CONTROL PANEL,,SOCKET,TP514X2,3,FUJI,RU,208,151-E8810:601-0,UH1650 DIE CASTING MACHINE,45072
 CONTROL PANEL,,FINGER PROTECTOR,FX14X2,3,FUJI,RU,208,151-E8810:601-0,UH1650 DIE CASTING MACHINE,45072
 CONTROL PANEL,CR52A,AUX. CONTROL RELAY,HH52PU-FLDE COIL:DC24V,1,FUJI,RU,209,151-E8810:601-0,UH1650 DIE CASTING MACHINE,45072
 CONTROL PANEL,CR52B,AUX. CONTROL RELAY,HH52PU-FLDE COIL:DC24V,1,FUJI,RU,209,151-E8810:601-0,UH1650 DIE CASTING MACHINE,45072
 CONTROL PANEL,,SOCKET,TP58X2,2,FUJI,RU,209,151-E8810:601-0,UH1650 DIE CASTING MACHINE,45072
 CONTROL PANEL,,FINGER PROTECTOR,FX14X2,2,FUJI,RU,209,151-E8810:601-0,UH1650 DIE CASTING MACHINE,45072
 CONTROL PANEL,CR743,AUX. CONTROL RELAY,HH52PU-FLDE COIL:DC24V,1,FUJI,RU,210,151-E8810:601-0,UH1650 DIE CASTING MACHINE,45072
 CONTROL PANEL,CR749,AUX. CONTROL RELAY,HH52PU-FLDE COIL:DC24V,1,FUJI,RU,210,151-E8810:601-0,UH1650 DIE CASTING MACHINE,45072
 CONTROL PANEL,CR74A,AUX. CONTROL RELAY,HH52PU-FLDE COIL:DC24V,1,FUJI,RU,210,151-E8810:601-0,UH1650 DIE CASTING MACHINE,45072
 CONTROL PANEL,CR74B,AUX. CONTROL RELAY,HH52PU-FLDE COIL:DC24V,1,FUJI,RU,210,151-E8810:601-0,UH1650 DIE CASTING MACHINE,45072
 CONTROL PANEL,CR74C,AUX. CONTROL RELAY,HH52PU-FLDE COIL:DC24V,1,FUJI,RU,210,151-E8810:601-0,UH1650 DIE CASTING MACHINE,45072
 CONTROL PANEL,,SOCKET,TP58X2,5,FUJI,RU,210,151-E8810:601-0,UH1650 DIE CASTING MACHINE,45072
 CONTROL PANEL,,FINGER PROTECTOR,FX14X2,5,FUJI,RU,210,151-E8810:601-0,UH1650 DIE CASTING MACHINE,45072
 CONTROL PANEL,CR744,AUX. CONTROL RELAY,HH54P-FLDE COIL:DC24V,1,FUJI,RU,211,151-E8810:601-0,UH1650 DIE CASTING MACHINE,45072
 CONTROL PANEL,CR745,AUX. CONTROL RELAY,HH54P-FLDE COIL:DC24V,1,FUJI,RU,211,151-E8810:601-0,UH1650 DIE CASTING MACHINE,45072
 CONTROL PANEL,CR746,AUX. CONTROL RELAY,HH54P-FLDE COIL:DC24V,1,FUJI,RU,211,151-E8810:601-0,UH1650 DIE CASTING MACHINE,45072
 CONTROL PANEL,CR747,AUX. CONTROL RELAY,HH54P-FLDE COIL:DC24V,1,FUJI,RU,211,151-E8810:601-0,UH1650 DIE CASTING MACHINE,45072
 CONTROL PANEL,CR748,AUX. CONTROL RELAY,HH54P-FLDE COIL:DC24V,1,FUJI,RU,211,151-E8810:601-0,UH1650 DIE CASTING MACHINE,45072
 CONTROL PANEL,CR75C,AUX. CONTROL RELAY,HH54P-FLDE COIL:DC24V,1,FUJI,RU,211,151-E8810:601-0,UH1650 DIE CASTING MACHINE,45072
 CONTROL PANEL,CR75D,AUX. CONTROL RELAY,HH54P-FLDE COIL:DC24V,1,FUJI,RU,211,151-E8810:601-0,UH1650 DIE CASTING MACHINE,45072
 CONTROL PANEL,,SOCKET,TP514X2,7,FUJI,RU,211,151-E8810:601-0,UH1650 DIE CASTING MACHINE,45072
 CONTROL PANEL,,FINGER PROTECTOR,FX14X2,7,FUJI,RU,211,151-E8810:601-0,UH1650 DIE CASTING MACHINE,45072
 CONTROL PANEL,CR760,AUX. CONTROL RELAY,HH54P-FLDE COIL:DC24V,1,FUJI,RU,212,151-E8810:601-0,UH1650 DIE CASTING MACHINE,45072
 CONTROL PANEL,CR761,AUX. CONTROL RELAY,HH54P-FLDE COIL:DC24V,1,FUJI,RU,212,151-E8810:601-0,UH1650 DIE CASTING MACHINE,45072
 CONTROL PANEL,CR762,AUX. CONTROL RELAY,HH54P-FLDE COIL:DC24V,1,FUJI,RU,212,151-E8810:601-0,UH1650 DIE CASTING MACHINE,45072
 CONTROL PANEL,CR770,AUX. CONTROL RELAY,HH54P-FLDE COIL:DC24V,1,FUJI,RU,212,151-E8810:601-0,UH1650 DIE CASTING MACHINE,45072
 CONTROL PANEL,CR771,AUX. CONTROL RELAY,HH54P-FLDE COIL:DC24V,1,FUJI,RU,212,151-E8810:601-0,UH1650 DIE CASTING MACHINE,45072
 CONTROL PANEL,CR772,AUX. CONTROL RELAY,HH54P-FLDE COIL:DC24V,1,FUJI,RU,212,151-E8810:601-0,UH1650 DIE CASTING MACHINE,45072
 CONTROL PANEL,CR773,AUX. CONTROL RELAY,HH54P-FLDE COIL:DC24V,1,FUJI,RU,212,151-E8810:601-0,UH1650 DIE CASTING MACHINE,45072
 CONTROL PANEL,CR774,AUX. CONTROL RELAY,HH54P-FLDE COIL:DC24V,1,FUJI,RU,212,151-E8810:601-0,UH1650 DIE CASTING MACHINE,45072
 CONTROL PANEL,CR775,AUX. CONTROL RELAY,HH54P-FLDE COIL:DC24V,1,FUJI,RU,212,151-E8810:601-0,UH1650 DIE CASTING MACHINE,45072
 CONTROL PANEL,,SOCKET,TP514X2,9,FUJI,RU,212,151-E8810:601-0,UH1650 DIE CASTING MACHINE,45072
 CONTROL PANEL,,FINGER PROTECTOR,FX14X2,9,FUJI,RU,212,151-E8810:601-0,UH1650 DIE CASTING MACHINE,45072
 CONTROL PANEL,CR77B,AUX. CONTROL RELAY,HH54P-FLDE COIL:DC24V,1,FUJI,RU,213,151-E8810:601-0,UH1650 DIE CASTING MACHINE,45072
 CONTROL PANEL,CR77B,SOCKET,TP514X2,1,FUJI,RU,213,151-E8810:601-0,UH1650 DIE CASTING MACHINE,45072
 CONTROL PANEL,CR77B,FINGER PROTECTOR,FX14X2,1,FUJI,RU,213,151-E8810:601-0,UH1650 DIE CASTING MACHINE,45072
 CONTROL PANEL,CR77C,AUX. CONTROL RELAY,HH54P-FLDE COIL:DC24V,1,FUJI,RU,213,151-E8810:601-0,UH1650 DIE CASTING MACHINE,45072
 CONTROL PANEL,CR77C,SOCKET,TP514X2,1,FUJI,RU,213,151-E8810:601-0,UH1650 DIE CASTING MACHINE,45072
 CONTROL PANEL,CR77C,FINGER PROTECTOR,FX14X2,1,FUJI,RU,213,151-E8810:601-0,UH1650 DIE CASTING MACHINE,45072
 CONTROL PANEL,CR77D,AUX. CONTROL RELAY,HH54P-FLDE COIL:DC24V,1,FUJI,RU,213,151-E8810:601-0,UH1650 DIE CASTING MACHINE,45072
 CONTROL PANEL,CR77D,SOCKET,TP514X2,1,FUJI,RU,213,151-E8810:601-0,UH1650 DIE CASTING MACHINE,45072
 CONTROL PANEL,CR77D,FINGER PROTECTOR,FX14X2,1,FUJI,RU,213,151-E8810:601-0,UH1650 DIE CASTING MACHINE,45072
 CONTROL PANEL,CR77E,AUX. CONTROL RELAY,HH54P-FLDE COIL:DC24V,1,FUJI,RU,213,151-E8810:601-0,UH1650 DIE CASTING MACHINE,45072
 CONTROL PANEL,CR77E,SOCKET,TP514X2,1,FUJI,RU,213,151-E8810:601-0,UH1650 DIE CASTING MACHINE,45072
 CONTROL PANEL,CR77E,FINGER PROTECTOR,FX14X2,1,FUJI,RU,213,151-E8810:601-0,UH1650 DIE CASTING MACHINE,45072
 CONTROL PANEL,CR77F,AUX. CONTROL RELAY,HH54P-FLDE COIL:DC24V,1,FUJI,RU,213,151-E8810:601-0,UH1650 DIE CASTING MACHINE,45072
 CONTROL PANEL,CR77F,SOCKET,TP514X2,1,FUJI,RU,213,151-E8810:601-0,UH1650 DIE CASTING MACHINE,45072
 CONTROL PANEL,CR77F,FINGER PROTECTOR,FX14X2,1,FUJI,RU,213,151-E8810:601-0,UH1650 DIE CASTING MACHINE,45072
 CONTROL PANEL,CR87C,AUX. CONTROL RELAY,HH54P-FLDE COIL:DC24V,1,FUJI,RU,213,151-E8810:601-0,UH1650 DIE CASTING MACHINE,45072
 CONTROL PANEL,CR87C,SOCKET,TP514X2,1,FUJI,RU,213,151-E8810:601-0,UH1650 DIE CASTING MACHINE,45072
 CONTROL PANEL,CR87C,FINGER PROTECTOR,FX14X2,1,FUJI,RU,213,151-E8810:601-0,UH1650 DIE CASTING MACHINE,45072
 CONTROL PANEL,CR87D,AUX. CONTROL RELAY,HH54P-FLDE COIL:DC24V,1,FUJI,RU,213,151-E8810:601-0,UH1650 DIE CASTING MACHINE,45072
 CONTROL PANEL,CR87D,SOCKET,TP514X2,1,FUJI,RU,213,151-E8810:601-0,UH1650 DIE CASTING MACHINE,45072
 CONTROL PANEL,CR87D,FINGER PROTECTOR,FX14X2,1,FUJI,RU,213,151-E8810:601-0,UH1650 DIE CASTING MACHINE,45072
 CONTROL PANEL,CR87E,AUX. CONTROL RELAY,HH54P-FLDE COIL:DC24V,1,FUJI,RU,213,151-E8810:601-0,UH1650 DIE CASTING MACHINE,45072
 CONTROL PANEL,CR87E,SOCKET,TP514X2,1,FUJI,RU,213,151-E8810:601-0,UH1650 DIE CASTING MACHINE,45072
 CONTROL PANEL,CR87E,FINGER PROTECTOR,FX14X2,1,FUJI,RU,213,151-E8810:601-0,UH1650 DIE CASTING MACHINE,45072
 CONTROL PANEL,CR87F,AUX. CONTROL RELAY,HH54P-FLDE COIL:DC24V,1,FUJI,RU,213,151-E8810:601-0,UH1650 DIE CASTING MACHINE,45072
 CONTROL PANEL,CR87F,SOCKET,TP514X2,1,FUJI,RU,213,151-E8810:601-0,UH1650 DIE CASTING MACHINE,45072
 CONTROL PANEL,CR87F,FINGER PROTECTOR,FX14X2,1,FUJI,RU,213,151-E8810:601-0,UH1650 DIE CASTING MACHINE,45072
 CONTROL PANEL,CR763,AUX. CONTROL RELAY,HH54PU-FLDE COIL:DC24V,1,FUJI,RU,214,151-E8810:601-0,UH1650 DIE CASTING MACHINE,45072
 CONTROL PANEL,CR763,SOCKET,TP514X2,1,FUJI,RU,214,151-E8810:601-0,UH1650 DIE CASTING MACHINE,45072
 CONTROL PANEL,CR763,FINGER PROTECTOR,FX14X2,1,FUJI,RU,214,151-E8810:601-0,UH1650 DIE CASTING MACHINE,45072
 CONTROL PANEL,CR764,AUX. CONTROL RELAY,HH54PU-FLDE COIL:DC24V,1,FUJI,RU,214,151-E8810:601-0,UH1650 DIE CASTING MACHINE,45072
 CONTROL PANEL,CR764,SOCKET,TP514X2,1,FUJI,RU,214,151-E8810:601-0,UH1650 DIE CASTING MACHINE,45072
 CONTROL PANEL,CR764,FINGER PROTECTOR,FX14X2,1,FUJI,RU,214,151-E8810:601-0,UH1650 DIE CASTING MACHINE,45072
 CONTROL PANEL,CR765,AUX. CONTROL RELAY,HH54PU-FLDE COIL:DC24V,1,FUJI,RU,214,151-E8810:601-0,UH1650 DIE CASTING MACHINE,45072
 CONTROL PANEL,CR765,SOCKET,TP514X2,1,FUJI,RU,214,151-E8810:601-0,UH1650 DIE CASTING MACHINE,45072
 CONTROL PANEL,CR765,FINGER PROTECTOR,FX14X2,1,FUJI,RU,214,151-E8810:601-0,UH1650 DIE CASTING MACHINE,45072
 CONTROL PANEL,CR766,AUX. CONTROL RELAY,HH54PU-FLDE COIL:DC24V,1,FUJI,RU,214,151-E8810:601-0,UH1650 DIE CASTING MACHINE,45072
 CONTROL PANEL,CR766,SOCKET,TP514X2,1,FUJI,RU,214,151-E8810:601-0,UH1650 DIE CASTING MACHINE,45072
 CONTROL PANEL,CR766,FINGER PROTECTOR,FX14X2,1,FUJI,RU,214,151-E8810:601-0,UH1650 DIE CASTING MACHINE,45072
 CONTROL PANEL,CR767,AUX. CONTROL RELAY,HH54PU-FLDE COIL:DC24V,1,FUJI,RU,214,151-E8810:601-0,UH1650 DIE CASTING MACHINE,45072
 CONTROL PANEL,CR767,SOCKET,TP514X2,1,FUJI,RU,214,151-E8810:601-0,UH1650 DIE CASTING MACHINE,45072
 CONTROL PANEL,CR767,FINGER PROTECTOR,FX14X2,1,FUJI,RU,214,151-E8810:601-0,UH1650 DIE CASTING MACHINE,45072
 CONTROL PANEL,CR768,AUX. CONTROL RELAY,HH54PU-FLDE COIL:DC24V,1,FUJI,RU,214,151-E8810:601-0,UH1650 DIE CASTING MACHINE,45072
 CONTROL PANEL,CR768,SOCKET,TP514X2,1,FUJI,RU,214,151-E8810:601-0,UH1650 DIE CASTING MACHINE,45072
 CONTROL PANEL,CR768,FINGER PROTECTOR,FX14X2,1,FUJI,RU,214,151-E8810:601-0,UH1650 DIE CASTING MACHINE,45072
 CONTROL PANEL,CR769,AUX. CONTROL RELAY,HH54PU-FLDE COIL:DC24V,1,FUJI,RU,214,151-E8810:601-0,UH1650 DIE CASTING MACHINE,45072
 CONTROL PANEL,CR769,SOCKET,TP514X2,1,FUJI,RU,214,151-E8810:601-0,UH1650 DIE CASTING MACHINE,45072
 CONTROL PANEL,CR769,FINGER PROTECTOR,FX14X2,1,FUJI,RU,214,151-E8810:601-0,UH1650 DIE CASTING MACHINE,45072
 CONTROL PANEL,CR76A,AUX. CONTROL RELAY,HH54PU-FLDE COIL:DC24V,1,FUJI,RU,214,151-E8810:601-0,UH1650 DIE CASTING MACHINE,45072
 CONTROL PANEL,CR76A,SOCKET,TP514X2,1,FUJI,RU,214,151-E8810:601-0,UH1650 DIE CASTING MACHINE,45072
 CONTROL PANEL,CR76A,FINGER PROTECTOR,FX14X2,1,FUJI,RU,214,151-E8810:601-0,UH1650 DIE CASTING MACHINE,45072
 CONTROL PANEL,CR76B,AUX. CONTROL RELAY,HH54PU-FLDE COIL:DC24V,1,FUJI,RU,214,151-E8810:601-0,UH1650 DIE CASTING MACHINE,45072
 CONTROL PANEL,CR76B,SOCKET,TP514X2,1,FUJI,RU,214,151-E8810:601-0,UH1650 DIE CASTING MACHINE,45072
 CONTROL PANEL,CR76B,FINGER PROTECTOR,FX14X2,1,FUJI,RU,214,151-E8810:601-0,UH1650 DIE CASTING MACHINE,45072
 CONTROL PANEL,CR76C,AUX. CONTROL RELAY,HH54PU-FLDE COIL:DC24V,1,FUJI,RU,214,151-E8810:601-0,UH1650 DIE CASTING MACHINE,45072
 CONTROL PANEL,CR76C,SOCKET,TP514X2,1,FUJI,RU,214,151-E8810:601-0,UH1650 DIE CASTING MACHINE,45072
 CONTROL PANEL,CR76C,FINGER PROTECTOR,FX14X2,1,FUJI,RU,214,151-E8810:601-0,UH1650 DIE CASTING MACHINE,45072
 CONTROL PANEL,CR76D,AUX. CONTROL RELAY,HH54PU-FLDE COIL:DC24V,1,FUJI,RU,214,151-E8810:601-0,UH1650 DIE CASTING MACHINE,45072
 CONTROL PANEL,CR76D,SOCKET,TP514X2,1,FUJI,RU,214,151-E8810:601-0,UH1650 DIE CASTING MACHINE,45072
 CONTROL PANEL,CR76D,FINGER PROTECTOR,FX14X2,1,FUJI,RU,214,151-E8810:601-0,UH1650 DIE CASTING MACHINE,45072
 CONTROL PANEL,CR76E,AUX. CONTROL RELAY,HH54PU-FLDE COIL:DC24V,1,FUJI,RU,214,151-E8810:601-0,UH1650 DIE CASTING MACHINE,45072
 CONTROL PANEL,CR76E,SOCKET,TP514X2,1,FUJI,RU,214,151-E8810:601-0,UH1650 DIE CASTING MACHINE,45072
 CONTROL PANEL,CR76E,FINGER PROTECTOR,FX14X2,1,FUJI,RU,214,151-E8810:601-0,UH1650 DIE CASTING MACHINE,45072
 CONTROL PANEL,CR76F,AUX. CONTROL RELAY,HH54PU-FLDE COIL:DC24V,1,FUJI,RU,214,151-E8810:601-0,UH1650 DIE CASTING MACHINE,45072
 CONTROL PANEL,CR76F,SOCKET,TP514X2,1,FUJI,RU,214,151-E8810:601-0,UH1650 DIE CASTING MACHINE,45072
 CONTROL PANEL,CR76F,FINGER PROTECTOR,FX14X2,1,FUJI,RU,214,151-E8810:601-0,UH1650 DIE CASTING MACHINE,45072
 CONTROL PANEL,CR778,AUX. CONTROL RELAY,HH54PU-FLDE COIL:DC24V,1,FUJI,RU,214,151-E8810:601-0,UH1650 DIE CASTING MACHINE,45072
 CONTROL PANEL,CR778,SOCKET,TP514X2,1,FUJI,RU,214,151-E8810:601-0,UH1650 DIE CASTING MACHINE,45072
 CONTROL PANEL,CR778,FINGER PROTECTOR,FX14X2,1,FUJI,RU,214,151-E8810:601-0,UH1650 DIE CASTING MACHINE,45072
 CONTROL PANEL,CR94C,AUX. CONTROL RELAY,HH52PU-CRLAH COIL:AC110V-120V,1,FUJI,RU,216,151-E8810:601-0,UH1650 DIE CASTING MACHINE,45072
 CONTROL PANEL,CR94C,SOCKET,TP58X2,1,FUJI,RU,216,151-E8810:601-0,UH1650 DIE CASTING MACHINE,45072
 CONTROL PANEL,CR94C,FINGER PROTECTOR,FX14X2,1,FUJI,RU,216,151-E8810:601-0,UH1650 DIE CASTING MACHINE,45072
 CONTROL PANEL,CR1030,AUX. CONTROL RELAY,HH54P-FLDE COIL:DC24V,1,FUJI,RU,217,151-E8810:601-0,UH1650 DIE CASTING MACHINE,45072
 CONTROL PANEL,CR1030,SOCKET,TP514X2,1,FUJI,RU,217,151-E8810:601-0,UH1650 DIE CASTING MACHINE,45072
 CONTROL PANEL,CR1030,FINGER PROTECTOR,FX14X2,1,FUJI,RU,217,151-E8810:601-0,UH1650 DIE CASTING MACHINE,45072
 CONTROL PANEL,CR1031,AUX. CONTROL RELAY,HH54P-FLDE COIL:DC24V,1,FUJI,RU,217,151-E8810:601-0,UH1650 DIE CASTING MACHINE,45072
 CONTROL PANEL,CR1031,SOCKET,TP514X2,1,FUJI,RU,217,151-E8810:601-0,UH1650 DIE CASTING MACHINE,45072
 CONTROL PANEL,CR1031,FINGER PROTECTOR,FX14X2,1,FUJI,RU,217,151-E8810:601-0,UH1650 DIE CASTING MACHINE,45072
 CONTROL PANEL,SRU170,SAFETY RELAY UNIT,G9SA-501 DC24V,1,OMRON,UL,219,151-E8810:601-0,UH1650 DIE CASTING MACHINE,45072
 CONTROL PANEL,SRU180,SAFETY RELAY UNIT,G9SA-501 DC24V,1,OMRON,UL,219,151-E8810:601-0,UH1650 DIE CASTING MACHINE,45072
 CONTROL PANEL,SUR190,SAFETY RELAY UNIT,G9SA-501 DC24V,1,OMRON,UL,219,151-E8810:601-0,UH1650 DIE CASTING MACHINE,45072
 CONTROL PANEL,SRU200,SAFETY RELAY UNIT,G9SA-501 DC24V,1,OMRON,UL,219,151-E8810:601-0,UH1650 DIE CASTING MACHINE,45072
 CONTROL PANEL,SRU210,SAFETY RELAY UNIT,G9SA-501 DC24V,1,OMRON,UL,219,151-E8810:601-0,UH1650 DIE CASTING MACHINE,45072
 CONTROL PANEL,SRU220,SAFETY RELAY UNIT,G9SA-501 DC24V,1,OMRON,UL,219,151-E8810:601-0,UH1650 DIE CASTING MACHINE,45072
 CONTROL PANEL,SRU230,SAFETY RELAY UNIT,G9SA-501 DC24V,1,OMRON,UL,219,151-E8810:601-0,UH1650 DIE CASTING MACHINE,45072
 CONTROL PANEL,SRU240,SAFETY RELAY UNIT,G9SA-501 DC24V,1,OMRON,UL,219,151-E8810:601-0,UH1650 DIE CASTING MACHINE,45072
 CONTROL PANEL,SRU250,SAFETY RELAY UNIT,G9SA-501 DC24V,1,OMRON,UL,219,151-E8810:601-0,UH1650 DIE CASTING MACHINE,45072
 CONTROL PANEL,SRU260,SAFETY RELAY UNIT,G9SA-501 DC24V,1,OMRON,UL,219,151-E8810:601-0,UH1650 DIE CASTING MACHINE,45072
 CONTROL PANEL,SRU270,SAFETY RELAY UNIT,G9SA-501 DC24V,1,OMRON,UL,220,151-E8810:601-0,UH1650 DIE CASTING MACHINE,45072
 CONTROL PANEL,SRU271,SAFETY RELAY UNIT,G9SA-501 DC24V,1,OMRON,UL,220,151-E8810:601-0,UH1650 DIE CASTING MACHINE,45072
 CONTROL PANEL,SRU280,SAFETY RELAY UNIT,G9SA-501 DC24V,1,OMRON,UL,220,151-E8810:601-0,UH1650 DIE CASTING MACHINE,45072
 CONTROL PANEL,SRU281,SAFETY RELAY UNIT,G9SA-501 DC24V,1,OMRON,UL,220,151-E8810:601-0,UH1650 DIE CASTING MACHINE,45072
 CONTROL PANEL,SRU290,SAFETY RELAY UNIT,G9SA-501 DC24V,1,OMRON,UL,220,151-E8810:601-0,UH1650 DIE CASTING MACHINE,45072
 CONTROL PANEL,SRU310,SAFETY RELAY UNIT,G9SA-501 DC24V,1,OMRON,UL,220,151-E8810:601-0,UH1650 DIE CASTING MACHINE,45072
 CONTROL PANEL,SR180,SAFETY RELAY,G7SA-4A2B DC24V,1,OMRON,UL,221,151-E8810:601-0,UH1650 DIE CASTING MACHINE,45072
 CONTROL PANEL,SR180,SOCKET,P7SA-14F-ND,1,OMRON,UL,221,151-E8810:601-0,UH1650 DIE CASTING MACHINE,45072
 CONTROL PANEL,SR181,SAFETY RELAY,G7SA-4A2B DC24V,1,OMRON,UL,221,151-E8810:601-0,UH1650 DIE CASTING MACHINE,45072
 CONTROL PANEL,SR181,SOCKET,P7SA-14F-ND,1,OMRON,UL,221,151-E8810:601-0,UH1650 DIE CASTING MACHINE,45072
 CONTROL PANEL,SR182,SAFETY RELAY,G7SA-4A2B DC24V,1,OMRON,UL,221,151-E8810:601-0,UH1650 DIE CASTING MACHINE,45072
 CONTROL PANEL,SR182,SOCKET,P7SA-14F-ND,1,OMRON,UL,221,151-E8810:601-0,UH1650 DIE CASTING MACHINE,45072
 CONTROL PANEL,SR182A,SAFETY RELAY,G7SA-4A2B DC24V,1,OMRON,UL,221,151-E8810:601-0,UH1650 DIE CASTING MACHINE,45072
 CONTROL PANEL,SR182A,SOCKET,P7SA-14F-ND,1,OMRON,UL,221,151-E8810:601-0,UH1650 DIE CASTING MACHINE,45072
 CONTROL PANEL,SR190,SAFETY RELAY,G7SA-4A2B DC24V,1,OMRON,UL,222,151-E8810:601-0,UH1650 DIE CASTING MACHINE,45072
 CONTROL PANEL,SR190,SOCKET,P7SA-14F-ND,1,OMRON,UL,222,151-E8810:601-0,UH1650 DIE CASTING MACHINE,45072
 CONTROL PANEL,SR191,SAFETY RELAY,G7SA-4A2B DC24V,1,OMRON,UL,222,151-E8810:601-0,UH1650 DIE CASTING MACHINE,45072
 CONTROL PANEL,SR191,SOCKET,P7SA-14F-ND,1,OMRON,UL,222,151-E8810:601-0,UH1650 DIE CASTING MACHINE,45072
 CONTROL PANEL,SR200,SAFETY RELAY,G7SA-4A2B DC24V,1,OMRON,UL,222,151-E8810:601-0,UH1650 DIE CASTING MACHINE,45072
 CONTROL PANEL,SR200,SOCKET,P7SA-14F-ND,1,OMRON,UL,222,151-E8810:601-0,UH1650 DIE CASTING MACHINE,45072
 CONTROL PANEL,SR201,SAFETY RELAY,G7SA-4A2B DC24V,1,OMRON,UL,222,151-E8810:601-0,UH1650 DIE CASTING MACHINE,45072
 CONTROL PANEL,SR201,SOCKET,P7SA-14F-ND,1,OMRON,UL,222,151-E8810:601-0,UH1650 DIE CASTING MACHINE,45072
 CONTROL PANEL,SR210,SAFETY RELAY,G7SA-4A2B DC24V,1,OMRON,UL,222,151-E8810:601-0,UH1650 DIE CASTING MACHINE,45072
 CONTROL PANEL,SR210,SOCKET,P7SA-14F-ND,1,OMRON,UL,222,151-E8810:601-0,UH1650 DIE CASTING MACHINE,45072
 CONTROL PANEL,SR211,SAFETY RELAY,G7SA-4A2B DC24V,1,OMRON,UL,222,151-E8810:601-0,UH1650 DIE CASTING MACHINE,45072
 CONTROL PANEL,SR211,SOCKET,P7SA-14F-ND,1,OMRON,UL,222,151-E8810:601-0,UH1650 DIE CASTING MACHINE,45072
 CONTROL PANEL,SR220,SAFETY RELAY,G7SA-4A2B DC24V,1,OMRON,UL,222,151-E8810:601-0,UH1650 DIE CASTING MACHINE,45072
 CONTROL PANEL,SR220,SOCKET,P7SA-14F-ND,1,OMRON,UL,222,151-E8810:601-0,UH1650 DIE CASTING MACHINE,45072
 CONTROL PANEL,SR221,SAFETY RELAY,G7SA-4A2B DC24V,1,OMRON,UL,222,151-E8810:601-0,UH1650 DIE CASTING MACHINE,45072
 CONTROL PANEL,SR221,SOCKET,P7SA-14F-ND,1,OMRON,UL,222,151-E8810:601-0,UH1650 DIE CASTING MACHINE,45072
 CONTROL PANEL,SR230,SAFETY RELAY,G7SA-4A2B DC24V,1,OMRON,UL,222,151-E8810:601-0,UH1650 DIE CASTING MACHINE,45072
 CONTROL PANEL,SR230,SOCKET,P7SA-14F-ND,1,OMRON,UL,222,151-E8810:601-0,UH1650 DIE CASTING MACHINE,45072
 CONTROL PANEL,SR231,SAFETY RELAY,G7SA-4A2B DC24V,1,OMRON,UL,222,151-E8810:601-0,UH1650 DIE CASTING MACHINE,45072
 CONTROL PANEL,SR231,SOCKET,P7SA-14F-ND,1,OMRON,UL,222,151-E8810:601-0,UH1650 DIE CASTING MACHINE,45072
 CONTROL PANEL,SR240,SAFETY RELAY,G7SA-4A2B DC24V,1,OMRON,UL,223,151-E8810:601-0,UH1650 DIE CASTING MACHINE,45072
 CONTROL PANEL,SR240,SOCKET,P7SA-14F-ND,1,OMRON,UL,223,151-E8810:601-0,UH1650 DIE CASTING MACHINE,45072
 CONTROL PANEL,SR241,SAFETY RELAY,G7SA-4A2B DC24V,1,OMRON,UL,223,151-E8810:601-0,UH1650 DIE CASTING MACHINE,45072
 CONTROL PANEL,SR241,SOCKET,P7SA-14F-ND,1,OMRON,UL,223,151-E8810:601-0,UH1650 DIE CASTING MACHINE,45072
 CONTROL PANEL,SR250,SAFETY RELAY,G7SA-4A2B DC24V,1,OMRON,UL,223,151-E8810:601-0,UH1650 DIE CASTING MACHINE,45072
 CONTROL PANEL,SR250,SOCKET,P7SA-14F-ND,1,OMRON,UL,223,151-E8810:601-0,UH1650 DIE CASTING MACHINE,45072
 CONTROL PANEL,SR251,SAFETY RELAY,G7SA-4A2B DC24V,1,OMRON,UL,223,151-E8810:601-0,UH1650 DIE CASTING MACHINE,45072
 CONTROL PANEL,SR251,SOCKET,P7SA-14F-ND,1,OMRON,UL,223,151-E8810:601-0,UH1650 DIE CASTING MACHINE,45072
 CONTROL PANEL,SR270,SAFETY RELAY,G7SA-4A2B DC24V,1,OMRON,UL,224,151-E8810:601-0,UH1650 DIE CASTING MACHINE,45072
 CONTROL PANEL,SR270,SOCKET,P7SA-14F-ND,1,OMRON,UL,224,151-E8810:601-0,UH1650 DIE CASTING MACHINE,45072
 CONTROL PANEL,SR271,SAFETY RELAY,G7SA-4A2B DC24V,1,OMRON,UL,224,151-E8810:601-0,UH1650 DIE CASTING MACHINE,45072
 CONTROL PANEL,SR271,SOCKET,P7SA-14F-ND,1,OMRON,UL,224,151-E8810:601-0,UH1650 DIE CASTING MACHINE,45072
 CONTROL PANEL,SR272,SAFETY RELAY,G7SA-4A2B DC24V,1,OMRON,UL,224,151-E8810:601-0,UH1650 DIE CASTING MACHINE,45072
 CONTROL PANEL,SR272,SOCKET,P7SA-14F-ND,1,OMRON,UL,224,151-E8810:601-0,UH1650 DIE CASTING MACHINE,45072
 CONTROL PANEL,SR273,SAFETY RELAY,G7SA-4A2B DC24V,1,OMRON,UL,224,151-E8810:601-0,UH1650 DIE CASTING MACHINE,45072
 CONTROL PANEL,SR273,SOCKET,P7SA-14F-ND,1,OMRON,UL,224,151-E8810:601-0,UH1650 DIE CASTING MACHINE,45072
 CONTROL PANEL,SR274,SAFETY RELAY,G7SA-4A2B DC24V,1,OMRON,UL,224,151-E8810:601-0,UH1650 DIE CASTING MACHINE,45072
 CONTROL PANEL,SR274,SOCKET,P7SA-14F-ND,1,OMRON,UL,224,151-E8810:601-0,UH1650 DIE CASTING MACHINE,45072
 CONTROL PANEL,SR275,SAFETY RELAY,G7SA-4A2B DC24V,1,OMRON,UL,224,151-E8810:601-0,UH1650 DIE CASTING MACHINE,45072
 CONTROL PANEL,SR275,SOCKET,P7SA-14F-ND,1,OMRON,UL,224,151-E8810:601-0,UH1650 DIE CASTING MACHINE,45072
 CONTROL PANEL,SR276,SAFETY RELAY,G7SA-4A2B DC24V,1,OMRON,UL,224,151-E8810:601-0,UH1650 DIE CASTING MACHINE,45072
 CONTROL PANEL,SR276,SOCKET,P7SA-14F-ND,1,OMRON,UL,224,151-E8810:601-0,UH1650 DIE CASTING MACHINE,45072
 CONTROL PANEL,SR277,SAFETY RELAY,G7SA-4A2B DC24V,1,OMRON,UL,224,151-E8810:601-0,UH1650 DIE CASTING MACHINE,45072
 CONTROL PANEL,SR277,SOCKET,P7SA-14F-ND,1,OMRON,UL,224,151-E8810:601-0,UH1650 DIE CASTING MACHINE,45072
 CONTROL PANEL,SR280,SAFETY RELAY,G7SA-4A2B DC24V,1,OMRON,UL,225,151-E8810:601-0,UH1650 DIE CASTING MACHINE,45072
 CONTROL PANEL,SR280,SOCKET,P7SA-14F-ND,1,OMRON,UL,225,151-E8810:601-0,UH1650 DIE CASTING MACHINE,45072
 CONTROL PANEL,SR281,SAFETY RELAY,G7SA-4A2B DC24V,1,OMRON,UL,225,151-E8810:601-0,UH1650 DIE CASTING MACHINE,45072
 CONTROL PANEL,SR281,SOCKET,P7SA-14F-ND,1,OMRON,UL,225,151-E8810:601-0,UH1650 DIE CASTING MACHINE,45072
 CONTROL PANEL,SR282,SAFETY RELAY,G7SA-4A2B DC24V,1,OMRON,UL,225,151-E8810:601-0,UH1650 DIE CASTING MACHINE,45072
 CONTROL PANEL,SR282,SOCKET,P7SA-14F-ND,1,OMRON,UL,225,151-E8810:601-0,UH1650 DIE CASTING MACHINE,45072
 CONTROL PANEL,SR283,SAFETY RELAY,G7SA-4A2B DC24V,1,OMRON,UL,225,151-E8810:601-0,UH1650 DIE CASTING MACHINE,45072
 CONTROL PANEL,SR283,SOCKET,P7SA-14F-ND,1,OMRON,UL,225,151-E8810:601-0,UH1650 DIE CASTING MACHINE,45072
 CONTROL PANEL,SR284,SAFETY RELAY,G7SA-4A2B DC24V,1,OMRON,UL,225,151-E8810:601-0,UH1650 DIE CASTING MACHINE,45072
 CONTROL PANEL,SR284,SOCKET,P7SA-14F-ND,1,OMRON,UL,225,151-E8810:601-0,UH1650 DIE CASTING MACHINE,45072
 CONTROL PANEL,SR285,SAFETY RELAY,G7SA-4A2B DC24V,1,OMRON,UL,225,151-E8810:601-0,UH1650 DIE CASTING MACHINE,45072
 CONTROL PANEL,SR285,SOCKET,P7SA-14F-ND,1,OMRON,UL,225,151-E8810:601-0,UH1650 DIE CASTING MACHINE,45072
 CONTROL PANEL,SR286,SAFETY RELAY,G7SA-4A2B DC24V,1,OMRON,UL,225,151-E8810:601-0,UH1650 DIE CASTING MACHINE,45072
 CONTROL PANEL,SR286,SOCKET,P7SA-14F-ND,1,OMRON,UL,225,151-E8810:601-0,UH1650 DIE CASTING MACHINE,45072
 CONTROL PANEL,SR287,SAFETY RELAY,G7SA-4A2B DC24V,1,OMRON,UL,225,151-E8810:601-0,UH1650 DIE CASTING MACHINE,45072
 CONTROL PANEL,SR287,SOCKET,P7SA-14F-ND,1,OMRON,UL,225,151-E8810:601-0,UH1650 DIE CASTING MACHINE,45072
 CONTROL PANEL,SR290,SAFETY RELAY,G7SA-4A2B DC24V,1,OMRON,UL,226,151-E8810:601-0,UH1650 DIE CASTING MACHINE,45072
 CONTROL PANEL,SR290,SOCKET,P7SA-14F-ND,1,OMRON,UL,226,151-E8810:601-0,UH1650 DIE CASTING MACHINE,45072
 CONTROL PANEL,SR291,SAFETY RELAY,G7SA-4A2B DC24V,1,OMRON,UL,226,151-E8810:601-0,UH1650 DIE CASTING MACHINE,45072
 CONTROL PANEL,SR291,SOCKET,P7SA-14F-ND,1,OMRON,UL,226,151-E8810:601-0,UH1650 DIE CASTING MACHINE,45072
 CONTROL PANEL,SR292,SAFETY RELAY,G7SA-4A2B DC24V,1,OMRON,UL,226,151-E8810:601-0,UH1650 DIE CASTING MACHINE,45072
 CONTROL PANEL,SR292,SOCKET,P7SA-14F-ND,1,OMRON,UL,226,151-E8810:601-0,UH1650 DIE CASTING MACHINE,45072
 CONTROL PANEL,SR293,SAFETY RELAY,G7SA-4A2B DC24V,1,OMRON,UL,226,151-E8810:601-0,UH1650 DIE CASTING MACHINE,45072
 CONTROL PANEL,SR293,SOCKET,P7SA-14F-ND,1,OMRON,UL,226,151-E8810:601-0,UH1650 DIE CASTING MACHINE,45072
 CONTROL PANEL,AIR91,AIR-CONDITIONER,ENC-AR2200EX-CU,1,APISTE,UL,227,151-E8810:601-0,UH1650 DIE CASTING MACHINE,45072
 CONTROL PANEL,AIR150,"AIR-CONDITIONER AC200V, 60Hz",ENC-AR1120EX-CU,1,APISTE,UL,228,151-E8810:601-0,UH1650 DIE CASTING MACHINE,45072
 CONTROL PANEL,DS154,DOOR SWITCH,Z-15GW2-B,1,OMRON,RU,229,151-E8810:601-0,UH1650 DIE CASTING MACHINE,45072
 CONTROL PANEL,DS154,COVER,AP-B,1,OMRON,RU,229,151-E8810:601-0,UH1650 DIE CASTING MACHINE,45072
 CONTROL PANEL,DS155,DOOR SWITCH,Z-15GW2-B,1,OMRON,RU,229,151-E8810:601-0,UH1650 DIE CASTING MACHINE,45072
 CONTROL PANEL,DS155,COVER,AP-B,1,OMRON,RU,229,151-E8810:601-0,UH1650 DIE CASTING MACHINE,45072
 CONTROL PANEL,LED154,LED WORK LIGHT DC24V,CLA3S-24-CD-30,1,PATLITE,UL,230,151-E8810:601-0,UH1650 DIE CASTING MACHINE,45072
 CONTROL PANEL,LED155,LED WORK LIGHT DC24V,CLA3S-24-CD-30,1,PATLITE,UL,230,151-E8810:601-0,UH1650 DIE CASTING MACHINE,45072
 CONTROL PANEL,ELB151,EARTH LEAKAGE BREAKER,QCGF1015 1P 120VAC 15AT 5mA,1,MOELLER,UL,231,151-E8810:601-0,UH1650 DIE CASTING MACHINE,45072
 CONTROL PANEL,ELB151,DIN Rail Adapter,QCDINADAPT,1,MOELLER,UL,231,151-E8810:601-0,UH1650 DIE CASTING MACHINE,45072
 CONTROL PANEL,ELB152,EARTH LEAKAGE BREAKER,QCGF1015 1P 120VAC 15AT 5mA,1,MOELLER,UL,231,151-E8810:601-0,UH1650 DIE CASTING MACHINE,45072
 CONTROL PANEL,ELB152,DIN Rail Adapter,QCDINADAPT,1,MOELLER,UL,231,151-E8810:601-0,UH1650 DIE CASTING MACHINE,45072
 CONTROL PANEL,CON150,OUTLET,WN1101,1,Panasonic,RU,232,151-E8810:601-0,UH1650 DIE CASTING MACHINE,45072
 CONTROL PANEL,CON151,OUTLET,WN9501,1,Panasonic,RU,233,151-E8810:601-0,UH1650 DIE CASTING MACHINE,45072
 CONTROL PANEL,CON151,OUTLET,WN3900,1,Panasonic,RU,233,151-E8810:601-0,UH1650 DIE CASTING MACHINE,45072
 CONTROL PANEL,CON151,OUTLET,WK3001W,1,Panasonic,RU,233,151-E8810:601-0,UH1650 DIE CASTING MACHINE,45072
 CONTROL PANEL,AMP20,CONVERTER FOR THERMO SENSITIVE REGISTER,MR-J3-LM01,1,MITSUBISH,●,235,151-E8810:601-0,UH1650 DIE CASTING MACHINE,45072
 CONTROL PANEL,AMP300,SAFETY RELAY TERMINAL,SL-R11E DC24V,1,KEYENCE,UL,236,151-E8810:601-0,UH1650 DIE CASTING MACHINE,45072
 CONTROL PANEL,SR300,SAFETY RELAY,G7SA-4A2B DC24V,2,OMRON,UL,237,151-E8810:601-0,UH1650 DIE CASTING MACHINE,45072
 CONTROL PANEL,SR300,SOCKET,P7SA-14F-ND,2,OMRON,UL,237,151-E8810:601-0,UH1650 DIE CASTING MACHINE,45072
 CONTROL PANEL,RACK360,BASE UNIT,F3BU09-ON/D2,1,YOKOGAWA,UL,238,151-E8810:601-0,UH1650 DIE CASTING MACHINE,45072
 CONTROL PANEL,RACK360,POWER UNIT,F3PU30-0S,1,YOKOGAWA,UL,239,151-E8810:601-0,UH1650 DIE CASTING MACHINE,45072
 CONTROL PANEL,RACK360,CPU UNIT,F3RP61-2R/Z,1,UBE,UL,240,151-E8810:601-0,UH1650 DIE CASTING MACHINE,45072
 CONTROL PANEL,RACK360,S-DDV/JUNKWare,(JUNK-RT),1,UBE,UL,241,151-E8810:601-0,UH1650 DIE CASTING MACHINE,45072
 CONTROL PANEL,RACK360,INTERRUPT UNIT,YF31NT-U Rev. 2. 1,1,UBE,UL,242,151-E8810:601-0,UH1650 DIE CASTING MACHINE,45072
 CONTROL PANEL,RACK360,DIO (32/32) UNIT,F3WD64-3P,1,YOKOGAWA,UL,243,151-E8810:601-0,UH1650 DIE CASTING MACHINE,45072
 CONTROL PANEL,RACK360,COUNTER (2ch) UNIT,F3XP02-0H,1,YOKOGAWA,UL,244,151-E8810:601-0,UH1650 DIE CASTING MACHINE,45072
 CONTROL PANEL,RACK360,DA (4ch) UNIT,F3DA04-6R,1,YOKOGAWA,UL,245,151-E8810:601-0,UH1650 DIE CASTING MACHINE,45072
 CONTROL PANEL,RACK360,AD (8ch) UNIT,F3AD08-5R,1,YOKOGAWA,UL,246,151-E8810:601-0,UH1650 DIE CASTING MACHINE,45072
 CONTROL PANEL,CN380,CONNECTOR,FCN-361J024-AU,1,INTERFACE,HS-DDV,247,151-E8810:601-0,UH1650 DIE CASTING MACHINE,45072
 CONTROL PANEL,CN380,COVER,FCN-360C024-B,1,INTERFACE,HS-DDV,247,151-E8810:601-0,UH1650 DIE CASTING MACHINE,45072
 CONTROL PANEL,CN410,CONNECTOR,FCN-361J040-AU,3,INTERFACE,HS-DDV,248,151-E8810:601-0,UH1650 DIE CASTING MACHINE,45072
 CONTROL PANEL,CN411,CONNECTOR,FCN-361J040-AU,3,INTERFACE,HS-DDV,248,151-E8810:601-0,UH1650 DIE CASTING MACHINE,45072
 CONTROL PANEL,CN440,COVER,FCN-360C040-B,3,INTERFACE,HS-DDV,248,151-E8810:601-0,UH1650 DIE CASTING MACHINE,45072
 CONTROL PANEL,CN441,COVER,FCN-360C040-B,3,INTERFACE,HS-DDV,248,151-E8810:601-0,UH1650 DIE CASTING MACHINE,45072
 CONTROL PANEL,AMP390,信号変換器,WSP-DEW36PP-DX CE,2,WATANABE,,249,151-E8810:601-0,UH1650 DIE CASTING MACHINE,45072
 CONTROL PANEL,AMP391,信号変換器,WSP-DEW36PP-DX CE,2,WATANABE,,249,151-E8810:601-0,UH1650 DIE CASTING MACHINE,45072
 CONTROL PANEL,HUB370,SWITCHING HUB,IE-SW-BL05-5TX DC24V,1,Weidmuller,UL,251,151-E8810:601-0,UH1650 DIE CASTING MACHINE,45072
 CONTROL PANEL,CAB370,LAN CABLE,IE-C6FP8LB0020M40M40-B,2,Weidmuller,UL 1581 FT2,252,151-E8810:601-0,UH1650 DIE CASTING MACHINE,45072
 CONTROL PANEL,CAB371,LAN CABLE,IE-C6FP8LB0020M40M40-B,2,Weidmuller,UL 1581 FT2,252,151-E8810:601-0,UH1650 DIE CASTING MACHINE,45072
 CONTROL PANEL,CAB372,LAN CABLE,IE-C6FP8LD0300M40M40-D,1,Weidmuller,UL 1581 FT2,253,151-E8810:601-0,UH1650 DIE CASTING MACHINE,45072
 CONTROL PANEL,CAB373,LAN CABLE,IE-C6FP8LB0030M40M40-B,2,Weidmuller,UL 1581 FT2,254,151-E8810:601-0,UH1650 DIE CASTING MACHINE,45072
 CONTROL PANEL,CAB492,LAN CABLE,IE-C6FP8LB0030M40M40-B,2,Weidmuller,UL 1581 FT2,254,151-E8810:601-0,UH1650 DIE CASTING MACHINE,45072
 CONTROL PANEL,CON370,LAN RECEPTACLE,NR3160W,1,Panasonic,,255,151-E8810:601-0,UH1650 DIE CASTING MACHINE,45072
 CONTROL PANEL,CON370,LAN RECEPTACLE,WN9501,1,Panasonic,,255,151-E8810:601-0,UH1650 DIE CASTING MACHINE,45072
 CONTROL PANEL,CON370,LAN RECEPTACLE,WN3900,1,Panasonic,,255,151-E8810:601-0,UH1650 DIE CASTING MACHINE,45072
 CONTROL PANEL,CAB580,DEVICE NET CABLE,DCA1-5C10,1,OMRON,,256,151-E8810:601-0,UH1650 DIE CASTING MACHINE,45072
 CONTROL PANEL,PLC1,POWER UNIT,CJ1W-PA205R,1,OMRON,UL,258,151-E8810:601-0,UH1650 DIE CASTING MACHINE,45072
 CONTROL PANEL,PLC1,CPU UNIT,CJ2M-CPU35,1,OMRON,UL,259,151-E8810:601-0,UH1650 DIE CASTING MACHINE,45072
 CONTROL PANEL,PLC1,I/O CONTOROL UNIT,CJ1W-IC101,1,OMRON,UL,260,151-E8810:601-0,UH1650 DIE CASTING MACHINE,45072
 CONTROL PANEL,PLC1,CABLE,CS1W-CN313 0.3m,1,OMRON,UL,261,151-E8810:601-0,UH1650 DIE CASTING MACHINE,45072
 CONTROL PANEL,PLC1,DC INPUT UNIT,CJ1W-ID211,1,OMRON,UL,262,151-E8810:601-0,UH1650 DIE CASTING MACHINE,45072
 CONTROL PANEL,PLC1,DC OUTPUT UNIT,CJ1W-OD211,1,OMRON,UL,263,151-E8810:601-0,UH1650 DIE CASTING MACHINE,45072
 CONTROL PANEL,PLC1,A/D INPUT UNIT,CJ1W-AD041-V1,2,OMRON,UL,264,151-E8810:601-0,UH1650 DIE CASTING MACHINE,45072
 CONTROL PANEL,PLC1,D/A OUTPUT UNIT,CJ1W-DA08V,1,OMRON,UL,265,151-E8810:601-0,UH1650 DIE CASTING MACHINE,45072
 CONTROL PANEL,PLC1,TEMPERATURE CTL UNIT,CJ1W-TC002,1,OMRON,UL,266,151-E8810:601-0,UH1650 DIE CASTING MACHINE,45072
 CONTROL PANEL,PLC1,TEMPERATURE CTL UNIT,CJ1W-TC102,1,OMRON,UL,267,151-E8810:601-0,UH1650 DIE CASTING MACHINE,45072
 CONTROL PANEL,PLC1,COUNTER UNIT,CJ1W-CT021,1,OMRON,UL,268,151-E8810:601-0,UH1650 DIE CASTING MACHINE,45072
 CONTROL PANEL,PLC1,COMPOBUS UNIT,CJ1W-SRM21,1,OMRON,UL,269,151-E8810:601-0,UH1650 DIE CASTING MACHINE,45072
 CONTROL PANEL,PLC1,CONTROLLER LINK UNIT,CJ1W-CLK23,1,OMRON,UL,270,151-E8810:601-0,UH1650 DIE CASTING MACHINE,45072
 CONTROL PANEL,"PLC2, 3",POWER UNIT,CJ1W-PA202,2,OMRON,UL,271,151-E8810:601-0,UH1650 DIE CASTING MACHINE,45072
 CONTROL PANEL,"PLC2, 3",I/O CONTOROL UNIT,CJ1W-II101,2,OMRON,UL,272,151-E8810:601-0,UH1650 DIE CASTING MACHINE,45072
 CONTROL PANEL,PLC2,CABLE,CS1W-CN713 0.7m,1,OMRON,UL,273,151-E8810:601-0,UH1650 DIE CASTING MACHINE,45072
 CONTROL PANEL,"PLC2, 3",DC INPUT UNIT,CJ1W-ID261,6,OMRON,UL,274,151-E8810:601-0,UH1650 DIE CASTING MACHINE,45072
 CONTROL PANEL,PLC 2,DC OUTPUT UNIT,CJ1W-OD261,2,OMRON,UL,275,151-E8810:601-0,UH1650 DIE CASTING MACHINE,45072
 CONTROL PANEL,PLC 2,DC OUTPUT UNIT,CJ1W-OD262,2,OMRON,UL,276,151-E8810:601-0,UH1650 DIE CASTING MACHINE,45072
 CONTROL PANEL,PLC3,FL-NET UNIT,CJ1W-FLN22,1,OMRON,UL,277,151-E8810:601-0,UH1650 DIE CASTING MACHINE,45072
 CONTROL PANEL,CAB503,USB CABLE,"DUPBB, 2m",1,DIATREND,,278,151-E8810:601-0,UH1650 DIE CASTING MACHINE,45072
 CONTROL PANEL,CON500,USB adapter,AD-USB6,1,SANWA,,279,151-E8810:601-0,UH1650 DIE CASTING MACHINE,45072
 CONTROL PANEL,CAB591,CONTROLLER LINK CABLE,ESN 0.5x1P 1P-99-0878B,1,NIHON ELECTRIC WIRE,UL,280,151-E8810:601-0,UH1650 DIE CASTING MACHINE,45072
 CONTROL PANEL,TBC700,CONNECTOR CONVERTED TERMINAL BLOCK,PCN-1T40,4,TOYOGIKEN,UL,282,151-E8810:601-0,UH1650 DIE CASTING MACHINE,45072
 CONTROL PANEL,TBC720,CONNECTOR CONVERTED TERMINAL BLOCK,PCN-1T40,4,TOYOGIKEN,UL,282,151-E8810:601-0,UH1650 DIE CASTING MACHINE,45072
 CONTROL PANEL,TBC740,CONNECTOR CONVERTED TERMINAL BLOCK,PCN-1T40,4,TOYOGIKEN,UL,282,151-E8810:601-0,UH1650 DIE CASTING MACHINE,45072
 CONTROL PANEL,TBC760,CONNECTOR CONVERTED TERMINAL BLOCK,PCN-1T40,4,TOYOGIKEN,UL,282,151-E8810:601-0,UH1650 DIE CASTING MACHINE,45072
 CONTROL PANEL,CAB700,CABLE,XW2Z-200B,2,OMRON,UL,283,151-E8810:601-0,UH1650 DIE CASTING MACHINE,45072
 CONTROL PANEL,CAB720,CABLE,XW2Z-200B,2,OMRON,UL,283,151-E8810:601-0,UH1650 DIE CASTING MACHINE,45072
 CONTROL PANEL,CAB740,CABLE,XW2Z-200K,2,OMRON,UL,284,151-E8810:601-0,UH1650 DIE CASTING MACHINE,45072
 CONTROL PANEL,CAB760,CABLE,XW2Z-200K,2,OMRON,UL,284,151-E8810:601-0,UH1650 DIE CASTING MACHINE,45072
 CONTROL PANEL,TBC780,CONNECTOR CONVERTED TERMINAL BLOCK,PCN-1T40,6,TOYOGIKEN,UL,286,151-E8810:601-0,UH1650 DIE CASTING MACHINE,45072
 CONTROL PANEL,TBC800,CONNECTOR CONVERTED TERMINAL BLOCK,PCN-1T40,6,TOYOGIKEN,UL,286,151-E8810:601-0,UH1650 DIE CASTING MACHINE,45072
 CONTROL PANEL,TBC820,CONNECTOR CONVERTED TERMINAL BLOCK,PCN-1T40,6,TOYOGIKEN,UL,286,151-E8810:601-0,UH1650 DIE CASTING MACHINE,45072
 CONTROL PANEL,TBC840,CONNECTOR CONVERTED TERMINAL BLOCK,PCN-1T40,6,TOYOGIKEN,UL,286,151-E8810:601-0,UH1650 DIE CASTING MACHINE,45072
 CONTROL PANEL,TBC860,CONNECTOR CONVERTED TERMINAL BLOCK,PCN-1T40,6,TOYOGIKEN,UL,286,151-E8810:601-0,UH1650 DIE CASTING MACHINE,45072
 CONTROL PANEL,TBC880,CONNECTOR CONVERTED TERMINAL BLOCK,PCN-1T40,6,TOYOGIKEN,UL,286,151-E8810:601-0,UH1650 DIE CASTING MACHINE,45072
 CONTROL PANEL,CAB780,CABLE,XW2Z-200B,6,OMRON,UL,287,151-E8810:601-0,UH1650 DIE CASTING MACHINE,45072
 CONTROL PANEL,CAB800,CABLE,XW2Z-200B,6,OMRON,UL,287,151-E8810:601-0,UH1650 DIE CASTING MACHINE,45072
 CONTROL PANEL,CAB820,CABLE,XW2Z-200B,6,OMRON,UL,287,151-E8810:601-0,UH1650 DIE CASTING MACHINE,45072
 CONTROL PANEL,CAB840,CABLE,XW2Z-200B,6,OMRON,UL,287,151-E8810:601-0,UH1650 DIE CASTING MACHINE,45072
 CONTROL PANEL,CAB860,CABLE,XW2Z-200B,6,OMRON,UL,287,151-E8810:601-0,UH1650 DIE CASTING MACHINE,45072
 CONTROL PANEL,CAB880,CABLE,XW2Z-200B,6,OMRON,UL,287,151-E8810:601-0,UH1650 DIE CASTING MACHINE,45072
 CONTROL PANEL,IOR900,I/O RELAY TERMINAL,G70A-ZOC16-3,1,OMRON,UL,288,151-E8810:601-0,UH1650 DIE CASTING MACHINE,45072
 CONTROL PANEL,IOR910,I/O RELAY TERMINAL,G70A-ZOC16-3,1,OMRON,UL,288,151-E8810:601-0,UH1650 DIE CASTING MACHINE,45072
 CONTROL PANEL,IOR920,I/O RELAY TERMINAL,G70A-ZOC16-3,1,OMRON,UL,288,151-E8810:601-0,UH1650 DIE CASTING MACHINE,45072
 CONTROL PANEL,IOR930,I/O RELAY TERMINAL,G70A-ZOC16-3,1,OMRON,UL,288,151-E8810:601-0,UH1650 DIE CASTING MACHINE,45072
 CONTROL PANEL,IOR940,I/O RELAY TERMINAL,G70A-ZOC16-3,1,OMRON,UL,288,151-E8810:601-0,UH1650 DIE CASTING MACHINE,45072
 CONTROL PANEL,IOR950,I/O RELAY TERMINAL,G70A-ZOC16-3,1,OMRON,UL,288,151-E8810:601-0,UH1650 DIE CASTING MACHINE,45072
 CONTROL PANEL,CR900~F,RELAY,G3R-0A202SZN,1,OMRON,UL,288,151-E8810:601-0,UH1650 DIE CASTING MACHINE,45072
 CONTROL PANEL,CR910~F,RELAY,G3R-0A202SZN,1,OMRON,UL,288,151-E8810:601-0,UH1650 DIE CASTING MACHINE,45072
 CONTROL PANEL,CR920~F,RELAY,G3R-0A202SZN,1,OMRON,UL,288,151-E8810:601-0,UH1650 DIE CASTING MACHINE,45072
 CONTROL PANEL,CR930~F,RELAY,G3R-0A202SZN,1,OMRON,UL,288,151-E8810:601-0,UH1650 DIE CASTING MACHINE,45072
 CONTROL PANEL,CR940~F,RELAY,G3R-0A202SZN,1,OMRON,UL,288,151-E8810:601-0,UH1650 DIE CASTING MACHINE,45072
 CONTROL PANEL,CR950~F,RELAY,G3R-0A202SZN,1,OMRON,UL,288,151-E8810:601-0,UH1650 DIE CASTING MACHINE,45072
 CONTROL PANEL,,RELAY,G3R-0A202SZN,90,OMRON,UL,288,151-E8810:601-0,UH1650 DIE CASTING MACHINE,45072
 CONTROL PANEL,CAB900,CABLE,G79-0200C-175,1,OMRON,UL,288,151-E8810:601-0,UH1650 DIE CASTING MACHINE,45072
 CONTROL PANEL,CAB920,CABLE,G79-0200C-175,1,OMRON,UL,288,151-E8810:601-0,UH1650 DIE CASTING MACHINE,45072
 CONTROL PANEL,CAB940,CABLE,G79-0200C-175,1,OMRON,UL,288,151-E8810:601-0,UH1650 DIE CASTING MACHINE,45072
 CONTROL PANEL,IOR960,I/O RELAY TERMINAL,G70A-ZOC16-3,1,OMRON,UL,289,151-E8810:601-0,UH1650 DIE CASTING MACHINE,45072
 CONTROL PANEL,IOR970,I/O RELAY TERMINAL,G70A-ZOC16-3,1,OMRON,UL,289,151-E8810:601-0,UH1650 DIE CASTING MACHINE,45072
 CONTROL PANEL,CR960-F,RELAY,G2R-1-SN,1,OMRON,UL,289,151-E8810:601-0,UH1650 DIE CASTING MACHINE,45072
 CONTROL PANEL,CR970-F,RELAY,G2R-1-SN,1,OMRON,UL,289,151-E8810:601-0,UH1650 DIE CASTING MACHINE,45072
 CONTROL PANEL,,RELAY,G2R-1-SN,30,OMRON,UL,289,151-E8810:601-0,UH1650 DIE CASTING MACHINE,45072
 CONTROL PANEL,CAB960,CABLE,G79-0200C-175,1,OMRON,UL,289,151-E8810:601-0,UH1650 DIE CASTING MACHINE,45072
 CONTROL PANEL,TBC980,CONNECTOR CONVERTED TERMINAL BLOCK,PCN-1T40,1,TOYOGIKEN,UL,290,151-E8810:601-0,UH1650 DIE CASTING MACHINE,45072
 CONTROL PANEL,TBC1000,CONNECTOR CONVERTED TERMINAL BLOCK,PCN-1T40,1,TOYOGIKEN,UL,290,151-E8810:601-0,UH1650 DIE CASTING MACHINE,45072
 CONTROL PANEL,CAB980,CABLE,XW2Z-200B,1,OMRON,UL,290,151-E8810:601-0,UH1650 DIE CASTING MACHINE,45072
 CONTROL PANEL,CAB1000,CABLE,XW2Z-200B,1,OMRON,UL,290,151-E8810:601-0,UH1650 DIE CASTING MACHINE,45072
 CONTROL PANEL,TBC1020,CONNECTOR CONVERTED TERMINAL BLOCK,PCN-1T40,1,TOYOGIKEN,UL,292,151-E8810:601-0,UH1650 DIE CASTING MACHINE,45072
 CONTROL PANEL,TBC1040,CONNECTOR CONVERTED TERMINAL BLOCK,PCN-1T40,1,TOYOGIKEN,UL,292,151-E8810:601-0,UH1650 DIE CASTING MACHINE,45072
 CONTROL PANEL,CAB1020,CABLE,XW2Z-200K,1,OMRON,UL,292,151-E8810:601-0,UH1650 DIE CASTING MACHINE,45072
 CONTROL PANEL,CAB1040,CABLE,XW2Z-200K,1,OMRON,UL,292,151-E8810:601-0,UH1650 DIE CASTING MACHINE,45072
 CONTROL PANEL,TBC1060,CONNECTOR CONVERTED TERMINAL BLOCK,PCN-1T40,1,TOYOGIKEN,UL,294,151-E8810:601-0,UH1650 DIE CASTING MACHINE,45072
 CONTROL PANEL,TBC1080,CONNECTOR CONVERTED TERMINAL BLOCK,PCN-1T40,1,TOYOGIKEN,UL,294,151-E8810:601-0,UH1650 DIE CASTING MACHINE,45072
 CONTROL PANEL,CAB1060,CABLE,XW2Z-200B,1,OMRON,UL,294,151-E8810:601-0,UH1650 DIE CASTING MACHINE,45072
 CONTROL PANEL,CAB1080,CABLE,XW2Z-200B,1,OMRON,UL,294,151-E8810:601-0,UH1650 DIE CASTING MACHINE,45072
 CONTROL PANEL,EBZ1030,BUZZER,XVS96BMBP,1,Digital,UL,295,151-E8810:601-0,UH1650 DIE CASTING MACHINE,45072
 CONTROL PANEL,AMP1060,ENCODER CONVERTER,NCV-20NGNLW,1,NSD,●,298,151-E8810:601-0,UH1650 DIE CASTING MACHINE,45072
 CONTROL PANEL,AMP1070,ENCODER CONVERTER,NCV-20NGNLW,1,NSD,●,298,151-E8810:601-0,UH1650 DIE CASTING MACHINE,45072
 CONTROL PANEL,AMP1080,ENCODER CONVERTER,NCV-20NGNLW,1,NSD,●,298,151-E8810:601-0,UH1650 DIE CASTING MACHINE,45072
 CONTROL PANEL,AMP1090,ENCODER CONVERTER,NCV-20NGNLW,1,NSD,●,298,151-E8810:601-0,UH1650 DIE CASTING MACHINE,45072
 CONTROL PANEL,TB,TERMINAL BLOCK,BNH15MWTUK15,1set,idec,UL,307,151-E8810:601-0,UH1650 DIE CASTING MACHINE,45072
 CONTROL PANEL,,Vise Action Latch,E3-16-35,4,NBK,,307,151-E8810:601-0,UH1650 DIE CASTING MACHINE,45072
 OPERATION PANEL,PL117,AC115V (R),AC115V (R),1,FUJI,RU,1,151-E8810:601-0,UH1650 DIE CASTING MACHINE,45072
 OPERATION PANEL,PL180,DC24V (R),DC24V (R),1,FUJI,RU,1,151-E8810:601-0,UH1650 DIE CASTING MACHINE,45072
 OPERATION PANEL,PL190,DC24V (R),DC24V (R),1,FUJI,RU,1,151-E8810:601-0,UH1650 DIE CASTING MACHINE,45072
 OPERATION PANEL,PL170,DC24V (W),DC24V (W),1,FUJI,RU,1,151-E8810:601-0,UH1650 DIE CASTING MACHINE,45072
 OPERATION PANEL,PL353,DC24V (R),DC24V (R),1,FUJI,RU,1,151-E8810:601-0,UH1650 DIE CASTING MACHINE,45072
 OPERATION PANEL,PL356,DC24V (R),DC24V (R),1,FUJI,RU,1,151-E8810:601-0,UH1650 DIE CASTING MACHINE,45072
 OPERATION PANEL,PL154D,DC24V (G),DC24V (G),1,FUJI,RU,1,151-E8810:601-0,UH1650 DIE CASTING MACHINE,45072
 OPERATION PANEL,PL154E,DC24V (G),DC24V (G),1,FUJI,RU,1,151-E8810:601-0,UH1650 DIE CASTING MACHINE,45072
 OPERATION PANEL,PL154F,DC24V (R),DC24V (R),1,FUJI,RU,1,151-E8810:601-0,UH1650 DIE CASTING MACHINE,45072
 OPERATION PANEL,PL1550,DC24V (G),DC24V (G),1,FUJI,RU,1,151-E8810:601-0,UH1650 DIE CASTING MACHINE,45072
 OPERATION PANEL,PL1551,DC24V (G),DC24V (G),1,FUJI,RU,1,151-E8810:601-0,UH1650 DIE CASTING MACHINE,45072
 OPERATION PANEL,PL1552,DC24V (R),DC24V (R),1,FUJI,RU,1,151-E8810:601-0,UH1650 DIE CASTING MACHINE,45072
 OPERATION PANEL,PL1553,DC24V (G),DC24V (G),1,FUJI,RU,1,151-E8810:601-0,UH1650 DIE CASTING MACHINE,45072
 OPERATION PANEL,PL1554,DC24V (G),DC24V (G),1,FUJI,RU,1,151-E8810:601-0,UH1650 DIE CASTING MACHINE,45072
 OPERATION PANEL,PL1555,DC24V (R),DC24V (R),1,FUJI,RU,1,151-E8810:601-0,UH1650 DIE CASTING MACHINE,45072
 OPERATION PANEL,PL1556,DC24V (R),DC24V (R),1,FUJI,RU,1,151-E8810:601-0,UH1650 DIE CASTING MACHINE,45072
 OPERATION PANEL,PL1558,DC24V (R),DC24V (R),1,FUJI,RU,1,151-E8810:601-0,UH1650 DIE CASTING MACHINE,45072
 OPERATION PANEL,PL1559,DC24V (R),DC24V (R),1,FUJI,RU,1,151-E8810:601-0,UH1650 DIE CASTING MACHINE,45072
 OPERATION PANEL,PL155A,DC24V (R),DC24V (R),1,FUJI,RU,1,151-E8810:601-0,UH1650 DIE CASTING MACHINE,45072
 OPERATION PANEL,PL155B,DC24V (G),DC24V (G),1,FUJI,RU,1,151-E8810:601-0,UH1650 DIE CASTING MACHINE,45072
 OPERATION PANEL,PL155C,DC24V (W),DC24V (W),1,FUJI,RU,1,151-E8810:601-0,UH1650 DIE CASTING MACHINE,45072
 OPERATION PANEL,PL155D,DC24V (G),DC24V (G),1,FUJI,RU,1,151-E8810:601-0,UH1650 DIE CASTING MACHINE,45072
 OPERATION PANEL,PL155E,DC24V (G),DC24V (G),1,FUJI,RU,1,151-E8810:601-0,UH1650 DIE CASTING MACHINE,45072
 OPERATION PANEL,PL155F,DC24V (G),DC24V (G),1,FUJI,RU,1,151-E8810:601-0,UH1650 DIE CASTING MACHINE,45072
 OPERATION PANEL,PL1560,DC24V (O),DC24V (O),1,FUJI,RU,1,151-E8810:601-0,UH1650 DIE CASTING MACHINE,45072
 OPERATION PANEL,PL1561,DC24V (O),DC24V (O),1,FUJI,RU,1,151-E8810:601-0,UH1650 DIE CASTING MACHINE,45072
 OPERATION PANEL,PL1562,DC24V (O),DC24V (O),1,FUJI,RU,1,151-E8810:601-0,UH1650 DIE CASTING MACHINE,45072
 OPERATION PANEL,PL1563,DC24V (O),DC24V (O),1,FUJI,RU,1,151-E8810:601-0,UH1650 DIE CASTING MACHINE,45072
 OPERATION PANEL,PL1564,DC24V (O),DC24V (O),1,FUJI,RU,1,151-E8810:601-0,UH1650 DIE CASTING MACHINE,45072
 OPERATION PANEL,PL1565,DC24V (O),DC24V (O),1,FUJI,RU,1,151-E8810:601-0,UH1650 DIE CASTING MACHINE,45072
 OPERATION PANEL,PL1582,DC24V (G),DC24V (G),1,FUJI,RU,1,151-E8810:601-0,UH1650 DIE CASTING MACHINE,45072
 OPERATION PANEL,PL1583,DC24V (G),DC24V (G),1,FUJI,RU,1,151-E8810:601-0,UH1650 DIE CASTING MACHINE,45072
 OPERATION PANEL,PL1584,DC24V (R),DC24V (R),1,FUJI,RU,1,151-E8810:601-0,UH1650 DIE CASTING MACHINE,45072
 OPERATION PANEL,DS126,DOOR SWITCH,Z-15GW2-B,1,OMRON,RU,2,151-E8810:601-0,UH1650 DIE CASTING MACHINE,45072
 OPERATION PANEL,DS126,COVER,AP-B,1,OMRON,RU,2,151-E8810:601-0,UH1650 DIE CASTING MACHINE,45072
 OPERATION PANEL,CP151,CIRCUIT PROTECTOR,"60103 (Multi9 C60 UL489) 1P, AC2A, C CURVE",1,FUJI,UL489 5kA,3,151-E8810:601-0,UH1650 DIE CASTING MACHINE,45072
 OPERATION PANEL,CP151,COVER,ULM9T-COV,1,FUJI,UL489 5kA,3,151-E8810:601-0,UH1650 DIE CASTING MACHINE,45072
 OPERATION PANEL,PC151,HEAT EXCHANGER,OC-15S-A200 AC200V,1,OHM ELECTRIC,RU,4,151-E8810:601-0,UH1650 DIE CASTING MACHINE,45072
 OPERATION PANEL,CON161,OUTLET,7110GD-IV,1,American,NEMA5-15,5,151-E8810:601-0,UH1650 DIE CASTING MACHINE,45072
 OPERATION PANEL,CON161,COVER,SLP-1000,1,American,NEMA5-15,5,151-E8810:601-0,UH1650 DIE CASTING MACHINE,45072
 OPERATION PANEL,SP240,SAFETY PLUG,SPT-22-G-UL,1,DAIWA DENGYOH,UL,6,151-E8810:601-0,UH1650 DIE CASTING MACHINE,45072
 OPERATION PANEL,PBES190,EMERGENCY STOP PUSH BUTTON SWITCH,XN4E-BL412MRH Φ30,1,idec,RU,7,151-E8810:601-0,UH1650 DIE CASTING MACHINE,45072
 OPERATION PANEL,PBES190,NAME PLATE,HNAV-27,1,idec,RU,7,151-E8810:601-0,UH1650 DIE CASTING MACHINE,45072
 OPERATION PANEL,KS170,KEY SWITCH,AR22JR-2A22B,1,FUJI,RU,8,151-E8810:601-0,UH1650 DIE CASTING MACHINE,45072
 OPERATION PANEL,PBL320,ILLUMINATED PUSH BUTTON SWITCH,AR22G1L-11E3G LAMP: DC24V GREEN,1,FUJI,RU,9,151-E8810:601-0,UH1650 DIE CASTING MACHINE,45072
 OPERATION PANEL,PB320,PUSH BUTTON SWITCH,AR22G3R-11R,1,FUJI,RU,10,151-E8810:601-0,UH1650 DIE CASTING MACHINE,45072
 OPERATION PANEL,SS480,SELECTOR SWITCH,AR22PR-211B,1,FUJI,RU,11,151-E8810:601-0,UH1650 DIE CASTING MACHINE,45072
 OPERATION PANEL,RIO-1~3,REMOTE 1/0 TERMINAL (DI),SRT2-ID16-1,4,OMRON,UL,12,151-E8810:601-0,UH1650 DIE CASTING MACHINE,45072
 OPERATION PANEL,R10-4~6,REMOTE 1/0 TERMINAL (DO),SRT2-0D16-1,5,OMRON,UL,13,151-E8810:601-0,UH1650 DIE CASTING MACHINE,45072
 OPERATION PANEL,R580,TERMINATING RESISTOR,SRS1-T,1,OMRON,UL,14,151-E8810:601-0,UH1650 DIE CASTING MACHINE,45072
 OPERATION PANEL,CAB581,DEVICE NET CABLE,DCA1-5C10,1set,OMRON,UBE supplied product,15,151-E8810:601-0,UH1650 DIE CASTING MACHINE,45072
 OPERATION PANEL,CAB588,DEVICE NET CABLE,DCA1-5C10,1set,OMRON,UBE supplied product,15,151-E8810:601-0,UH1650 DIE CASTING MACHINE,45072
 OPERATION PANEL,PD510,TOUCH PANEL,V812iSD,1,HAKKO,,16,151-E8810:601-0,UH1650 DIE CASTING MACHINE,45072
 OPERATION PANEL,PD510,PROTECTION SHEET,V812-GS,1,HAKKO,,16,151-E8810:601-0,UH1650 DIE CASTING MACHINE,45072
 OPERATION PANEL,PD510,Ferrite core,GD-FC,1,HAKKO,,16,151-E8810:601-0,UH1650 DIE CASTING MACHINE,45072
 OPERATION PANEL,CAB510,USB CABLE,UA-FR,1,,,17,151-E8810:601-0,UH1650 DIE CASTING MACHINE,45072
 OPERATION PANEL,CAB510,USB EXTENSION CABLE,KU20-ECEN2,1,SANWA,,17,151-E8810:601-0,UH1650 DIE CASTING MACHINE,45072
 OPERATION PANEL,CF,CONPACKT FLASH,MCF10P-512MV (A02ADI),1,HAGIWARA,,18,151-E8810:601-0,UH1650 DIE CASTING MACHINE,45072
 OPERATION PANEL,PAT96B,SIGNAL TOWER,"LME-202W-RG, DC24V",1,PATLIGHT,UL,19,151-E8810:601-0,UH1650 DIE CASTING MACHINE,45072
 OPERATION PANEL,PAT96B,BASE,SZ-014,1,PATLIGHT,UL,19,151-E8810:601-0,UH1650 DIE CASTING MACHINE,45072
 OPERATION PANEL,SS1500,SELECTOR SWITCH,AK22-1M5407PWB,1,FUJI,RU,20,151-E8810:601-0,UH1650 DIE CASTING MACHINE,45072
 OPERATION PANEL,SS1506,SELECTOR SWITCH,AR22WCR-6174B,1,FUJI,RU,21,151-E8810:601-0,UH1650 DIE CASTING MACHINE,45072
 OPERATION PANEL,SS1508,SELECTOR SWITCH,AR22WCR-1174B,1,FUJI,RU,22,151-E8810:601-0,UH1650 DIE CASTING MACHINE,45072
 OPERATION PANEL,SS150A,SELECTOR SWITCH,AR22WCR-1174B,1,FUJI,RU,22,151-E8810:601-0,UH1650 DIE CASTING MACHINE,45072
 OPERATION PANEL,SS150C,SELECTOR SWITCH,AR22WCR-1174B,1,FUJI,RU,22,151-E8810:601-0,UH1650 DIE CASTING MACHINE,45072
 OPERATION PANEL,PB1510,PUSH BUTTON SWITCH,AR22G3R-11S,1,FUJI,RU,23,151-E8810:601-0,UH1650 DIE CASTING MACHINE,45072
 OPERATION PANEL,PB1511,PUSH BUTTON SWITCH,AR22G3R-11B,1,FUJI,RU,24,151-E8810:601-0,UH1650 DIE CASTING MACHINE,45072
 OPERATION PANEL,SS1512,SELECTOR SWITCH,AR22PR-211B,1,FUJI,RU,25,151-E8810:601-0,UH1650 DIE CASTING MACHINE,45072
 OPERATION PANEL,PBL1513,ILLUMINATED PUSH BUTTON SWITCH,AR22G2L-11E3R,1,FUJI,RU,26,151-E8810:601-0,UH1650 DIE CASTING MACHINE,45072
 OPERATION PANEL,PBL1513,LAMP: DC24V RED,,1,FUJI,RU,26,151-E8810:601-0,UH1650 DIE CASTING MACHINE,45072
 OPERATION PANEL,PB1514,PUSH BUTTON SWITCH,AR22G3R-11B,1,FUJI,RU,27,151-E8810:601-0,UH1650 DIE CASTING MACHINE,45072
 OPERATION PANEL,PB1515,PUSH BUTTON SWITCH,AR22G3R-11B,1,FUJI,RU,27,151-E8810:601-0,UH1650 DIE CASTING MACHINE,45072
 OPERATION PANEL,PBL1516,ILLUMINATED PUSH BUTTON SWITCH,AR22G2L-11E3A,1,FUJI,RU,28,151-E8810:601-0,UH1650 DIE CASTING MACHINE,45072
 OPERATION PANEL,PBL1516,LAMP: DC24V ORANGE,,1,FUJI,RU,28,151-E8810:601-0,UH1650 DIE CASTING MACHINE,45072
 OPERATION PANEL,SS1517,SELECTOR SWITCH,AR22PR-222B,1,FUJI,RU,29,151-E8810:601-0,UH1650 DIE CASTING MACHINE,45072
 OPERATION PANEL,SS1518,SELECTOR SWITCH,AR22PR-211B,1,FUJI,RU,30,151-E8810:601-0,UH1650 DIE CASTING MACHINE,45072
 OPERATION PANEL,PB1519,PUSH BUTTON SWITCH,AR22G3R-11B,1,FUJI,RU,31,151-E8810:601-0,UH1650 DIE CASTING MACHINE,45072
 OPERATION PANEL,PB151A,PUSH BUTTON SWITCH,AR22M3R-11G,1,FUJI,RU,32,151-E8810:601-0,UH1650 DIE CASTING MACHINE,45072
 OPERATION PANEL,PB151B,PUSH BUTTON SWITCH,AR22M3R-11G,1,FUJI,RU,32,151-E8810:601-0,UH1650 DIE CASTING MACHINE,45072
 OPERATION PANEL,PB151C,PUSH BUTTON SWITCH,AR22G3R-11B,1,FUJI,RU,33,151-E8810:601-0,UH1650 DIE CASTING MACHINE,45072
 OPERATION PANEL,PB151D,PUSH BUTTON SWITCH,AR22G3R-11Y,1,FUJI,RU,34,151-E8810:601-0,UH1650 DIE CASTING MACHINE,45072
 OPERATION PANEL,PB151E,PUSH BUTTON SWITCH,AR22G3R-11B,1,FUJI,RU,35,151-E8810:601-0,UH1650 DIE CASTING MACHINE,45072
 OPERATION PANEL,SS151F,SELECTOR SWITCH,AR22PR-211B,1,FUJI,RU,36,151-E8810:601-0,UH1650 DIE CASTING MACHINE,45072
 OPERATION PANEL,SS1521,SELECTOR SWITCH,AR22PR-322B,1,FUJI,RU,37,151-E8810:601-0,UH1650 DIE CASTING MACHINE,45072
 OPERATION PANEL,SPB1523,SELECTOR PUSH BUTTON SWITCH,AR22S2R-22B,1,FUJI,RU,38,151-E8810:601-0,UH1650 DIE CASTING MACHINE,45072
 OPERATION PANEL,PB1525,PUSH BUTTON SWITCH,AR22G3R-11B,1,FUJI,RU,39,151-E8810:601-0,UH1650 DIE CASTING MACHINE,45072
 OPERATION PANEL,PBL1526,ILLUMINATED PUSH BUTTON SWITCH,AR22G2L-11E3G,1,FUJI,RU,40,151-E8810:601-0,UH1650 DIE CASTING MACHINE,45072
 OPERATION PANEL,PBL1526,LAMP: DC24V GREEN,,1,FUJI,RU,40,151-E8810:601-0,UH1650 DIE CASTING MACHINE,45072
 OPERATION PANEL,PB1527,PUSH BUTTON SWITCH,AR22G3R-11S,1,FUJI,RU,41,151-E8810:601-0,UH1650 DIE CASTING MACHINE,45072
 OPERATION PANEL,PB1528,PUSH BUTTON SWITCH,AR22G3R-11Y,1,FUJI,RU,42,151-E8810:601-0,UH1650 DIE CASTING MACHINE,45072
 OPERATION PANEL,PBL1529,ILLUMINATED PUSH BUTTON SWITCH,AR22G2L-11E3G,1,FUJI,RU,43,151-E8810:601-0,UH1650 DIE CASTING MACHINE,45072
 OPERATION PANEL,PBL1529,LAMP: DC24V GREEN,,1,FUJI,RU,43,151-E8810:601-0,UH1650 DIE CASTING MACHINE,45072
 OPERATION PANEL,SS152B,SELECTOR SWITCH,AK22-1M4301PB,1,FUJI,RU,44,151-E8810:601-0,UH1650 DIE CASTING MACHINE,45072
 OPERATION PANEL,PL1540,"PILOT LAMP DC24V, GREEN",DB24-89GS,1,MARUYASU,RU,45,151-E8810:601-0,UH1650 DIE CASTING MACHINE,45072
 OPERATION PANEL,PL1541,"PILOT LAMP DC24V, GREEN",DB24-89GS,1,MARUYASU,RU,45,151-E8810:601-0,UH1650 DIE CASTING MACHINE,45072
 OPERATION PANEL,PL1542,"PILOT LAMP DC24V, GREEN",DB24-89GS,1,MARUYASU,RU,45,151-E8810:601-0,UH1650 DIE CASTING MACHINE,45072
 OPERATION PANEL,PL1543,"PILOT LAMP DC24V, GREEN",DB24-89GS,1,MARUYASU,RU,45,151-E8810:601-0,UH1650 DIE CASTING MACHINE,45072
 OPERATION PANEL,PL1544,"PILOT LAMP DC24V, GREEN",DB24-89GS,1,MARUYASU,RU,45,151-E8810:601-0,UH1650 DIE CASTING MACHINE,45072
 OPERATION PANEL,PL1546,"PILOT LAMP DC24V, GREEN",DB24-89GS,1,MARUYASU,RU,45,151-E8810:601-0,UH1650 DIE CASTING MACHINE,45072
 OPERATION PANEL,PL1548,"PILOT LAMP DC24V, GREEN",DB24-89GS,1,MARUYASU,RU,45,151-E8810:601-0,UH1650 DIE CASTING MACHINE,45072
 OPERATION PANEL,PL154A,"PILOT LAMP DC24V, GREEN",DB24-89GS,1,MARUYASU,RU,45,151-E8810:601-0,UH1650 DIE CASTING MACHINE,45072
 OPERATION PANEL,PL1545,"PILOT LAMP DC24V, ORANGE",DB24-890S,1,MARUYASU,RU,46,151-E8810:601-0,UH1650 DIE CASTING MACHINE,45072
 OPERATION PANEL,PL1547,"PILOT LAMP DC24V, ORANGE",DB24-890S,1,MARUYASU,RU,46,151-E8810:601-0,UH1650 DIE CASTING MACHINE,45072
 OPERATION PANEL,PL1549,"PILOT LAMP DC24V, ORANGE",DB24-890S,1,MARUYASU,RU,46,151-E8810:601-0,UH1650 DIE CASTING MACHINE,45072
 OPERATION PANEL,PL154B,"PILOT LAMP DC24V, ORANGE",DB24-890S,1,MARUYASU,RU,46,151-E8810:601-0,UH1650 DIE CASTING MACHINE,45072
 OPERATION PANEL,CR154C,AUX. CONTROL RELAY,HH54P-FLDE,1,FUJI,RU,47,151-E8810:601-0,UH1650 DIE CASTING MACHINE,45072
 OPERATION PANEL,CR154C,COIL:DC24V,,1,FUJI,RU,47,151-E8810:601-0,UH1650 DIE CASTING MACHINE,45072
 OPERATION PANEL,CR154C,SOCKET,TP514X2,1,FUJI,RU,47,151-E8810:601-0,UH1650 DIE CASTING MACHINE,45072
 OPERATION PANEL,CR154C,FINGER PROTECTOR,FX14X2,1,FUJI,RU,47,151-E8810:601-0,UH1650 DIE CASTING MACHINE,45072
 OPERATION PANEL,BZ154C,BUZZER,BD-24A-J DC24V,1,PATLITE,UL,48,151-E8810:601-0,UH1650 DIE CASTING MACHINE,45072
 OPERATION PANEL,PL1568,"PILOT LAMP DC24V, GREEN",DR22DOL-E3G,1,FUJI,RU,50,151-E8810:601-0,UH1650 DIE CASTING MACHINE,45072
 OPERATION PANEL,PL156B,"PILOT LAMP DC24V, GREEN",DR22DOL-E3G,1,FUJI,RU,50,151-E8810:601-0,UH1650 DIE CASTING MACHINE,45072
 OPERATION PANEL,PL156A,PILOT LAMP,DR22DOL-E3A,1,FUJI,RU,51,151-E8810:601-0,UH1650 DIE CASTING MACHINE,45072
 OPERATION PANEL,PL156A,"DC24V, ORANGE",,1,FUJI,RU,51,151-E8810:601-0,UH1650 DIE CASTING MACHINE,45072
 OPERATION PANEL,PL156C,"PILOT LAMP DC24V, RED",DR22DOL-E3R,1,FUJI,RU,52,151-E8810:601-0,UH1650 DIE CASTING MACHINE,45072
 OPERATION PANEL,PL156D,"PILOT LAMP DC24V, RED",DR22DOL-E3R,1,FUJI,RU,52,151-E8810:601-0,UH1650 DIE CASTING MACHINE,45072
 OPERATION PANEL,PL156E,"PILOT LAMP DC24V, RED",DR22DOL-E3R,1,FUJI,RU,52,151-E8810:601-0,UH1650 DIE CASTING MACHINE,45072
 OPERATION PANEL,SS1571,SELECTOR SWITCH,AK22-1M3205PB,1,FUJI,RU,53,151-E8810:601-0,UH1650 DIE CASTING MACHINE,45072
 OPERATION PANEL,SS1573,SELECTOR SWITCH,AR22WCR-1174B,1,FUJI,RU,54,151-E8810:601-0,UH1650 DIE CASTING MACHINE,45072
 OPERATION PANEL,SS1575,SELECTOR SWITCH,AR22WCR-1174B,1,FUJI,RU,54,151-E8810:601-0,UH1650 DIE CASTING MACHINE,45072
 OPERATION PANEL,SS1577,SELECTOR SWITCH,AR22PR-211B,1,FUJI,RU,55,151-E8810:601-0,UH1650 DIE CASTING MACHINE,45072
 OPERATION PANEL,SS1579,SELECTOR SWITCH,AR22PR-211B,1,FUJI,RU,55,151-E8810:601-0,UH1650 DIE CASTING MACHINE,45072
 OPERATION PANEL,PB1578,PUSH BUTTON SWITCH,AR22G3R-11B,1,FUJI,RU,56,151-E8810:601-0,UH1650 DIE CASTING MACHINE,45072
 OPERATION PANEL,PB157A,PUSH BUTTON SWITCH,AR22G3R-11B,1,FUJI,RU,57,151-E8810:601-0,UH1650 DIE CASTING MACHINE,45072
 OPERATION PANEL,PB157B,PUSH BUTTON SWITCH,AR22G3R-11B,1,FUJI,RU,57,151-E8810:601-0,UH1650 DIE CASTING MACHINE,45072
 OPERATION PANEL,PL1580,PILOT LAMP,"DB24-89GS DC24V, GREEN",4,MARUYASU,RU,58,151-E8810:601-0,UH1650 DIE CASTING MACHINE,45072
 OPERATION PANEL,PL1581,PILOT LAMP,"DB24-89GS DC24V, GREEN",4,MARUYASU,RU,58,151-E8810:601-0,UH1650 DIE CASTING MACHINE,45072
 OPERATION PANEL,PL1588,PILOT LAMP,"DB24-89GS DC24V, GREEN",4,MARUYASU,RU,58,151-E8810:601-0,UH1650 DIE CASTING MACHINE,45072
 OPERATION PANEL,PL158A,PILOT LAMP,"DB24-89GS DC24V, GREEN",4,MARUYASU,RU,58,151-E8810:601-0,UH1650 DIE CASTING MACHINE,45072
 OPERATION PANEL,PL1589,PILOT LAMP,"DB24-890S DC24V, ORANGE",2,MARUYASU,RU,59,151-E8810:601-0,UH1650 DIE CASTING MACHINE,45072
 OPERATION PANEL,PL158B,PILOT LAMP,"DB24-890S DC24V, ORANGE",2,MARUYASU,RU,59,151-E8810:601-0,UH1650 DIE CASTING MACHINE,45072
 OPERATION PANEL,PL1590,PILOT LAMP,"DR22DOL-E3G DC24V, GREEN",1,FUJI,RU,60,151-E8810:601-0,UH1650 DIE CASTING MACHINE,45072
 OPERATION PANEL,PL159C,PILOT LAMP,"DR22DOL-E3G DC24V, GREEN",1,FUJI,RU,61,151-E8810:601-0,UH1650 DIE CASTING MACHINE,45072
 OPERATION PANEL,TB,TERMINAL BLOCK,BNH15MWTUK15,1set,idec,UL,63,151-E8810:601-0,UH1650 DIE CASTING MACHINE,45072
 OPERATION PANEL,,Vise Action Latch,E3-16-35,2,NBK,,64,151-E8810:601-0,UH1650 DIE CASTING MACHINE,45072
 SIGNAL TOWER BOX,PAT96D,SIGNAL TOWER,LME-302W-RYG,1,PATLIGHT,UL,1,151-E8810:601-0,UH1650 DIE CASTING MACHINE,45072
 SIGNAL TOWER BOX,PAT96D,BASE,SZ-014,1,PATLIGHT,UL,1,151-E8810:601-0,UH1650 DIE CASTING MACHINE,45072
 SIGNAL TOWER BOX,TB,TERMINAL BLOCK,BNH15MWT,6,idec,UL,2,151-E8810:601-0,UH1650 DIE CASTING MACHINE,45072
 EMERGENCY STOP BOX,PBES191,EMERGENCY STOP PUSH BUTTON SWITCH,XN4E-BL412MRH Φ30,4,i dec,RU,1,151-E8810:601-0,UH1650 DIE CASTING MACHINE,45072
 EMERGENCY STOP BOX,PBES192,EMERGENCY STOP PUSH BUTTON SWITCH,XN4E-BL412MRH Φ30,4,i dec,RU,1,151-E8810:601-0,UH1650 DIE CASTING MACHINE,45072
 EMERGENCY STOP BOX,PBES193,EMERGENCY STOP PUSH BUTTON SWITCH,XN4E-BL412MRH Φ30,4,i dec,RU,1,151-E8810:601-0,UH1650 DIE CASTING MACHINE,45072
 EMERGENCY STOP BOX,PBES194,EMERGENCY STOP PUSH BUTTON SWITCH,XN4E-BL412MRH Φ30,4,i dec,RU,1,151-E8810:601-0,UH1650 DIE CASTING MACHINE,45072
 EMERGENCY STOP BOX,PBES191 PBES192 PBES193 PBES194,NAME PLATE,HNAV-27,,i dec,RU,1,151-E8810:601-0,UH1650 DIE CASTING MACHINE,45072
 EMERGENCY STOP BOX,TB,TERMINAL BLOCK,BNH15MWT 6P,4,i dec,UL,2,151-E8810:601-0,UH1650 DIE CASTING MACHINE,45072
 CONTROL PANEL (FLOW SYSTEM),PLC4,POWER UNIT,CJ1W-PA205R,1,OMRON,UL,1,151-E8810:601-0,UH1650 DIE CASTING MACHINE,45072
 CONTROL PANEL (FLOW SYSTEM),PLC4,CPU UNIT,CJ2M-CPU12,1,OMRON,UL,2,151-E8810:601-0,UH1650 DIE CASTING MACHINE,45072
 CONTROL PANEL (FLOW SYSTEM),PLC4,CONTROLLER LINK UNIT,CJ1W-CLK23,1,OMRON,UL,3,151-E8810:601-0,UH1650 DIE CASTING MACHINE,45072
 CONTROL PANEL (FLOW SYSTEM),PLC4,DEVICENET UNIT,CJ1W-DRM21,1,OMRON,UL,4,151-E8810:601-0,UH1650 DIE CASTING MACHINE,45072
 CONTROL PANEL (FLOW SYSTEM),PLC4,ANALOG UNIT,CJ1W-MAD42,1,OMRON,UL,5,151-E8810:601-0,UH1650 DIE CASTING MACHINE,45072
 CONTROL PANEL (FLOW SYSTEM),PLC4,DC INPUT UNIT,CJ1W-ID261,1,OMRON,UL,6,151-E8810:601-0,UH1650 DIE CASTING MACHINE,45072
 CONTROL PANEL (FLOW SYSTEM),PD2000,TOUCH PANEL,NS8-TV00-V2,1,OMRON,UL,10,151-E8810:601-0,UH1650 DIE CASTING MACHINE,45072
 CONTROL PANEL (FLOW SYSTEM),PD2000,SHEET,NS7-KBA05,1,OMRON,UL,10,151-E8810:601-0,UH1650 DIE CASTING MACHINE,45072
 CONTROL PANEL (FLOW SYSTEM),CAB2000,COMMUNICATION CABLE,XW2Z-200T,1,OMRON,UL,11,151-E8810:601-0,UH1650 DIE CASTING MACHINE,45072
 CONTROL PANEL (FLOW SYSTEM),TBC2040,CONNECTOR CONVERTED TERMINAL BLOCK,PCN-1T40,1,TOYOGIKEN,UL,12,151-E8810:601-0,UH1650 DIE CASTING MACHINE,45072
 CONTROL PANEL (FLOW SYSTEM),CAB2040,CABLE,XW2Z-100B,1,OMRON,UL,13,151-E8810:601-0,UH1650 DIE CASTING MACHINE,45072
 CONTROL PANEL (FLOW SYSTEM),TB,TERMINAL BLOCK,BNH15MWT 10P,1,idec,UL,14,151-E8810:601-0,UH1650 DIE CASTING MACHINE,45072
 M/C LUB. OPERATION BOX,,BOX,AGA510Y,1,idec,,1,151-E8810:601-0,UH1650 DIE CASTING MACHINE,45072
 M/C LUB. OPERATION BOX,PB72C,PUSH BUTTON SWITCH,AR22G3R-11B,3,FUJI,,2,151-E8810:601-0,UH1650 DIE CASTING MACHINE,45072
 M/C LUB. OPERATION BOX,PB72D,PUSH BUTTON SWITCH,AR22G3R-11B,3,FUJI,,2,151-E8810:601-0,UH1650 DIE CASTING MACHINE,45072
 M/C LUB. OPERATION BOX,PB72E,PUSH BUTTON SWITCH,AR22G3R-11B,3,FUJI,,2,151-E8810:601-0,UH1650 DIE CASTING MACHINE,45072
 M/C LUB. OPERATION BOX,PBES195,EMERGENCY STOP PUSH BUTTON SWITCH,XN4E-BL412MRH Φ30,1,idec,RU,3,151-E8810:601-0,UH1650 DIE CASTING MACHINE,45072
 M/C LUB. OPERATION BOX,,NAME PLATE,HNAV-27,1,idec,RU,,151-E8810:601-0,UH1650 DIE CASTING MACHINE,45072
