Date,Plant,Shift,Machine Number,Part Description,Die Number,Indirect Downtime Reason,Indirect Downtime Minutes,Indirect Downtime Notes,ID DT Description,ID Start Time,ID Stop Time
1-Mar-22,AAC Plant 2,1,2250-12,BC01 Transmission Case DC,12,Clean Up,10,over 4s+d,Misc.,01:55 PM,02:05 PM
1-Mar-22,AAC Plant 2,1,2250-13,G300 TRANSMISSION CASE DC,7,Clean Up,10,over 4s+d,Misc.,10:45 AM,10:55 AM
1-Mar-22,AAC Plant 2,1,2250-13,G300 TRANSMISSION CASE DC,7,Condition Check Die,20,condition check; no leaks; pulled long vac to remove excessive die lube from HB,Die Related,12:50 PM,01:10 PM
1-Mar-22,AAC Plant 2,1,2250-7,881 Oil Pan DC,6,Condition Check Die,15,qe request; shrinkage; no leaks adj water,Die Related,02:15 PM,02:30 PM
1-Mar-22,AAC Plant 2,2,2250-10,G300 TRANSMISSION CASE DC,3,Die Change,325,carryover; auto change not working; called maint and dm,Die Related,11:05 PM,04:30 AM
1-Mar-22,AAC Plant 2,2,2250-10,G300 TRANSMISSION CASE DC,3,Condition Check Die,25,condition check; 2/3 leaker,Die Related,06:45 PM,07:10 PM
1-Mar-22,AAC Plant 2,2,2250-13,G300 TRANSMISSION CASE DC,7,Condition Check Die,50,leakers on c-2 circuit,Die Related,12:20 PM,01:10 AM
1-Mar-22,AAC Plant 2,2,2250-2,744 TA HOUSING FWD DC,1,Clean Up,10,over 4s+d,Misc.,01:25 AM,01:35 AM
1-Mar-22,AAC Plant 2,2,2250-5,G298 TA HOUSING AWD DC,5,Die Change,55,carryover from 4s+d; broke pin on m/s. called dm,Die Related,07:40 AM,08:35 AM
2-Mar-22,AAC Plant 2,1,2250-10,G300 TRANSMISSION CASE DC,1,Condition Check Die,20,Developer check per supervisor; No leaks,Die Related,09:50 AM,10:10 AM
2-Mar-22,AAC Plant 2,1,2250-10,G300 TRANSMISSION CASE DC,1,Condition Check Die,15,Developer check; Spruce core leaking,Die Related,01:45 PM,02:00 PM
2-Mar-22,AAC Plant 2,1,2250-10,G300 TRANSMISSION CASE DC,1,Die Change,0,Carry over die change; Waiting on dm to core swap die 1,Die Related,05:00 AM,08:00 AM
2-Mar-22,AAC Plant 2,1,2250-13,G300 TRANSMISSION CASE DC,7,Condition Check Die,30,CC,Die Related,11:20 AM,11:50 AM
2-Mar-22,AAC Plant 2,1,2250-2,744 TA HOUSING FWD DC,1,Other (Indirect),20,Safety plug pulled under deck; Catcher trying to clean belly pan,Casting Process/Equipment,10:00 AM,10:20 AM
2-Mar-22,AAC Plant 2,1,2250-5,G298 TA HOUSING AWD DC,1,Die Change,30,Die change,Die Related,09:00 AM,09:30 AM
2-Mar-22,AAC Plant 2,1,2250-5,G298 TA HOUSING AWD DC,1,Die Change,45,Finish die change,Die Related,11:00 AM,11:45 AM
2-Mar-22,AAC Plant 2,1,2250-6,984F Crankcase DC,2,Die Change,375,Pulled SS; Squeeze pin still ng fg; dm to core swap to die 1;Fail leak check,Die Related,11:15 AM,05:00 PM
2-Mar-22,AAC Plant 2,1,2250-8,19MY NONPTO TRANSMISSION CASE DC,1,Date Stamp-ID,10,date stamp came out,Die Related,09:10 AM,09:20 AM
2-Mar-22,AAC Plant 2,1,500-3,G904 Stator Wheel DC,3,Condition Check Die,20,Cleaning die; Checking programs,Die Related,05:15 AM,05:35 AM
2-Mar-22,AAC Plant 2,1,800-1,744K CENTER SUPPORT DC,6,Condition Check Die,30,CC,Die Related,04:00 PM,04:30 PM
2-Mar-22,AAC Plant 2,1,800-2,G300 CENTER SUPPORT DC,11,Die Change,60,,Die Related,01:30 PM,02:30 PM
2-Mar-22,AAC Plant 2,1,800-3,G300 CENTER SUPPORT DC,8,Die Change,0,Die change; carry over,Die Related,05:15 AM,06:40 AM
2-Mar-22,AAC Plant 2,2,1650-1,"103E Oil Pan, No. 1  DC",3,Water/Die Lube Supply,10,Grease fault; #2 grease lub needs bled,Casting Process/Equipment,06:00 PM,06:10 PM
2-Mar-22,AAC Plant 2,2,2250-12,BC01 Transmission Case DC,12,N/G Tip or Sleeve Change,40,Changing out lines; Hot oil,Casting Process/Equipment,07:50 PM,08:30 PM
2-Mar-22,AAC Plant 2,2,2250-2,744 TA HOUSING FWD DC,1,Die Change,75,Die change; Set 744 fwd 2,Die Related,06:00 PM,07:15 PM
2-Mar-22,AAC Plant 2,2,2250-7,881 Oil Pan DC,6,Product Change,0,Die change; Scheduled; Set a467 adp 3,Die Related,06:00 PM,07:25 PM
2-Mar-22,AAC Plant 2,2,2250-7,A467 Adaptor DC,3,Condition Check Die,20,CC; Cold shut s/s,Die Related,04:25 AM,04:45 AM
2-Mar-22,AAC Plant 2,2,800-2,G300 CENTER SUPPORT DC,7,Condition Check Die,11,Checking powder coverage,Die Related,10:52 PM,11:03 PM
3-Mar-22,AAC Plant 2,1,2250-10,G300 TRANSMISSION CASE DC,1,Condition Check Die,10,developer check,Die Related,11:40 AM,11:50 AM
3-Mar-22,AAC Plant 2,2,2250-10,G300 TRANSMISSION CASE DC,1,Condition Check Die,30,carry over; dm still in dcm,Die Related,01:30 AM,02:00 AM
3-Mar-22,AAC Plant 2,2,2250-3,G300 TA HOUSING FWD DC,2,Die Change,120,die chip x2,Die Related,01:15 PM,03:15 PM
3-Mar-22,AAC Plant 2,2,2250-8,19MY PTO TRANSMISSION CASE DC,3,Condition Check Die,30,condition check cold shut on c-2/c-3,Die Related,08:25 PM,08:55 PM
4-Mar-22,AAC Plant 2,1,2250-1,946F Crankcase DC,1,Other (Indirect),15,over strt,Casting Process/Equipment,05:15 AM,05:30 AM
4-Mar-22,AAC Plant 2,1,2250-10,G300 TRANSMISSION CASE DC,1,Other (Indirect),5,over start,Casting Process/Equipment,05:15 AM,05:20 AM
4-Mar-22,AAC Plant 2,1,2250-10,G300 TRANSMISSION CASE DC,5,Condition Check Die,40,3 out of 3 leakers,Die Related,01:15 PM,01:55 PM
4-Mar-22,AAC Plant 2,1,2250-10,G300 TRANSMISSION CASE DC,5,Condition Check Die,25,crack insert leaking,Die Related,04:05 PM,04:30 AM
4-Mar-22,AAC Plant 2,1,2250-10,G300 TRANSMISSION CASE DC,5,Condition Check Die,15,devel check,Die Related,11:45 AM,12:00 PM
4-Mar-22,AAC Plant 2,1,2250-5,G298 TA HOUSING AWD DC,3,Condition Check Die,10,devel check,Casting Process/Equipment,10:20 AM,10:30 AM
4-Mar-22,AAC Plant 2,1,800-1,744K CENTER SUPPORT DC,3,Condition Check Die,48,cond check,Die Related,07:56 AM,08:44 AM
4-Mar-22,AAC Plant 2,2,2250-10,G300 TRANSMISSION CASE DC,3,Condition Check Machine,90,carry over ; dm repairing die chips,Casting Process/Equipment,12:00 AM,01:30 AM
4-Mar-22,AAC Plant 2,2,2250-10,G300 TRANSMISSION CASE DC,3,Condition Check Die,35,qc 2 out of 3 leaker,Die Related,08:20 PM,08:55 PM
4-Mar-22,AAC Plant 2,2,2250-6,587F Crank Case Stiffening DC,31,Die Change,100,bad production. leaking sprue bushing; die change,Die Related,01:20 AM,03:00 AM
4-Mar-22,AAC Plant 2,2,2250-8,19MY PTO TRANSMISSION CASE DC,3,Condition Check Die,70,condition check; sprue core leaking; called dm,Die Related,10:00 PM,11:10 PM
4-Mar-22,AAC Plant 2,2,2250-8,19MY PTO TRANSMISSION CASE DC,3,Condition Check Die,50,condition check; cold shut on c-2,Die Related,02:00 AM,02:50 AM
4-Mar-22,AAC Plant 2,2,800-1,744K CENTER SUPPORT DC,3,Condition Check Die,15,condition check die; cold shot on bearing boss,Die Related,12:22 AM,12:37 AM
5-Mar-22,AAC Plant 2,1,800-2,G300 CENTER SUPPORT DC,5,Die Change,40,pull die 5 set backup,Die Related,03:50 PM,04:30 PM
7-Mar-22,AAC Plant 2,1,2250-2,744 TA HOUSING AWD DC,1,Product Change,0,Die change; Scheduled; 744 fwd 1,Die Related,03:00 PM,05:00 PM
7-Mar-22,AAC Plant 2,1,2250-3,G300 TA HOUSING FWD DC,3,Die Change,0,Die change; Scheduled,Die Related,05:00 AM,10:45 AM
7-Mar-22,AAC Plant 2,1,2250-4,946F Crankcase DC,11,Condition Check Die,30,CC; Crack in part,Die Related,12:45 PM,01:15 PM
7-Mar-22,AAC Plant 2,1,2250-7,A467 Transmission Housing DC,3,Die Change,0,Die change; Scheduled; Set die 3,Die Related,05:15 AM,07:00 AM
7-Mar-22,AAC Plant 2,1,2250-8,19MY PTO TRANSMISSION CASE DC,3,Other (Indirect),15,Wait on stock cage,Casting Process/Equipment,05:25 AM,05:40 AM
7-Mar-22,AAC Plant 2,1,2250-8,19MY PTO TRANSMISSION CASE DC,3,Die Change,0,Scheduled die change; Set g298 tah 1,Die Related,09:00 AM,11:30 AM
7-Mar-22,AAC Plant 2,1,2250-9,881 Oil Pan DC,10,Other (Indirect),25,DM carry over,Die Related,11:20 AM,11:45 AM
7-Mar-22,AAC Plant 2,1,2250-9,881 Oil Pan DC,10,Other (Indirect),10,Over start,Casting Process/Equipment,05:15 AM,05:25 AM
7-Mar-22,AAC Plant 2,1,800-1,744K CENTER SUPPORT DC,6,Die Change,60,Die change; Set die 5,Die Related,03:20 PM,04:20 PM
7-Mar-22,AAC Plant 2,1,800-2,G300 CENTER SUPPORT DC,1,Condition Check Die,20,CC; NG porosity,Die Related,03:03 PM,03:23 PM
7-Mar-22,AAC Plant 2,1,800-2,G300 CENTER SUPPORT DC,1,Die Change,30,Die change; Flahed through spruce bushing,Die Related,04:00 PM,04:30 PM
7-Mar-22,AAC Plant 2,2,1650-1,881 Oil Pan DC,6,Die Change,0,Scheduled maint. Found c plate set up was backwards; Called dm,Die Related,05:15 PM,10:00 PM
7-Mar-22,AAC Plant 2,2,2250-10,G300 TRANSMISSION CASE DC,3,Condition Check Die,30,qc 2 out of 5 leakers,Die Related,08:20 AM,08:50 AM
7-Mar-22,AAC Plant 2,2,2250-10,G300 TRANSMISSION CASE DC,3,Water/Die Lube Supply,265,die chg-leaking pins,Die Related,11:35 AM,04:00 PM
7-Mar-22,AAC Plant 2,2,2250-2,744 TA HOUSING FWD DC,1,Product Change,0,Scheduled die change; ADJ spray in spec,Die Related,05:15 PM,05:45 PM
7-Mar-22,AAC Plant 2,2,2250-6,587F Crank Case Stiffening DC,29,Die Change,115,Broke pin c2; Pulled die for dm repair,Die Related,02:05 AM,04:00 AM
7-Mar-22,AAC Plant 2,2,2250-8,G298 TA HOUSING AWD DC,1,Clean Up,10,Over 4s + d,Casting Process/Equipment,01:10 AM,01:20 AM
8-Mar-22,AAC Plant 2,1,1650-1,881 Oil Pan DC,6,Metal Delivery,75,heater #1 NG,Metal Delivery,06:10 AM,07:25 AM
8-Mar-22,AAC Plant 2,1,2250-1,946F Crankcase DC,1,Other (Indirect),15,overstart,Casting Process/Equipment,05:15 AM,05:30 AM
8-Mar-22,AAC Plant 2,1,2250-10,G300 TRANSMISSION CASE DC,6,Die Change,290,pulled die in half; broken ej pins; DM to swap core,Die Related,07:30 AM,12:20 PM
8-Mar-22,AAC Plant 2,1,2250-11,BC01 Transmission Case DC,13,Clean Up,20,over 4s+d,Misc.,02:00 PM,02:20 PM
8-Mar-22,AAC Plant 2,1,2250-12,BC01 Transmission Case DC,9,Clean Up,5,over 4s+d,Misc.,02:00 PM,02:05 PM
8-Mar-22,AAC Plant 2,1,2250-13,G300 TRANSMISSION CASE DC,7,Metal Delivery,15,ladle arm over run; out of metal,Metal Delivery,11:10 AM,11:25 AM
8-Mar-22,AAC Plant 2,1,2250-13,G300 TRANSMISSION CASE DC,7,Metal Delivery,10,ladle arm over run; out of metal,Metal Delivery,10:50 AM,11:00 AM
8-Mar-22,AAC Plant 2,1,800-1,744K CENTER SUPPORT DC,5,Die Change,60,flashed out-pulled die,Die Related,02:20 PM,03:20 PM
8-Mar-22,AAC Plant 2,2,2250-10,G300 TRANSMISSION CASE DC,6,Condition Check Die,25,cold shot on m/s; pin leaking on c-2; called dm,Die Related,08:30 PM,08:55 PM
8-Mar-22,AAC Plant 2,2,2250-10,G300 TRANSMISSION CASE DC,6,Die Change,65,die change,Die Related,09:55 PM,11:00 PM
8-Mar-22,AAC Plant 2,2,2250-13,G300 TRANSMISSION CASE DC,7,Water/Die Lube Supply,20,grease fault; #3 grease lube empty,Die Related,03:25 AM,03:45 AM
8-Mar-22,AAC Plant 2,2,2250-2,744 TA HOUSING FWD DC,2,Die Change,20,Auto exchanged wrong core set,Die Related,02:40 AM,03:00 AM
8-Mar-22,AAC Plant 2,2,2250-5,G298 TA HOUSING AWD DC,5,Condition Check Die,40,contaminated parts; called DM,Die Related,08:40 PM,09:20 PM
9-Mar-22,AAC Plant 2,1,2250-1,946F Crankcase DC,1,Date Stamp-ID,15,start up,Casting Process/Equipment,06:35 AM,06:50 AM
9-Mar-22,AAC Plant 2,1,2250-10,G300 TRANSMISSION CASE DC,5,Other (Indirect),10,over start,Casting Process/Equipment,05:15 AM,05:25 AM
9-Mar-22,AAC Plant 2,1,2250-10,G300 TRANSMISSION CASE DC,5,Condition Check Die,45,"cold shot on part; water leak under c-1, ng hose, called dm",Die Related,06:05 AM,06:50 AM
9-Mar-22,AAC Plant 2,1,2250-13,G300 TRANSMISSION CASE DC,7,Condition Check Die,25,1 out of 2 leakers,Die Related,10:45 AM,11:10 AM
9-Mar-22,AAC Plant 2,1,2250-2,744 TA HOUSING FWD DC,2,Condition Check Die,20,developer check ng; s/s water leak,Die Related,10:10 AM,10:30 AM
9-Mar-22,AAC Plant 2,1,2250-8,G298 TA HOUSING AWD DC,1,Condition Check Die,15,developer check,Die Related,11:15 AM,11:30 AM
9-Mar-22,AAC Plant 2,1,2250-9,881 Oil Pan DC,10,Date Stamp-ID,30,date stamp pulled out; call dm,Casting Process/Equipment,05:30 AM,06:00 AM
9-Mar-22,AAC Plant 2,1,2250-9,881 Oil Pan DC,10,Clean Up,25,carryover 4s+d/ finish polish die,Misc.,11:35 AM,12:00 PM
9-Mar-22,AAC Plant 2,1,500-3,G903 Stator Wheel DC,4,Other (Indirect),15,e-stop hit; run robots home and reset,Casting Process/Equipment,02:25 PM,02:40 PM
9-Mar-22,AAC Plant 2,2,1650-1,881 Oil Pan DC,6,Die Change,30,set s/s carryover; busted sprue bushing,Die Related,05:15 PM,05:45 PM
9-Mar-22,AAC Plant 2,2,2250-10,G300 TRANSMISSION CASE DC,5,Condition Check Die,25,2 out of 4 leaker; developer check okay,Die Related,07:50 PM,08:15 PM
9-Mar-22,AAC Plant 2,2,2250-13,G300 TRANSMISSION CASE DC,7,Metal Delivery,15,molten metal alarm; out of metal,Metal Delivery,09:30 PM,09:45 PM
9-Mar-22,AAC Plant 2,2,2250-6,587F Crank Case Stiffening DC,29,Die Change,205,water leaking on die; pin broke on c-2,Die Related,07:05 PM,10:30 PM
9-Mar-22,AAC Plant 2,2,2250-8,19MY NONPTO TRANSMISSION CASE DC,1,Date Stamp-ID,15,date stamp came out; loose threading on m/s,Die Related,01:35 AM,01:50 AM
10-Mar-22,AAC Plant 2,1,2250-1,946F Crankcase DC,11,Other (Indirect),10,over start,Casting Process/Equipment,05:15 AM,05:25 AM
10-Mar-22,AAC Plant 2,1,2250-1,946F Crankcase DC,11,Condition Check Die,15,porosity at matix,Casting Process/Equipment,08:30 AM,08:45 AM
10-Mar-22,AAC Plant 2,1,2250-1,946F Crankcase DC,6,Water/Die Lube Supply,10,spray,Casting Process/Equipment,01:30 PM,01:40 PM
10-Mar-22,AAC Plant 2,1,2250-3,G300 TA HOUSING FWD DC,3,Condition Check Die,10,condition check; qc request,Die Related,08:00 AM,08:10 AM
10-Mar-22,AAC Plant 2,1,2250-3,G298 TA HOUSING AWD DC,3,Water/Die Lube Supply,15,shutdown; die lube station,Casting Process/Equipment,01:35 PM,01:50 PM
10-Mar-22,AAC Plant 2,1,2250-4,946F Crankcase DC,12,Water/Die Lube Supply,10,shutdown; die lube station,Casting Process/Equipment,01:35 PM,01:45 PM
10-Mar-22,AAC Plant 2,1,2250-5,G298 TA HOUSING AWD DC,5,Water/Die Lube Supply,10,shutdown; die lube station,Casting Process/Equipment,01:35 PM,01:45 PM
10-Mar-22,AAC Plant 2,1,2250-7,A467 Extension Housing DC,1,Clean Up,50,"4s+d; flashed through vac, called DM",Misc.,03:10 PM,04:00 PM
10-Mar-22,AAC Plant 2,1,2250-9,881 Oil Pan DC,10,Other (Indirect),25,4s+d carry over; DM scheduled polish,Misc.,11:30 AM,11:55 AM
10-Mar-22,AAC Plant 2,1,800-2,G300 CENTER SUPPORT DC,10,Metal Delivery,11,cycle over; ran out of metal,Metal Delivery,08:36 AM,08:47 AM
10-Mar-22,AAC Plant 2,1,800-3,G300 CENTER SUPPORT DC,9,Condition Check Machine,30,galling on bolt boss,Casting Process/Equipment,07:16 AM,07:46 AM
10-Mar-22,AAC Plant 2,2,2250-10,G300 TRANSMISSION CASE DC,5,Condition Check Die,25,Condition check; 1 Out of 5 leaker,Die Related,01:05 AM,01:30 AM
10-Mar-22,AAC Plant 2,2,2250-6,984F Crankcase DC,1,Product Change,0,Scheduled die change; Set 984 CC; training operator,Die Related,05:15 PM,07:15 PM
10-Mar-22,AAC Plant 2,2,2250-7,587F Crank Case Stiffening DC,31,Product Change,0,Scheduled product change; Set 587f cc; Called engineering to re- teach BSM,Die Related,05:15 PM,09:55 PM
10-Mar-22,AAC Plant 2,2,500-3,G903 Stator Wheel DC,4,Product Change,0,Scheduled die change; Pulled g904 sw 4 set G903 sw 4,Die Related,05:15 PM,06:15 PM
11-Mar-22,AAC Plant 2,1,2250-12,BC01 Transmission Case DC,8,Die Change,70,thick flash in flow window,Die Related,12:50 PM,02:00 PM
11-Mar-22,AAC Plant 2,1,2250-13,G300 TRANSMISSION CASE DC,7,Condition Check Die,30,1 out of 2 leaker,Die Related,10:55 AM,11:25 AM
11-Mar-22,AAC Plant 2,1,500-2,B700 V6 Stator Wheel DC,9,Die Change,80,balance issues with a cavity; engineer looking at machine and die,Die Related,09:20 AM,10:40 AM
11-Mar-22,AAC Plant 2,1,800-1,744K CENTER SUPPORT DC,6,Condition Check Die,9,ok,Die Related,02:11 PM,02:20 PM
11-Mar-22,AAC Plant 2,1,800-1,744K CENTER SUPPORT DC,6,Condition Check Machine,26,acc pressure low; charged acc,Casting Process/Equipment,02:26 PM,03:02 PM
11-Mar-22,AAC Plant 2,1,800-2,G300 CENTER SUPPORT DC,10,Die Change,60,flash out A&B,Die Related,12:15 PM,01:15 PM
11-Mar-22,AAC Plant 2,1,800-2,G300 CENTER SUPPORT DC,10,Condition Check Die,16,low spot on parts,Die Related,08:21 AM,08:37 AM
11-Mar-22,AAC Plant 2,1,800-2,G300 CENTER SUPPORT DC,8,Other (Indirect),10,cycle over,Die Related,03:58 PM,04:08 PM
11-Mar-22,AAC Plant 2,1,800-3,G300 CENTER SUPPORT DC,9,Die Change,25,pulling s/s,Die Related,04:05 PM,04:30 PM
11-Mar-22,AAC Plant 2,1,800-3,G300 CENTER SUPPORT DC,9,Condition Check Die,20,ng porosity,Die Related,02:40 PM,03:00 PM
11-Mar-22,AAC Plant 2,2,2250-12,BC01 Transmission Case DC,12,Die Change,0,No production; Scheduled die change; Waiting on crane,Die Related,10:45 PM,05:00 AM
11-Mar-22,AAC Plant 2,2,2250-12,BC01 Transmission Case DC,9,Die Change,0,Scheduled die change; Waiting on crane,Die Related,07:40 PM,10:40 PM
11-Mar-22,AAC Plant 2,2,2250-3,G300 TA HOUSING FWD DC,3,Product Change,0,Scheduled die change; Auto exchane to G300 tah #3,Die Related,07:40 PM,08:30 PM
11-Mar-22,AAC Plant 2,2,800-2,G300 CENTER SUPPORT DC,8,Other (Indirect),185,Furnace lost power; Metal too cold,Casting Process/Equipment,06:50 PM,09:55 PM
11-Mar-22,AAC Plant 2,2,800-2,G300 CENTER SUPPORT DC,8,Condition Check Machine,60,CC; NG floor height,Casting Process/Equipment,01:15 AM,02:15 AM
11-Mar-22,AAC Plant 2,2,800-2,G300 CENTER SUPPORT DC,8,Die Change,55,Die change; Set g300 cs 1,Die Related,02:15 AM,03:10 AM
12-Mar-22,AAC Plant 2,1,800-2,G300 CENTER SUPPORT DC,1,Condition Check Machine,14,floor height ng; water line turned off and powder pin clogged,Die Related,08:39 AM,08:53 AM
12-Mar-22,AAC Plant 2,2,2250-11,BC01 Transmission Case DC,13,Other (Indirect),15,Date stamp change; MCC checks,Casting Process/Equipment,05:15 PM,05:30 PM
12-Mar-22,AAC Plant 2,2,800-2,G300 CENTER SUPPORT DC,1,Condition Check Die,5,Condition check; NG floor height,Die Related,08:09 PM,08:14 PM
12-Mar-22,AAC Plant 2,2,800-3,G300 CENTER SUPPORT DC,9,Die Change,60,Die change; Set g300 #4,Die Related,03:45 AM,04:30 AM
12-Mar-22,AAC Plant 2,2,800-3,G300 CENTER SUPPORT DC,9,Condition Check Die,13,Condition check; Failed ship ahead for porosity,Die Related,03:15 AM,03:33 AM
12-Mar-22,AAC Plant 2,2,800-3,G300 CENTER SUPPORT DC,9,Condition Check Machine,30,Condition check,Casting Process/Equipment,07:35 PM,08:05 PM
13-Mar-22,AAC Plant 2,1,2250-8,19MY PTO TRANSMISSION CASE DC,3,Condition Check Die,20,leakers on c-2,Die Related,08:35 AM,08:55 AM
13-Mar-22,AAC Plant 2,1,2250-8,19MY PTO TRANSMISSION CASE DC,3,Condition Check Machine,10,developer check,Casting Process/Equipment,09:00 AM,09:10 AM
13-Mar-22,AAC Plant 2,1,800-3,G300 CENTER SUPPORT DC,4,Condition Check Die,18,porosity,Die Related,10:22 AM,10:40 AM
13-Mar-22,AAC Plant 2,2,2250-8,19MY PTO TRANSMISSION CASE DC,3,Condition Check Die,45,CC-1-4 leaker,Die Related,07:15 PM,08:00 PM
14-Mar-22,AAC Plant 2,1,1650-1,"103E Oil Pan, No. 1  DC",2,Metal Delivery,10,ladle arm over run; out of metal,Metal Delivery,10:05 AM,10:15 AM
14-Mar-22,AAC Plant 2,1,2250-10,G300 TRANSMISSION CASE DC,6,Metal Delivery,20,metal low alarm; melt furnace down,Metal Delivery,07:05 AM,07:25 AM
14-Mar-22,AAC Plant 2,1,2250-12,BC01 Transmission Case DC,12,Metal Delivery,35,out of metal; call melt,Metal Delivery,08:25 AM,09:00 AM
14-Mar-22,AAC Plant 2,1,2250-12,BC01 Transmission Case DC,12,Metal Delivery,5,out of metal; call melt,Metal Delivery,10:50 AM,10:55 AM
14-Mar-22,AAC Plant 2,1,2250-13,G300 TRANSMISSION CASE DC,9,Metal Delivery,30,out of metal,Metal Delivery,07:10 AM,07:40 AM
14-Mar-22,AAC Plant 2,1,2250-13,G300 TRANSMISSION CASE DC,9,Metal Delivery,10,out of metal,Metal Delivery,09:20 AM,09:30 AM
14-Mar-22,AAC Plant 2,1,2250-13,G300 TRANSMISSION CASE DC,9,Metal Delivery,-40,,,,
14-Mar-22,AAC Plant 2,1,2250-13,G300 TRANSMISSION CASE DC,9,Metal Delivery,10,out of meqal,Casting Process/Equipment,09:20 AM,09:30 AM
14-Mar-22,AAC Plant 2,1,2250-13,G300 TRANSMISSION CASE DC,9,Metal Delivery,30,out of metal,Casting Process/Equipment,07:10 AM,07:40 AM
14-Mar-22,AAC Plant 2,1,2250-3,G300 TA HOUSING FWD DC,3,Condition Check Die,10,crack pc pin on m/s,Die Related,08:35 AM,08:45 AM
14-Mar-22,AAC Plant 2,1,2250-8,19MY PTO TRANSMISSION CASE DC,3,Condition Check Die,25,part cracked; developer check ok/ no leaks,Die Related,02:15 PM,02:40 PM
14-Mar-22,AAC Plant 2,1,2250-8,19MY PTO TRANSMISSION CASE DC,3,Metal Delivery,15,cold metal alarm; check thermal couple,Metal Delivery,12:45 PM,01:00 PM
14-Mar-22,AAC Plant 2,1,800-1,744K CENTER SUPPORT DC,6,Condition Check Die,46,ng porostiy; fixed leak on water jacket shot rod,Die Related,02:47 PM,03:33 PM
14-Mar-22,AAC Plant 2,2,2250-11,BC01 Transmission Case DC,13,Water/Die Lube Supply,45,MAin power cool pipe busted in front of 2250-12,Casting Process/Equipment,02:15 AM,03:00 AM
14-Mar-22,AAC Plant 2,2,2250-12,BC01 Transmission Case DC,12,Water/Die Lube Supply,45,Main water line under deck busted,Casting Process/Equipment,02:10 AM,02:55 AM
14-Mar-22,AAC Plant 2,2,2250-13,G300 TRANSMISSION CASE DC,9,Other (Indirect),215,Scheduled stop per japanese support; Lazer etch not changing over to 2nd shift,Casting Process/Equipment,05:15 PM,08:50 PM
14-Mar-22,AAC Plant 2,2,2250-6,587F Crank Case Stiffening DC,31,Die Change,0,Die change; Scheduled; 984 cc to 587 cc,Die Related,05:15 PM,07:00 PM
14-Mar-22,AAC Plant 2,2,500-3,G904 Stator Wheel DC,3,Die Change,0,Die change; Scheduled,Die Related,05:15 PM,06:45 PM
14-Mar-22,AAC Plant 2,2,800-2,G300 CENTER SUPPORT DC,1,Die Change,30,Die change,Die Related,04:00 AM,04:30 AM
15-Mar-22,AAC Plant 2,1,2250-1,946F Crankcase DC,6,Other (Indirect),15,Over start,Casting Process/Equipment,05:15 AM,05:30 AM
15-Mar-22,AAC Plant 2,1,2250-13,G300 TRANSMISSION CASE DC,9,Condition Check Die,20,Condition check;  2 leakers,Die Related,08:50 AM,09:10 AM
15-Mar-22,AAC Plant 2,1,2250-4,946F Crankcase DC,12,Metal Delivery,15,Metal low,Casting Process/Equipment,05:15 AM,05:30 AM
15-Mar-22,AAC Plant 2,1,2250-5,G298 TA HOUSING AWD DC,5,Die Change,0,Die change;Pull die 5; Set die 3,Die Related,04:00 PM,05:00 PM
15-Mar-22,AAC Plant 2,1,2250-7,A467 Transmission Housing DC,3,Die Change,0,Scheduled die change; Set a467 adp 3,Die Related,03:00 AM,05:00 AM
15-Mar-22,AAC Plant 2,1,2250-8,19MY PTO TRANSMISSION CASE DC,3,Metal Delivery,85,Melt issues,Casting Process/Equipment,07:50 AM,09:15 AM
15-Mar-22,AAC Plant 2,1,2250-8,19MY PTO TRANSMISSION CASE DC,3,Condition Check Die,20,CC; Cracks s/s,Die Related,07:30 AM,07:50 AM
15-Mar-22,AAC Plant 2,1,2250-9,881 Oil Pan DC,10,Condition Check Die,30,Condition check; Cold shot on part,Die Related,01:25 PM,01:55 PM
15-Mar-22,AAC Plant 2,2,2250-1,946F Crankcase DC,6,Other (Indirect),45,Melt,Casting Process/Equipment,04:00 AM,04:45 AM
15-Mar-22,AAC Plant 2,2,2250-11,BC01 Transmission Case DC,13,Date Stamp-ID,10,Wrong date stamp,Die Related,05:45 PM,05:55 PM
15-Mar-22,AAC Plant 2,2,2250-12,BC01 Transmission Case DC,9,Die Change,135,Die change; Setting bc01 tm 12,Die Related,05:45 PM,08:00 PM
15-Mar-22,AAC Plant 2,2,2250-2,744 TA HOUSING FWD DC,1,Other (Indirect),45,Melt,Casting Process/Equipment,04:00 AM,04:45 AM
15-Mar-22,AAC Plant 2,2,2250-3,G300 TA HOUSING FWD DC,3,Product Change,0,Die change; Scheduled,Die Related,02:35 AM,04:00 AM
15-Mar-22,AAC Plant 2,2,2250-8,19MY PTO TRANSMISSION CASE DC,3,Die Change,0,Die change; Scheduled,Die Related,02:15 AM,04:30 AM
15-Mar-22,AAC Plant 2,2,2250-8,19MY PTO TRANSMISSION CASE DC,3,Condition Check Die,55,CC; Failed leak check,Die Related,08:05 PM,09:00 PM
15-Mar-22,AAC Plant 2,2,500-3,G904 Stator Wheel DC,3,Die Change,0,Die change; Scheduled; change to g903 sw #4,Die Related,01:45 AM,02:45 AM
16-Mar-22,AAC Plant 2,1,2250-10,G300 TRANSMISSION CASE DC,6,Die Change,0,Scheduled holding block change,Die Related,03:30 PM,05:00 PM
16-Mar-22,AAC Plant 2,1,2250-3,744 TA HOUSING AWD DC,1,Product Change,0,Finish die change; Carry over from previous shift,Die Related,05:00 AM,05:50 AM
16-Mar-22,AAC Plant 2,1,2250-4,946F Crankcase DC,12,Other (Indirect),30,Over start,Casting Process/Equipment,05:15 AM,05:45 AM
16-Mar-22,AAC Plant 2,1,2250-7,A467 Adaptor DC,3,Condition Check Die,40,CC; Cold shot on parts,Die Related,03:10 PM,04:00 PM
16-Mar-22,AAC Plant 2,1,2250-8,19MY NONPTO TRANSMISSION CASE DC,1,Date Stamp-ID,5,Date stamp; Month stamp came out,Casting Process/Equipment,06:15 AM,06:20 AM
16-Mar-22,AAC Plant 2,1,2250-8,19MY NONPTO TRANSMISSION CASE DC,1,Product Change,0,SCH die change; Set my19 1,Die Related,05:00 AM,06:05 AM
16-Mar-22,AAC Plant 2,1,2250-9,881 Oil Pan DC,10,Date Stamp-ID,10,Wrong date stamp; Change date stamp,Die Related,05:30 AM,05:40 AM
16-Mar-22,AAC Plant 2,1,800-1,744K CENTER SUPPORT DC,5,Die Change,95,Found powder lube pin 7 wrong; Hole in pin pointed up; should be pointed down; Pulled m/s,Die Related,02:25 PM,04:00 PM
16-Mar-22,AAC Plant 2,1,800-1,744K CENTER SUPPORT DC,6,Clean Up,10,Over4sd,Casting Process/Equipment,12:00 PM,12:10 PM
16-Mar-22,AAC Plant 2,1,800-1,744K CENTER SUPPORT DC,6,Die Change,92,Failed ship ahead; Pulling die; Set die 5,Die Related,12:53 PM,02:25 PM
16-Mar-22,AAC Plant 2,1,800-3,G300 CENTER SUPPORT DC,9,Other (Indirect),15,Spruce bushing leak test,Casting Process/Equipment,04:15 PM,04:30 PM
16-Mar-22,AAC Plant 2,1,,946F Crankcase DC,1,Other (Indirect),24,robot won't start,,,
16-Mar-22,AAC Plant 2,2,1650-1,"103E Oil Pan, No. 1  DC",2,Die Change,0,Die change; Scheduled; Pulling die; Setting 881 op 9,Die Related,03:00 AM,04:00 AM
16-Mar-22,AAC Plant 2,2,2250-1,946F Crankcase DC,6,Die Change,35,Die change; Water leak; Squeeze pin,Die Related,11:15 PM,11:50 PM
16-Mar-22,AAC Plant 2,2,2250-1,946F Crankcase DC,6,Date Stamp-ID,45,Stuck date stamp,Die Related,05:15 PM,06:00 PM
16-Mar-22,AAC Plant 2,2,2250-10,G300 TRANSMISSION CASE DC,6,Die Change,0,Die change; Scheduled; Could not get cavity to go in holding block,Die Related,05:15 PM,10:25 PM
16-Mar-22,AAC Plant 2,2,2250-13,G300 TRANSMISSION CASE DC,9,Condition Check Die,30,CC; Failed leak test; c2 circuit,Die Related,06:35 PM,07:05 PM
16-Mar-22,AAC Plant 2,2,2250-3,744 TA HOUSING AWD DC,1,Product Change,0,Scheduled holding block change,Die Related,02:00 AM,04:00 AM
16-Mar-22,AAC Plant 2,2,2250-8,19MY NONPTO TRANSMISSION CASE DC,1,Clean Up,35,Over 4s,Casting Process/Equipment,11:45 PM,12:20 AM
16-Mar-22,AAC Plant 2,2,800-1,744K CENTER SUPPORT DC,5,Die Change,0,Die change; Sleeve and tip change; Set die 3;,Die Related,10:00 PM,12:35 AM
16-Mar-22,AAC Plant 2,2,800-3,G300 CENTER SUPPORT DC,9,Other (Indirect),52,Maint using part off of 800-3 shot blast to fix 800-2 shot blast,Casting Process/Equipment,03:00 AM,03:52 AM
17-Mar-22,AAC Plant 2,1,1650-1,881 Oil Pan DC,9,Other (Indirect),120,sensor break behind s/s,Casting Process/Equipment,06:00 AM,08:00 AM
17-Mar-22,AAC Plant 2,1,2250-10,G300 TRANSMISSION CASE DC,6,Condition Check Die,30,cold shot on bolt boss/ called dm to repair water leak on c-1,Die Related,07:10 AM,07:40 AM
17-Mar-22,AAC Plant 2,1,2250-3,744 TA HOUSING AWD DC,1,Water/Die Lube Supply,40,front chiller lost water,Casting Process/Equipment,09:50 AM,10:30 AM
17-Mar-22,AAC Plant 2,1,2250-5,G298 TA HOUSING AWD DC,3,Water/Die Lube Supply,60,water supply,Casting Process/Equipment,09:30 AM,10:30 AM
17-Mar-22,AAC Plant 2,1,500-2,B700 V6 Stator Wheel DC,9,Other (Indirect),60,water chiller down,Casting Process/Equipment,10:35 AM,11:35 AM
17-Mar-22,AAC Plant 2,1,500-3,G903 Stator Wheel DC,4,Other (Indirect),50,ng water flow from chiller,Casting Process/Equipment,10:40 AM,11:30 AM
17-Mar-22,AAC Plant 2,1,800-1,744K CENTER SUPPORT DC,3,Condition Check Machine,25,air check sprue bushing,Casting Process/Equipment,04:05 PM,04:30 PM
17-Mar-22,AAC Plant 2,1,800-2,G300 CENTER SUPPORT DC,11,Condition Check Machine,17,pressure check sprue bushing,Casting Process/Equipment,04:13 PM,04:30 PM
17-Mar-22,AAC Plant 2,1,800-3,G300 CENTER SUPPORT DC,9,Condition Check Machine,10,pressure check sprue bushing,Casting Process/Equipment,04:20 PM,04:30 PM
17-Mar-22,AAC Plant 2,2,2250-10,G300 TRANSMISSION CASE DC,6,Die Change,80,Pulled 6; Set die 5; Broke power cool pin on s/s,Die Related,09:50 PM,11:10 PM
17-Mar-22,AAC Plant 2,2,2250-2,744 TA HOUSING FWD DC,1,Product Change,0,Die change; Scheduled,Die Related,03:00 AM,04:45 AM
17-Mar-22,AAC Plant 2,2,2250-7,A467 Extension Housing DC,1,Product Change,0,Die change; Scheduled,Die Related,05:15 PM,07:35 PM
17-Mar-22,AAC Plant 2,2,800-1,744K CENTER SUPPORT DC,3,Clean Up,15,CC; 3 ng on ship ahead,Casting Process/Equipment,01:45 AM,02:00 AM
17-Mar-22,AAC Plant 2,2,800-2,G300 CENTER SUPPORT DC,11,Die Change,0,Die change;  Scheduled o ring change; Set die 4,Die Related,07:00 PM,08:20 PM
17-Mar-22,AAC Plant 2,2,800-3,G300 CENTER SUPPORT DC,9,Condition Check Die,15,Condition check; 3 ng for porosity on ship ahead,Die Related,12:50 AM,01:05 AM
18-Mar-22,AAC Plant 2,1,2250-10,G300 TRANSMISSION CASE DC,15,Other (Indirect),20,Over start; E polish s/s,Casting Process/Equipment,05:15 AM,05:35 AM
18-Mar-22,AAC Plant 2,1,2250-10,G300 TRANSMISSION CASE DC,15,Other (Indirect),-20,,,,
18-Mar-22,AAC Plant 2,1,2250-10,G300 TRANSMISSION CASE DC,5,Other (Indirect),20,over start,Casting Process/Equipment,05:15 AM,05:35 AM
18-Mar-22,AAC Plant 2,1,2250-11,BC01 Transmission Case DC,13,Die Change,60,Die change; Broke locator on m/s,Die Related,11:10 AM,12:10 PM
18-Mar-22,AAC Plant 2,1,2250-13,G300 TRANSMISSION CASE DC,9,Metal Delivery,30,Ladler arm return; Over run,Casting Process/Equipment,12:45 PM,01:15 PM
18-Mar-22,AAC Plant 2,1,2250-7,A467 Transmission Housing DC,3,Product Change,0,Scheduled die change; Set 467 CH,Die Related,05:15 AM,06:20 AM
18-Mar-22,AAC Plant 2,1,2250-8,19MY NONPTO TRANSMISSION CASE DC,1,Product Change,0,Scheduled die change; Set die 3,Die Related,10:20 PM,11:35 PM
18-Mar-22,AAC Plant 2,1,2250-9,881 Oil Pan DC,10,Other (Indirect),10,over start; Small biscuit,Casting Process/Equipment,05:15 AM,05:25 AM
18-Mar-22,AAC Plant 2,2,2250-10,G300 TRANSMISSION CASE DC,5,Condition Check Die,20,condition check 1 out of 3 leaker,Die Related,06:55 PM,07:15 PM
18-Mar-22,AAC Plant 2,2,800-2,G300 CENTER SUPPORT DC,4,Other (Indirect),30,hyd oil level low,Casting Process/Equipment,05:15 PM,05:45 PM
19-Mar-22,AAC Plant 2,1,2250-3,G300 TA HOUSING FWD DC,3,Condition Check Die,25,developer check,Die Related,10:30 AM,10:55 AM
19-Mar-22,AAC Plant 2,1,2250-3,G300 TA HOUSING FWD DC,3,Die Change,0,scheduled die change,Die Related,05:00 AM,07:15 AM
19-Mar-22,AAC Plant 2,1,800-1,744K CENTER SUPPORT DC,3,Condition Check Die,12,condition chck,Die Related,12:13 PM,12:25 PM
20-Mar-22,AAC Plant 2,1,800-2,G300 CENTER SUPPORT DC,4,Water/Die Lube Supply,16,lubrication oil low,Casting Process/Equipment,11:02 AM,11:18 AM
20-Mar-22,AAC Plant 2,2,800-2,G300 CENTER SUPPORT DC,4,Die Change,45,die change,Die Related,08:50 PM,09:35 PM
20-Mar-22,AAC Plant 2,2,800-2,G300 CENTER SUPPORT DC,7,Die Change,70,die change sprue bushing,Die Related,10:50 PM,12:00 AM
20-Mar-22,AAC Plant 2,2,800-2,G300 CENTER SUPPORT DC,7,Water/Die Lube Supply,30,cycle time over,Casting Process/Equipment,09:45 PM,10:15 PM
21-Mar-22,AAC Plant 2,1,2250-13,G300 TRANSMISSION CASE DC,9,Condition Check Die,25,condition check qc req,Die Related,09:00 AM,09:25 AM
21-Mar-22,AAC Plant 2,1,2250-2,744 TA HOUSING FWD DC,1,Other (Indirect),15,over start,Casting Process/Equipment,05:15 AM,05:30 AM
21-Mar-22,AAC Plant 2,1,2250-3,G300 TA HOUSING FWD DC,3,Other (Indirect),25,over start,Casting Process/Equipment,05:15 AM,05:40 AM
21-Mar-22,AAC Plant 2,1,2250-4,946F Crankcase DC,12,Other (Indirect),15,over start,Casting Process/Equipment,05:15 AM,05:30 AM
21-Mar-22,AAC Plant 2,1,2250-8,19MY PTO TRANSMISSION CASE DC,3,Clean Up,5,over 4s+d,Casting Process/Equipment,11:30 AM,11:35 AM
21-Mar-22,AAC Plant 2,1,500-3,G903 Stator Wheel DC,4,Condition Check Die,60,cond check dm working on tp,Die Related,02:38 PM,03:38 PM
21-Mar-22,AAC Plant 2,1,500-3,G903 Stator Wheel DC,4,Condition Check Die,8,cond check,Die Related,01:09 PM,01:17 PM
21-Mar-22,AAC Plant 2,1,500-3,G903 Stator Wheel DC,4,Condition Check Die,10,cleaning off die face,Die Related,12:25 PM,12:35 PM
21-Mar-22,AAC Plant 2,1,800-1,744K CENTER SUPPORT DC,3,Condition Check Die,6,check powder and water leaking,Die Related,01:48 PM,01:54 PM
21-Mar-22,AAC Plant 2,1,800-3,G300 CENTER SUPPORT DC,9,Die Change,0,scheduled die change,Die Related,03:15 PM,04:15 PM
21-Mar-22,AAC Plant 2,2,2250-13,G300 TRANSMISSION CASE DC,9,Die Change,30,die change,Die Related,11:00 PM,11:30 PM
21-Mar-22,AAC Plant 2,2,2250-13,G300 TRANSMISSION CASE DC,9,Die Change,155,die change,Die Related,05:45 PM,08:40 PM
21-Mar-22,AAC Plant 2,2,800-1,744K CENTER SUPPORT DC,6,Die Change,0,scheduled die change,Die Related,05:15 PM,06:15 PM
22-Mar-22,AAC Plant 2,1,1650-1,"103E Oil Pan, No. 1  DC",2,Condition Check Die,10,condition check,Die Related,07:10 AM,07:20 AM
22-Mar-22,AAC Plant 2,1,2250-1,946F Crankcase DC,9,Other (Indirect),15,over start,Casting Process/Equipment,05:15 AM,05:30 AM
22-Mar-22,AAC Plant 2,1,2250-10,G300 TRANSMISSION CASE DC,5,Condition Check Machine,15,over start e-polish,Casting Process/Equipment,05:15 AM,05:30 AM
22-Mar-22,AAC Plant 2,1,2250-10,G300 TRANSMISSION CASE DC,5,Clean Up,50,over 4s+d,Casting Process/Equipment,12:00 PM,12:50 PM
22-Mar-22,AAC Plant 2,1,2250-4,946F Crankcase DC,12,Other (Indirect),15,over start all safety fences and doors open,Casting Process/Equipment,05:15 AM,05:30 AM
22-Mar-22,AAC Plant 2,1,2250-5,G298 TA HOUSING AWD DC,3,Condition Check Die,10,condition check,Die Related,09:00 AM,09:10 AM
22-Mar-22,AAC Plant 2,1,2250-5,G298 TA HOUSING AWD DC,3,Die Change,50,die change to g298 #4,Die Related,11:30 AM,12:20 PM
22-Mar-22,AAC Plant 2,1,2250-5,G298 TA HOUSING AWD DC,4,Condition Check Die,15,PE request developer checks,Die Related,04:15 PM,04:30 PM
22-Mar-22,AAC Plant 2,1,500-2,G904 Stator Wheel DC,4,Die Change,0,scheduled die change carry over maint,Die Related,05:15 AM,02:15 PM
22-Mar-22,AAC Plant 2,1,800-3,G300 CENTER SUPPORT DC,3,Die Change,80,flashed through powder pins ms,Die Related,07:40 AM,09:00 AM
22-Mar-22,AAC Plant 2,2,2250-12,BC01 Transmission Case DC,12,Condition Check Die,20,condition check,Die Related,08:55 PM,09:15 PM
22-Mar-22,AAC Plant 2,2,2250-2,744 TA HOUSING FWD DC,1,Die Change,75,die change found leaking core pin,Die Related,02:35 AM,03:50 AM
22-Mar-22,AAC Plant 2,2,500-3,G903 Stator Wheel DC,4,Clean Up,15,over start,Casting Process/Equipment,05:15 PM,05:30 PM
22-Mar-22,AAC Plant 2,2,800-1,744K CENTER SUPPORT DC,6,Die Change,0,scheduled die change,Die Related,03:00 AM,05:00 AM
23-Mar-22,AAC Plant 2,1,2250-10,G300 TRANSMISSION CASE DC,5,Other (Indirect),10,over start,Casting Process/Equipment,05:15 AM,05:25 AM
23-Mar-22,AAC Plant 2,1,500-3,G903 Stator Wheel DC,4,Water/Die Lube Supply,10,lube supply low,Casting Process/Equipment,02:45 PM,02:55 PM
23-Mar-22,AAC Plant 2,2,2250-5,G298 TA HOUSING AWD DC,4,Condition Check Die,20,condition check,Die Related,06:10 PM,06:30 PM
24-Mar-22,AAC Plant 2,1,2250-1,946F Crankcase DC,9,Other (Indirect),15,over start,Casting Process/Equipment,05:15 AM,05:30 AM
24-Mar-22,AAC Plant 2,1,2250-11,BC01 Transmission Case DC,9,Date Stamp-ID,10,date stamp chunk out,Casting Process/Equipment,05:35 AM,05:45 AM
24-Mar-22,AAC Plant 2,1,2250-13,G300 TRANSMISSION CASE DC,7,Other (Indirect),30,SCW /light curtain,Casting Process/Equipment,07:00 AM,07:30 AM
24-Mar-22,AAC Plant 2,1,2250-6,946F Crankcase DC,11,Condition Check Die,40,condition check,Die Related,01:20 PM,02:00 PM
24-Mar-22,AAC Plant 2,1,2250-8,G298 TA HOUSING AWD DC,5,Other (Indirect),15,over start,Casting Process/Equipment,05:15 AM,05:30 AM
24-Mar-22,AAC Plant 2,1,2250-9,881 Oil Pan DC,5,Other (Indirect),25,over start flash out,Casting Process/Equipment,05:15 AM,05:40 AM
24-Mar-22,AAC Plant 2,1,2250-9,881 Oil Pan DC,5,Die Change,85,die change pulled 5 set 6,Die Related,07:00 AM,08:25 AM
24-Mar-22,AAC Plant 2,1,2250-9,881 Oil Pan DC,6,Condition Check Die,30,shrinkage on c1 pin,Die Related,03:30 PM,04:00 PM
24-Mar-22,AAC Plant 2,1,500-2,G904 Stator Wheel DC,3,Die Change,0,scheduled die change,Die Related,08:00 AM,09:25 AM
24-Mar-22,AAC Plant 2,1,500-3,G903 Stator Wheel DC,4,Water/Die Lube Supply,15,pumping unit lower limit fault,Casting Process/Equipment,03:00 PM,03:15 PM
24-Mar-22,AAC Plant 2,1,500-3,G903 Stator Wheel DC,4,Condition Check Die,15,condition check die,Die Related,09:00 AM,09:15 AM
24-Mar-22,AAC Plant 2,1,500-3,G903 Stator Wheel DC,4,Water/Die Lube Supply,5,pumping unit fault,Casting Process/Equipment,08:40 AM,08:45 AM
24-Mar-22,AAC Plant 2,1,800-1,744K CENTER SUPPORT DC,5,Die Change,0,scheduled die chantge,Die Related,05:15 AM,06:15 AM
24-Mar-22,AAC Plant 2,2,2250-4,946F Crankcase DC,12,Die Change,105,broke pin ms,Die Related,03:00 AM,04:45 AM
24-Mar-22,AAC Plant 2,2,800-1,744K CENTER SUPPORT DC,5,Die Change,25,die change,Die Related,03:10 AM,03:35 AM
24-Mar-22,AAC Plant 2,2,800-2,G300 CENTER SUPPORT DC,5,Die Change,0,scheduled die change,Die Related,03:30 AM,05:00 AM
24-Mar-22,AAC Plant 2,2,800-3,G300 CENTER SUPPORT DC,4,Water/Die Lube Supply,35,lube fault,Casting Process/Equipment,08:10 PM,08:45 PM
24-Mar-22,AAC Plant 2,2,800-3,G300 CENTER SUPPORT DC,4,Water/Die Lube Supply,7,lube fault,Casting Process/Equipment,09:09 PM,09:16 PM
24-Mar-22,AAC Plant 2,2,800-3,G300 CENTER SUPPORT DC,4,Water/Die Lube Supply,8,lube fault,Casting Process/Equipment,09:40 PM,09:48 PM
25-Mar-22,AAC Plant 2,1,2250-10,G300 TRANSMISSION CASE DC,5,Die Change,45,die change pin leaking on s/s,Die Related,10:30 AM,11:15 AM
25-Mar-22,AAC Plant 2,1,2250-10,G300 TRANSMISSION CASE DC,5,Condition Check Die,30,condition check,Die Related,10:00 AM,10:30 AM
25-Mar-22,AAC Plant 2,1,2250-4,946F Crankcase DC,6,Die Change,0,die change to 6 during 4s+d,Die Related,04:10 PM,05:00 PM
25-Mar-22,AAC Plant 2,1,2250-4,946F Crankcase DC,6,Die Change,0,scheduled carryover die change,Die Related,05:00 AM,05:40 AM
25-Mar-22,AAC Plant 2,1,2250-5,G298 TA HOUSING AWD DC,1,Die Change,80,die change to die 4,Die Related,08:00 AM,09:20 AM
25-Mar-22,AAC Plant 2,1,2250-6,946F Crankcase DC,1,Water/Die Lube Supply,10,die lube not working die lube station,Casting Process/Equipment,05:20 AM,05:30 AM
25-Mar-22,AAC Plant 2,1,2250-7,587F Crank Case Stiffening DC,31,Water/Die Lube Supply,10,die lube station,Casting Process/Equipment,05:15 AM,05:25 AM
25-Mar-22,AAC Plant 2,1,2250-8,G298 TA HOUSING AWD DC,5,Condition Check Die,10,die lube station down,Die Related,05:15 AM,05:25 AM
25-Mar-22,AAC Plant 2,1,2250-9,881 Oil Pan DC,6,Other (Indirect),10,over start,Casting Process/Equipment,05:15 AM,05:25 AM
25-Mar-22,AAC Plant 2,1,500-3,G903 Stator Wheel DC,4,Water/Die Lube Supply,15,pumping unit fault,Casting Process/Equipment,07:15 AM,07:30 AM
25-Mar-22,AAC Plant 2,1,800-1,744K CENTER SUPPORT DC,6,Condition Check Die,27,condirion check,Die Related,12:41 PM,01:08 PM
25-Mar-22,AAC Plant 2,2,2250-3,G300 TA HOUSING FWD DC,3,Die Change,0,scheduled die change,Die Related,05:15 PM,07:15 PM
25-Mar-22,AAC Plant 2,2,2250-5,G298 TA HOUSING AWD DC,4,Die Change,135,"die change auto exchange, broke pin on m/s",Die Related,01:45 AM,04:00 AM
25-Mar-22,AAC Plant 2,2,500-2,G904 Stator Wheel DC,3,Water/Die Lube Supply,90,carry over ng tip lube,Casting Process/Equipment,07:15 PM,08:45 PM
25-Mar-22,AAC Plant 2,2,500-2,G904 Stator Wheel DC,3,Die Change,0,scheduloed die change,Die Related,05:15 PM,07:15 PM
25-Mar-22,AAC Plant 2,2,800-1,744K CENTER SUPPORT DC,6,Die Change,130,die change,Die Related,11:20 PM,01:30 AM
26-Mar-22,AAC Plant 2,1,800-1,744K CENTER SUPPORT DC,6,Condition Check Die,87,condition check,Die Related,03:03 PM,04:30 PM
26-Mar-22,AAC Plant 2,1,800-3,G300 CENTER SUPPORT DC,1,Die Change,175,die change flashed through,Die Related,10:15 AM,01:10 PM
26-Mar-22,AAC Plant 2,1,800-3,G300 CENTER SUPPORT DC,4,Die Change,10,die change o-ring  chnage,Die Related,09:49 AM,09:59 AM
26-Mar-22,AAC Plant 2,2,800-1,744K CENTER SUPPORT DC,6,Die Change,35,die change finish setting m/s,Die Related,01:00 AM,01:35 AM
26-Mar-22,AAC Plant 2,2,800-3,G300 CENTER SUPPORT DC,10,Die Change,50,die change flashed out,Die Related,03:10 AM,04:00 AM
26-Mar-22,AAC Plant 2,2,800-3,G300 CENTER SUPPORT DC,8,Die Change,25,die change to die 9 water leak,Die Related,09:00 PM,09:25 PM
26-Mar-22,AAC Plant 2,2,800-3,G300 CENTER SUPPORT DC,9,Die Change,20,die change found leaking sprue bushing,Die Related,02:50 AM,03:20 AM
28-Mar-22,AAC Plant 2,1,2250-10,G300 TRANSMISSION CASE DC,6,Condition Check Die,15,condition check,Die Related,07:10 AM,07:25 AM
28-Mar-22,AAC Plant 2,1,2250-10,G300 TRANSMISSION CASE DC,6,Die Change,250,die change,Die Related,07:25 AM,11:35 AM
28-Mar-22,AAC Plant 2,1,2250-11,BC01 Transmission Case DC,9,Die Change,0,die change during 4s+d,Die Related,11:00 AM,11:55 AM
28-Mar-22,AAC Plant 2,1,2250-11,BC01 Transmission Case DC,9,Die Change,110,started die change stuck part,Die Related,09:10 AM,11:00 AM
28-Mar-22,AAC Plant 2,1,2250-3,G300 TA HOUSING FWD DC,3,Water/Die Lube Supply,35,die lube station down,Casting Process/Equipment,05:15 AM,05:50 AM
28-Mar-22,AAC Plant 2,1,2250-4,946F Crankcase DC,8,Water/Die Lube Supply,20,die lube station down,Casting Process/Equipment,05:15 AM,05:35 AM
28-Mar-22,AAC Plant 2,1,2250-5,G298 TA HOUSING AWD DC,2,Condition Check Die,10,condition check qc req,Die Related,08:50 AM,09:00 AM
28-Mar-22,AAC Plant 2,1,2250-6,946F Crankcase DC,11,Condition Check Die,20,condition check qc req,Die Related,12:40 PM,01:00 PM
28-Mar-22,AAC Plant 2,1,2250-7,A467 Extension Housing DC,1,Die Change,0,scheduled die change,Die Related,01:30 PM,03:00 PM
28-Mar-22,AAC Plant 2,1,2250-9,881 Oil Pan DC,6,Other (Indirect),10,over start,Casting Process/Equipment,05:15 AM,05:25 AM
28-Mar-22,AAC Plant 2,1,800-1,744K CENTER SUPPORT DC,6,Die Change,34,die change,Die Related,09:11 AM,09:45 AM
28-Mar-22,AAC Plant 2,1,800-2,G300 CENTER SUPPORT DC,7,Die Change,60,die change /flash out,Die Related,07:48 AM,08:48 AM
28-Mar-22,AAC Plant 2,2,2250-10,G300 TRANSMISSION CASE DC,6,Die Change,165,pin on c3 had water leak,Die Related,01:45 AM,04:30 AM
28-Mar-22,AAC Plant 2,2,2250-5,G298 TA HOUSING AWD DC,2,Die Change,0,scheduled die change,Die Related,02:30 AM,04:45 AM
28-Mar-22,AAC Plant 2,2,800-1,744K CENTER SUPPORT DC,5,Die Change,20,die change finished,Die Related,11:00 PM,11:20 PM
29-Mar-22,AAC Plant 2,1,2250-10,G300 TRANSMISSION CASE DC,6,Die Change,0,scheduled die change carry over,Die Related,05:00 AM,06:35 AM
29-Mar-22,AAC Plant 2,1,2250-2,744 TA HOUSING FWD DC,3,Die Change,30,die change carry over,Die Related,11:30 AM,12:00 PM
29-Mar-22,AAC Plant 2,1,2250-2,744 TA HOUSING FWD DC,3,Condition Check Die,15,qc req condition check,Die Related,07:30 AM,07:45 AM
29-Mar-22,AAC Plant 2,1,2250-6,946F Crankcase DC,11,Die Change,0,scheduled die change,Die Related,03:00 PM,05:00 PM
29-Mar-22,AAC Plant 2,1,500-2,B700 V6 Stator Wheel DC,9,Die Change,0,scheduled die change,Die Related,05:15 AM,06:15 AM
29-Mar-22,AAC Plant 2,1,800-1,744K CENTER SUPPORT DC,3,Die Change,83,die change,Die Related,12:27 PM,01:50 PM
29-Mar-22,AAC Plant 2,1,800-2,G300 CENTER SUPPORT DC,11,Condition Check Machine,6,low ej pins,Casting Process/Equipment,02:49 PM,02:55 PM
29-Mar-22,AAC Plant 2,1,800-2,G300 CENTER SUPPORT DC,11,Condition Check Machine,20,low ej pins,Casting Process/Equipment,02:45 PM,01:05 PM
29-Mar-22,AAC Plant 2,1,800-2,G300 CENTER SUPPORT DC,11,Water/Die Lube Supply,16,hyd fluid low,Casting Process/Equipment,02:55 PM,03:11 PM
29-Mar-22,AAC Plant 2,2,2250-13,G300 TRANSMISSION CASE DC,8,Die Change,120,die change,Die Related,11:00 PM,01:00 AM
29-Mar-22,AAC Plant 2,2,2250-13,G300 TRANSMISSION CASE DC,8,Condition Check Die,30,condition check,Die Related,10:30 PM,11:00 PM
29-Mar-22,AAC Plant 2,2,2250-3,744 TA HOUSING FWD DC,1,Die Change,60,die chnage,Die Related,06:35 PM,07:35 PM
29-Mar-22,AAC Plant 2,2,2250-4,946F Crankcase DC,8,Die Change,35,die change,Die Related,10:00 PM,10:35 PM
29-Mar-22,AAC Plant 2,2,2250-6,984F Crankcase DC,2,Die Change,0,die change,Die Related,05:15 PM,07:15 PM
29-Mar-22,AAC Plant 2,2,2250-7,A467 Adaptor DC,3,Die Change,0,scheduled die change,Die Related,05:15 PM,07:40 PM
29-Mar-22,AAC Plant 2,2,2250-8,G298 TA HOUSING AWD DC,5,Die Change,0,scheduled die change,Die Related,07:15 PM,10:25 PM
30-Mar-22,AAC Plant 2,1,2250-1,946F Crankcase DC,10,Other (Indirect),10,over start,Casting Process/Equipment,05:15 AM,05:25 AM
30-Mar-22,AAC Plant 2,1,2250-10,G300 TRANSMISSION CASE DC,6,Other (Indirect),20,over 4s+d,Casting Process/Equipment,11:20 AM,11:40 AM
30-Mar-22,AAC Plant 2,1,2250-10,G300 TRANSMISSION CASE DC,6,Other (Indirect),25,over start,Casting Process/Equipment,05:15 AM,05:40 AM
30-Mar-22,AAC Plant 2,1,2250-4,946F Crankcase DC,6,Other (Indirect),30,shaker jammed,Casting Process/Equipment,07:45 AM,08:15 AM
30-Mar-22,AAC Plant 2,1,2250-6,984F Crankcase DC,2,Condition Check Die,10,condition check,Die Related,06:10 AM,06:20 AM
30-Mar-22,AAC Plant 2,1,2250-9,881 Oil Pan DC,6,Condition Check Die,15,tab height out of spec,Die Related,08:55 AM,09:10 AM
30-Mar-22,AAC Plant 2,1,2250-9,881 Oil Pan DC,6,Other (Indirect),10,over start,Casting Process/Equipment,05:15 AM,05:25 AM
30-Mar-22,AAC Plant 2,1,2250-9,881 Oil Pan DC,6,Condition Check Die,45,cond check,Die Related,01:10 PM,01:55 PM
30-Mar-22,AAC Plant 2,1,500-2,B700 V6 Stator Wheel DC,9,Die Change,0,scheduled die change,Die Related,01:50 PM,03:00 PM
30-Mar-22,AAC Plant 2,1,800-1,744K CENTER SUPPORT DC,6,Other (Indirect),30,catcher stuck pn table top,Casting Process/Equipment,04:00 PM,04:30 PM
30-Mar-22,AAC Plant 2,2,2250-10,G300 TRANSMISSION CASE DC,6,Die Change,145,die change ng core pin,Die Related,09:10 PM,11:35 PM
30-Mar-22,AAC Plant 2,2,2250-8,19MY PTO TRANSMISSION CASE DC,3,Condition Check Die,10,condition check,Die Related,12:25 AM,12:35 AM
31-Mar-22,AAC Plant 2,1,2250-2,744 TA HOUSING FWD DC,2,Condition Check Die,15,condition check,Die Related,10:30 AM,10:45 AM
31-Mar-22,AAC Plant 2,1,2250-5,G300 TA HOUSING FWD DC,1,Die Change,0,die change during 4s+d to die 2,Die Related,09:45 AM,10:45 AM
31-Mar-22,AAC Plant 2,1,2250-7,A467 Adaptor DC,3,Die Change,0,scheduled die change,Die Related,06:40 AM,07:45 AM
31-Mar-22,AAC Plant 2,1,2250-9,881 Oil Pan DC,6,Die Change,120,die change,Die Related,09:40 AM,11:40 AM
31-Mar-22,AAC Plant 2,1,800-1,744K CENTER SUPPORT DC,6,Condition Check Die,15,condition check,Die Related,01:50 PM,02:05 PM
31-Mar-22,AAC Plant 2,1,800-2,G300 CENTER SUPPORT DC,11,Die Change,60,die change,Die Related,10:10 AM,11:10 AM
31-Mar-22,AAC Plant 2,1,800-2,G300 CENTER SUPPORT DC,4,Condition Check Machine,10,cpndition check,Casting Process/Equipment,01:00 PM,01:10 PM
31-Mar-22,AAC Plant 2,1,800-3,G300 CENTER SUPPORT DC,3,Other (Indirect),19,cycle over,Casting Process/Equipment,08:14 AM,08:35 AM
31-Mar-22,AAC Plant 2,1,800-3,G300 CENTER SUPPORT DC,3,Die Change,14,die change,Die Related,11:06 AM,12:20 PM
31-Mar-22,AAC Plant 2,2,2250-1,946F Crankcase DC,10,Other (Indirect),5,over start,Casting Process/Equipment,05:15 AM,05:20 AM
31-Mar-22,AAC Plant 2,2,2250-3,G298 TA HOUSING AWD DC,4,Die Change,0,scheduled die change,Die Related,05:15 PM,06:15 PM
31-Mar-22,AAC Plant 2,2,2250-6,587F Crank Case Stiffening DC,31,Other (Indirect),10,parten line qc req,Casting Process/Equipment,02:15 AM,02:25 AM
31-Mar-22,AAC Plant 2,2,2250-7,A467 Transmission Housing DC,3,Die Change,0,scheduled die change,Die Related,12:45 AM,01:30 AM
31-Mar-22,AAC Plant 2,2,2250-8,19MY PTO TRANSMISSION CASE DC,3,Condition Check Die,30,condition check,Die Related,11:00 PM,11:30 PM
1-Apr-22,AAC Plant 2,1,2250-4,946F Crankcase DC,11,Other (Indirect),15,over sdtart,Casting Process/Equipment,05:15 AM,05:30 AM
1-Apr-22,AAC Plant 2,2,2250-1,946F Crankcase DC,10,Other (Indirect),20,start upo,Casting Process/Equipment,05:15 AM,05:35 AM
1-Apr-22,AAC Plant 2,2,2250-7,A467 Extension Housing DC,1,Die Change,0,scheduled die change,Die Related,07:05 PM,08:35 PM
1-Apr-22,AAC Plant 2,2,2250-8,19MY PTO TRANSMISSION CASE DC,3,Condition Check Die,30,condition check cold shut c2,Die Related,02:10 AM,02:40 AM
1-Apr-22,AAC Plant 2,2,2250-8,19MY PTO TRANSMISSION CASE DC,3,Condition Check Die,25,condition check cold shut c2,Die Related,01:25 AM,01:50 AM
4-Apr-22,AAC Plant 2,1,2250-10,G300 TRANSMISSION CASE DC,1,Die Change,235,die change /cond checki water leak on ms,Die Related,01:35 PM,04:30 PM
4-Apr-22,AAC Plant 2,1,2250-11,BC01 Transmission Case DC,13,Clean Up,15,over 4s+d,Casting Process/Equipment,02:05 PM,02:20 PM
4-Apr-22,AAC Plant 2,1,2250-12,BC01 Transmission Case DC,12,Date Stamp-ID,20,die height ng,Casting Process/Equipment,05:45 AM,06:05 AM
4-Apr-22,AAC Plant 2,1,2250-8,19MY PTO TRANSMISSION CASE DC,3,Condition Check Die,25,condition checlk,Die Related,09:05 AM,09:30 AM
4-Apr-22,AAC Plant 2,1,2250-8,19MY PTO TRANSMISSION CASE DC,3,Die Change,0,scheduled die change,Die Related,09:30 AM,11:30 AM
4-Apr-22,AAC Plant 2,2,2250-10,G300 TRANSMISSION CASE DC,5,Die Change,0,scheduled die change,Die Related,07:15 PM,09:30 PM
4-Apr-22,AAC Plant 2,2,2250-5,G298 TA HOUSING AWD DC,2,Die Change,0,scheduled die change,Die Related,05:15 PM,08:15 PM
4-Apr-22,AAC Plant 2,2,2250-6,984F Crankcase DC,2,Die Change,285,die change bent pin,Die Related,09:25 PM,02:10 AM
4-Apr-22,AAC Plant 2,2,2250-7,A467 Adaptor DC,3,Condition Check Die,15,condition check,Die Related,10:00 PM,10:15 PM
4-Apr-22,AAC Plant 2,2,2250-7,A467 Adaptor DC,3,Die Change,0,scheduled die change,Die Related,10:30 PM,03:45 AM
4-Apr-22,AAC Plant 2,2,2250-8,19MY NONPTO TRANSMISSION CASE DC,1,Clean Up,20,over 4s+d,Casting Process/Equipment,07:05 PM,07:25 PM
4-Apr-22,AAC Plant 2,2,2250-8,19MY NONPTO TRANSMISSION CASE DC,1,Condition Check Die,10,e-polish,Die Related,07:50 PM,08:00 PM
5-Apr-22,AAC Plant 2,1,2250-10,G300 TRANSMISSION CASE DC,5,Condition Check Die,15,developer check no leaks,Die Related,11:15 AM,11:30 AM
5-Apr-22,AAC Plant 2,1,2250-10,G300 TRANSMISSION CASE DC,5,Condition Check Die,200,cond check cold shot,Die Related,06:10 AM,09:30 AM
5-Apr-22,AAC Plant 2,1,2250-10,G300 TRANSMISSION CASE DC,5,Other (Indirect),5,over start,Casting Process/Equipment,05:25 AM,05:30 AM
5-Apr-22,AAC Plant 2,1,2250-4,946F Crankcase DC,11,Die Change,105,die change broke pin,Die Related,06:50 AM,08:35 AM
5-Apr-22,AAC Plant 2,1,2250-6,587F Crank Case Stiffening DC,31,Die Change,0,scheduled die change,Die Related,02:00 PM,03:25 PM
5-Apr-22,AAC Plant 2,1,2250-8,19MY NONPTO TRANSMISSION CASE DC,1,Date Stamp-ID,20,month stamp pulled out,Casting Process/Equipment,07:15 AM,07:35 AM
5-Apr-22,AAC Plant 2,1,500-3,G904 Stator Wheel DC,1,Die Change,60,die change broke metal saver,Die Related,09:30 AM,10:30 AM
5-Apr-22,AAC Plant 2,1,500-3,G904 Stator Wheel DC,3,Die Change,55,die change broke pin,Die Related,07:55 AM,08:50 AM
5-Apr-22,AAC Plant 2,1,800-2,G300 CENTER SUPPORT DC,4,Other (Indirect),5,japanese req tonnage cooling unit,Casting Process/Equipment,01:34 PM,01:39 PM
5-Apr-22,AAC Plant 2,2,2250-1,946F Crankcase DC,10,Other (Indirect),400,smashed crane wire while closing,Casting Process/Equipment,09:20 PM,03:45 AM
5-Apr-22,AAC Plant 2,2,2250-10,G300 TRANSMISSION CASE DC,5,Metal Delivery,15,hot charge arm return over,Casting Process/Equipment,03:40 AM,03:55 AM
5-Apr-22,AAC Plant 2,2,2250-10,G300 TRANSMISSION CASE DC,5,N/G Tip or Sleeve Change,35,carry over 4s+f,Casting Process/Equipment,08:50 PM,09:25 PM
5-Apr-22,AAC Plant 2,2,2250-13,G300 TRANSMISSION CASE DC,9,Condition Check Die,60,condition check,Die Related,06:20 PM,07:20 PM
5-Apr-22,AAC Plant 2,2,2250-3,744 TA HOUSING AWD DC,2,Die Change,0,scheduled die change,Die Related,05:15 PM,09:00 PM
5-Apr-22,AAC Plant 2,2,2250-8,19MY NONPTO TRANSMISSION CASE DC,1,Clean Up,20,over 4s+d,Casting Process/Equipment,08:30 PM,08:50 PM
5-Apr-22,AAC Plant 2,2,800-1,744K CENTER SUPPORT DC,6,Condition Check Machine,20,cond check,Casting Process/Equipment,12:30 AM,12:50 AM
5-Apr-22,AAC Plant 2,2,800-2,G300 CENTER SUPPORT DC,4,N/G Tip or Sleeve Change,60,flashed out thru sleeve,Casting Process/Equipment,03:30 AM,04:30 AM
6-Apr-22,AAC Plant 2,1,2250-1,946F Crankcase DC,9,Condition Check Machine,15,ME checking broke pin detect,Casting Process/Equipment,10:00 AM,10:15 AM
6-Apr-22,AAC Plant 2,1,2250-1,946F Crankcase DC,9,Metal Delivery,10,out of metal,Casting Process/Equipment,03:35 PM,03:45 PM
6-Apr-22,AAC Plant 2,1,2250-1,946F Crankcase DC,9,Die Change,0,scheduled die change carry over,Die Related,05:15 AM,05:35 AM
6-Apr-22,AAC Plant 2,1,2250-10,G300 TRANSMISSION CASE DC,5,Condition Check Die,15,over start,Die Related,05:15 AM,05:30 AM
6-Apr-22,AAC Plant 2,1,2250-13,G300 TRANSMISSION CASE DC,9,Metal Delivery,10,out of metal,Casting Process/Equipment,10:30 AM,10:40 AM
6-Apr-22,AAC Plant 2,1,2250-4,946F Crankcase DC,8,Die Change,0,scheduled die change,Die Related,03:00 PM,05:00 PM
6-Apr-22,AAC Plant 2,1,500-3,G903 Stator Wheel DC,4,Die Change,0,scheduled die change,Die Related,09:00 AM,10:00 AM
6-Apr-22,AAC Plant 2,1,800-2,G300 CENTER SUPPORT DC,4,Die Change,0,scheduled die change 0-ring,Die Related,03:50 PM,04:30 PM
6-Apr-22,AAC Plant 2,2,2250-3,744 TA HOUSING AWD DC,2,Condition Check Die,20,condition check die,Die Related,10:20 PM,10:40 PM
6-Apr-22,AAC Plant 2,2,2250-7,587F Crank Case Stiffening DC,31,Date Stamp-ID,15,wrong date stamp,Casting Process/Equipment,05:30 PM,05:45 PM
6-Apr-22,AAC Plant 2,2,800-1,744K CENTER SUPPORT DC,3,Other (Indirect),30,maint working on ladle,Casting Process/Equipment,04:00 AM,04:30 AM
6-Apr-22,AAC Plant 2,2,800-1,744K CENTER SUPPORT DC,3,Die Change,0,sched die change,Die Related,05:15 PM,07:00 PM
7-Apr-22,AAC Plant 2,1,2250-1,946F Crankcase DC,9,Other (Indirect),15,working on 2250-2,Casting Process/Equipment,05:15 AM,05:30 AM
7-Apr-22,AAC Plant 2,1,2250-13,G300 TRANSMISSION CASE DC,9,Die Change,45,die change,Die Related,08:20 AM,09:05 AM
7-Apr-22,AAC Plant 2,1,2250-5,G298 TA HOUSING AWD DC,2,Die Change,0,scheduled die change,Die Related,11:30 AM,01:00 PM
7-Apr-22,AAC Plant 2,1,2250-7,A467 Adaptor DC,3,Die Change,0,scheduled die change,Die Related,08:00 AM,10:30 AM
7-Apr-22,AAC Plant 2,1,2250-8,19MY PTO TRANSMISSION CASE DC,3,Die Change,0,scheduled die change,Die Related,01:00 PM,03:00 PM
7-Apr-22,AAC Plant 2,1,2250-9,881 Oil Pan DC,9,Die Change,0,scheduled die change,Die Related,11:25 AM,01:00 PM
7-Apr-22,AAC Plant 2,2,2250-10,G300 TRANSMISSION CASE DC,5,N/G Tip or Sleeve Change,170,ng tip,Casting Process/Equipment,05:15 PM,08:05 PM
7-Apr-22,AAC Plant 2,2,2250-10,G300 TRANSMISSION CASE DC,5,Condition Check Die,15,cond check on ss,Die Related,09:20 PM,09:35 PM
7-Apr-22,AAC Plant 2,2,2250-2,744 TA HOUSING FWD DC,2,Condition Check Die,15,condition check,Die Related,12:45 AM,01:00 AM
7-Apr-22,AAC Plant 2,2,2250-4,984F Crankcase DC,2,Die Change,0,scheduled die change,Die Related,03:00 AM,04:45 AM
7-Apr-22,AAC Plant 2,2,2250-6,984F Crankcase DC,1,Date Stamp-ID,10,ng parts,Casting Process/Equipment,05:25 PM,05:35 PM
7-Apr-22,AAC Plant 2,2,2250-9,587F Crank Case Stiffening DC,29,Die Change,0,scheduled die change,Die Related,05:15 PM,06:30 PM
7-Apr-22,AAC Plant 2,2,800-1,744K CENTER SUPPORT DC,3,Condition Check Machine,18,cond check,Casting Process/Equipment,02:12 AM,02:30 AM
8-Apr-22,AAC Plant 2,1,2250-1,946F Crankcase DC,9,Other (Indirect),15,over start,Casting Process/Equipment,05:15 AM,05:30 AM
8-Apr-22,AAC Plant 2,1,2250-10,G300 TRANSMISSION CASE DC,5,Other (Indirect),10,over start e-polish,Casting Process/Equipment,05:15 AM,05:25 AM
8-Apr-22,AAC Plant 2,1,2250-10,G300 TRANSMISSION CASE DC,5,Other (Indirect),30,over start,Casting Process/Equipment,11:40 AM,12:10 PM
8-Apr-22,AAC Plant 2,1,2250-13,G300 TRANSMISSION CASE DC,7,Die Change,35,die change water leak,Die Related,07:20 AM,07:55 AM
8-Apr-22,AAC Plant 2,1,2250-13,G300 TRANSMISSION CASE DC,8,Other (Indirect),130,stop call wait,Casting Process/Equipment,09:00 AM,11:10 AM
8-Apr-22,AAC Plant 2,1,2250-8,G298 TA HOUSING AWD DC,5,Condition Check Die,10,cond check ms leak pin,Die Related,10:55 AM,11:05 AM
8-Apr-22,AAC Plant 2,1,800-2,G300 CENTER SUPPORT DC,7,Die Change,0,scheduled die change,Die Related,03:10 PM,05:00 PM
8-Apr-22,AAC Plant 2,2,2250-11,BC01 Transmission Case DC,11,Date Stamp-ID,10,wrong month stamp,Casting Process/Equipment,11:20 PM,11:30 PM
8-Apr-22,AAC Plant 2,2,2250-11,BC01 Transmission Case DC,13,Metal Delivery,25,metal temp low,Casting Process/Equipment,05:15 PM,05:40 PM
8-Apr-22,AAC Plant 2,2,2250-11,BC01 Transmission Case DC,13,Die Change,70,die change,Die Related,06:00 PM,07:10 PM
9-Apr-22,AAC Plant 2,1,2250-10,G300 TRANSMISSION CASE DC,10,Die Change,70,die change,Die Related,02:20 PM,03:30 PM
9-Apr-22,AAC Plant 2,1,2250-10,G300 TRANSMISSION CASE DC,5,Die Change,75,die change water leak on ss,Die Related,11:30 AM,12:45 PM
9-Apr-22,AAC Plant 2,1,2250-10,G300 TRANSMISSION CASE DC,5,Die Change,0,die change during 4s+d,Die Related,10:30 AM,11:30 AM
9-Apr-22,AAC Plant 2,1,2250-4,946F Crankcase DC,8,Condition Check Die,10,cond check,Die Related,01:50 PM,02:00 PM
11-Apr-22,AAC Plant 2,1,2250-1,946F Crankcase DC,9,Die Change,70,set die,Die Related,06:45 AM,07:55 AM
11-Apr-22,AAC Plant 2,1,2250-5,G300 TA HOUSING FWD DC,1,Die Change,0,scheduled die chnage,Die Related,11:40 AM,03:00 PM
11-Apr-22,AAC Plant 2,1,2250-7,A467 Adaptor DC,3,Condition Check Die,5,condition check cold shot,Die Related,07:30 AM,07:35 AM
11-Apr-22,AAC Plant 2,1,2250-9,587F Crank Case Stiffening DC,29,Other (Indirect),5,over start,Casting Process/Equipment,05:15 AM,05:20 AM
11-Apr-22,AAC Plant 2,1,800-3,G300 CENTER SUPPORT DC,11,Die Change,30,die change,Die Related,05:15 AM,05:45 AM
11-Apr-22,AAC Plant 2,2,1650-1,881 Oil Pan DC,10,Die Change,0,scheduled die change,Die Related,12:40 AM,04:45 AM
11-Apr-22,AAC Plant 2,2,1650-1,881 Oil Pan DC,10,Water/Die Lube Supply,10,grease fault,Casting Process/Equipment,05:50 PM,06:00 PM
11-Apr-22,AAC Plant 2,2,2250-3,744 TA HOUSING AWD DC,2,Condition Check Die,10,condition check die,Die Related,11:05 PM,11:15 PM
11-Apr-22,AAC Plant 2,2,2250-6,984F Crankcase DC,1,Die Change,90,die change,Die Related,08:50 PM,10:20 PM
11-Apr-22,AAC Plant 2,2,2250-7,A467 Transmission Housing DC,3,Die Change,0,scheduled die change,Die Related,05:15 PM,06:35 PM
11-Apr-22,AAC Plant 2,2,800-3,G300 CENTER SUPPORT DC,11,Die Change,50,die chnage,Die Related,10:40 PM,11:30 PM
12-Apr-22,AAC Plant 2,1,2250-1,946F Crankcase DC,9,Other (Indirect),15,over start,Casting Process/Equipment,05:15 AM,05:30 AM
12-Apr-22,AAC Plant 2,1,2250-10,G300 TRANSMISSION CASE DC,6,Die Change,50,die change,Die Related,04:10 PM,05:00 PM
12-Apr-22,AAC Plant 2,1,2250-10,G300 TRANSMISSION CASE DC,6,Condition Check Die,20,cond check,Die Related,01:30 PM,01:50 PM
12-Apr-22,AAC Plant 2,1,2250-13,G300 TRANSMISSION CASE DC,8,Metal Delivery,10,out of metal,Casting Process/Equipment,01:50 PM,02:00 PM
12-Apr-22,AAC Plant 2,2,2250-6,946F Crankcase DC,11,Condition Check Die,130,cond check,Die Related,06:15 PM,08:25 PM
12-Apr-22,AAC Plant 2,2,2250-6,946F Crankcase DC,11,Condition Check Die,310,cond check,Die Related,09:20 PM,02:30 AM
12-Apr-22,AAC Plant 2,2,2250-7,A467 Transmission Housing DC,3,Die Change,0,sdcheduled die change,Die Related,12:10 AM,04:30 AM
13-Apr-22,AAC Plant 2,1,2250-10,G300 TRANSMISSION CASE DC,10,Condition Check Die,10,over starty,Die Related,05:15 AM,05:25 AM
13-Apr-22,AAC Plant 2,1,2250-13,G300 TRANSMISSION CASE DC,8,Other (Indirect),20,eletric went out,Casting Process/Equipment,02:40 PM,03:00 PM
13-Apr-22,AAC Plant 2,1,2250-5,G300 TA HOUSING FWD DC,1,Die Change,0,scheduled die change,Die Related,11:25 AM,01:05 PM
13-Apr-22,AAC Plant 2,1,2250-9,587F Crank Case Stiffening DC,29,Die Change,0,scheduled die change,Die Related,02:50 PM,05:00 PM
13-Apr-22,AAC Plant 2,1,800-2,G300 CENTER SUPPORT DC,3,Die Change,0,scheduled die change,Die Related,08:08 AM,08:50 AM
13-Apr-22,AAC Plant 2,1,800-2,G300 CENTER SUPPORT DC,5,Die Change,120,die change,Die Related,02:45 PM,04:45 PM
13-Apr-22,AAC Plant 2,2,2250-1,946F Crankcase DC,9,Die Change,215,die change broke pin,Die Related,11:35 PM,03:10 AM
13-Apr-22,AAC Plant 2,2,2250-2,744 TA HOUSING FWD DC,2,Die Change,70,die change,Die Related,11:35 PM,12:45 AM
13-Apr-22,AAC Plant 2,2,2250-5,G298 TA HOUSING AWD DC,6,Condition Check Die,120,condition check,Die Related,08:10 PM,10:10 PM
13-Apr-22,AAC Plant 2,2,2250-7,A467 Adaptor DC,3,Die Change,0,scheduled die change,Die Related,01:30 AM,02:30 AM
13-Apr-22,AAC Plant 2,2,2250-8,19MY NONPTO TRANSMISSION CASE DC,1,Die Change,0,sched die change,Die Related,05:15 PM,09:55 PM
13-Apr-22,AAC Plant 2,2,2250-9,881 Oil Pan DC,9,Die Change,0,scheduled die change,Die Related,05:15 PM,06:40 PM
13-Apr-22,AAC Plant 2,2,800-1,744K CENTER SUPPORT DC,3,Condition Check Machine,20,condition check,Casting Process/Equipment,12:40 AM,01:00 AM
14-Apr-22,AAC Plant 2,1,2250-1,946F Crankcase DC,6,Other (Indirect),10,over start,Casting Process/Equipment,05:15 AM,05:25 AM
14-Apr-22,AAC Plant 2,1,2250-10,G300 TRANSMISSION CASE DC,10,Other (Indirect),20,over 4s+d,Casting Process/Equipment,10:10 AM,10:30 AM
14-Apr-22,AAC Plant 2,1,2250-5,G298 TA HOUSING AWD DC,4,Die Change,0,scheduled die change durinf 4s+d continued on after waiting for crane,Die Related,11:00 AM,01:00 PM
14-Apr-22,AAC Plant 2,1,2250-8,19MY NONPTO TRANSMISSION CASE DC,1,Clean Up,10,over 4s+d,Casting Process/Equipment,10:50 AM,11:00 AM
14-Apr-22,AAC Plant 2,1,2250-8,19MY NONPTO TRANSMISSION CASE DC,1,Die Change,0,scheduled die change,Die Related,11:00 AM,02:00 PM
14-Apr-22,AAC Plant 2,1,2250-9,881 Oil Pan DC,9,Other (Indirect),10,over start,Casting Process/Equipment,05:15 AM,05:25 AM
14-Apr-22,AAC Plant 2,1,800-1,744K CENTER SUPPORT DC,3,Die Change,0,scheduled die change,Die Related,04:00 PM,04:45 PM
14-Apr-22,AAC Plant 2,2,2250-10,G300 TRANSMISSION CASE DC,10,Condition Check Die,25,condition check,Die Related,09:45 PM,10:10 PM
14-Apr-22,AAC Plant 2,2,2250-7,A467 Extension Housing DC,1,Die Change,0,scheduled die change,Die Related,03:20 AM,04:30 AM
14-Apr-22,AAC Plant 2,2,800-2,G300 CENTER SUPPORT DC,1,Die Change,0,scheduled die change,Die Related,05:30 PM,06:30 PM
15-Apr-22,AAC Plant 2,1,2250-10,G300 TRANSMISSION CASE DC,10,Condition Check Die,10,condition check,Die Related,05:35 AM,05:45 AM
15-Apr-22,AAC Plant 2,1,2250-13,G300 TRANSMISSION CASE DC,13,Metal Delivery,35,out of metral,Casting Process/Equipment,10:00 AM,10:35 AM
15-Apr-22,AAC Plant 2,1,2250-13,G300 TRANSMISSION CASE DC,13,Metal Delivery,-35,,,,
15-Apr-22,AAC Plant 2,1,2250-13,G300 TRANSMISSION CASE DC,8,Metal Delivery,15,ladle detect metal ng,Casting Process/Equipment,11:50 AM,12:05 PM
15-Apr-22,AAC Plant 2,1,2250-8,19MY PTO TRANSMISSION CASE DC,3,Die Change,0,scheduled die change,Die Related,09:40 AM,11:50 AM
15-Apr-22,AAC Plant 2,2,800-3,G300 CENTER SUPPORT DC,6,Die Change,0,scheduled die change,Die Related,12:00 AM,01:00 AM
18-Apr-22,AAC Plant 2,1,1650-1,881 Oil Pan DC,10,Clean Up,15,over 4s+d,Casting Process/Equipment,01:00 PM,01:15 PM
18-Apr-22,AAC Plant 2,1,2250-13,G300 TRANSMISSION CASE DC,8,Metal Delivery,15,ladle arm over run,Casting Process/Equipment,12:45 PM,01:00 PM
18-Apr-22,AAC Plant 2,1,2250-3,G300 TA HOUSING FWD DC,2,Die Change,0,scheduled die change,Die Related,05:15 AM,08:00 AM
18-Apr-22,AAC Plant 2,1,2250-5,G298 TA HOUSING AWD DC,5,Die Change,120,die change core not going in holding block,Die Related,01:00 PM,03:00 PM
18-Apr-22,AAC Plant 2,2,2250-3,G300 TA HOUSING FWD DC,2,Die Change,0,sched die change,Die Related,03:00 AM,04:30 AM
18-Apr-22,AAC Plant 2,2,2250-5,G298 TA HOUSING AWD DC,2,Condition Check Die,50,cond check,Die Related,01:05 AM,01:55 AM
18-Apr-22,AAC Plant 2,2,2250-6,984F Crankcase DC,2,Die Change,0,sched die change,Die Related,05:15 PM,06:45 PM
19-Apr-22,AAC Plant 2,1,2250-1,946F Crankcase DC,6,Other (Indirect),15,over start,Casting Process/Equipment,05:15 AM,05:30 AM
19-Apr-22,AAC Plant 2,1,2250-11,BC01 Transmission Case DC,11,Die Change,90,die change broke insert,Die Related,06:00 AM,07:30 AM
19-Apr-22,AAC Plant 2,1,2250-13,G300 TRANSMISSION CASE DC,8,Metal Delivery,20,out of metal,Casting Process/Equipment,07:10 AM,07:30 AM
19-Apr-22,AAC Plant 2,1,2250-2,744 TA HOUSING FWD DC,1,Die Change,190,die change vac runner stuck,Die Related,01:20 PM,04:30 PM
19-Apr-22,AAC Plant 2,1,2250-2,744 TA HOUSING FWD DC,3,Die Change,60,die change,Die Related,11:30 AM,12:30 PM
19-Apr-22,AAC Plant 2,1,2250-3,G298 TA HOUSING AWD DC,6,Condition Check Die,10,qc req cond check,Die Related,07:40 AM,07:50 AM
19-Apr-22,AAC Plant 2,1,2250-3,G298 TA HOUSING AWD DC,6,Condition Check Die,10,cond check,Die Related,01:25 PM,01:35 PM
19-Apr-22,AAC Plant 2,1,2250-4,946F Crankcase DC,10,Die Change,0,scheduled die change,Die Related,10:05 AM,02:00 PM
19-Apr-22,AAC Plant 2,1,2250-5,G298 TA HOUSING AWD DC,2,Die Change,90,die change broke pin c4,Die Related,07:45 AM,09:15 AM
19-Apr-22,AAC Plant 2,1,2250-8,19MY PTO TRANSMISSION CASE DC,3,Die Change,0,scheduled die change,Die Related,05:00 AM,06:30 AM
19-Apr-22,AAC Plant 2,1,800-2,G300 CENTER SUPPORT DC,7,Other (Indirect),13,loss of power,Casting Process/Equipment,02:53 PM,03:06 PM
19-Apr-22,AAC Plant 2,2,1650-1,881 Oil Pan DC,10,Water/Die Lube Supply,15,grease lube fault,Casting Process/Equipment,10:15 PM,10:30 PM
19-Apr-22,AAC Plant 2,2,2250-7,A467 Adaptor DC,3,Die Change,0,scheduled die change,Die Related,01:00 AM,02:30 AM
19-Apr-22,AAC Plant 2,2,800-1,744K CENTER SUPPORT DC,5,Die Change,0,scheduled die change,Die Related,03:00 AM,04:00 AM
19-Apr-22,AAC Plant 2,2,800-1,744K CENTER SUPPORT DC,5,Other (Indirect),90,carry over,Casting Process/Equipment,05:15 PM,06:45 PM
20-Apr-22,AAC Plant 2,1,1650-1,881 Oil Pan DC,10,Other (Indirect),55,cold metal,Casting Process/Equipment,06:50 AM,07:45 AM
20-Apr-22,AAC Plant 2,1,1650-1,881 Oil Pan DC,10,Other (Indirect),90,cold metal,Casting Process/Equipment,09:10 AM,10:40 AM
20-Apr-22,AAC Plant 2,1,1650-1,881 Oil Pan DC,10,Condition Check Machine,15,cond check,Casting Process/Equipment,03:40 PM,03:55 PM
20-Apr-22,AAC Plant 2,1,2250-1,946F Crankcase DC,6,Other (Indirect),10,over start,Casting Process/Equipment,05:15 AM,05:25 AM
20-Apr-22,AAC Plant 2,1,2250-10,G300 TRANSMISSION CASE DC,10,Condition Check Die,15,cond check,Die Related,10:35 AM,10:50 AM
20-Apr-22,AAC Plant 2,1,2250-13,G300 TRANSMISSION CASE DC,8,Metal Delivery,10,out of metal,Casting Process/Equipment,02:40 PM,02:50 PM
20-Apr-22,AAC Plant 2,1,2250-3,G298 TA HOUSING AWD DC,6,Condition Check Die,10,condition check,Die Related,08:45 AM,08:55 AM
20-Apr-22,AAC Plant 2,1,2250-6,984F Crankcase DC,2,Condition Check Die,10,condition check cold shut,Die Related,07:25 AM,07:35 AM
20-Apr-22,AAC Plant 2,1,2250-6,984F Crankcase DC,2,Die Change,0,scheduled die change,Die Related,01:00 PM,05:00 PM
20-Apr-22,AAC Plant 2,1,800-2,G300 CENTER SUPPORT DC,7,Die Change,0,scheduled die change,Die Related,03:00 PM,04:45 PM
20-Apr-22,AAC Plant 2,2,2250-12,BC01 Transmission Case DC,12,Die Change,0,scheduled die change ng spline,Die Related,01:30 AM,05:00 AM
20-Apr-22,AAC Plant 2,2,2250-3,G298 TA HOUSING AWD DC,6,Condition Check Die,20,cond check,Die Related,02:00 AM,02:20 AM
20-Apr-22,AAC Plant 2,2,2250-4,946F Crankcase DC,10,Condition Check Die,15,condition check,Die Related,10:00 PM,10:15 PM
20-Apr-22,AAC Plant 2,2,2250-4,946F Crankcase DC,10,Condition Check Die,20,cond check,Die Related,02:00 AM,02:20 AM
20-Apr-22,AAC Plant 2,2,2250-6,946F Crankcase DC,8,Die Change,35,die change broke pin c2,Die Related,11:25 PM,12:00 AM
20-Apr-22,AAC Plant 2,2,800-1,744K CENTER SUPPORT DC,6,Condition Check Machine,35,cond check,Casting Process/Equipment,03:25 AM,04:00 AM
20-Apr-22,AAC Plant 2,2,800-1,744K CENTER SUPPORT DC,6,Condition Check Machine,23,cond check,Casting Process/Equipment,01:32 AM,01:55 AM
20-Apr-22,AAC Plant 2,2,800-3,G300 CENTER SUPPORT DC,1,Condition Check Machine,15,cond check,Casting Process/Equipment,03:30 AM,03:45 AM
20-Apr-22,AAC Plant 2,2,800-3,G300 CENTER SUPPORT DC,1,Die Change,45,die change,Die Related,03:45 AM,04:30 AM
21-Apr-22,AAC Plant 2,1,2250-12,BC01 Transmission Case DC,8,Condition Check Die,15,cond check per qc,Die Related,10:10 AM,10:25 AM
21-Apr-22,AAC Plant 2,1,2250-13,G300 TRANSMISSION CASE DC,8,Metal Delivery,15,out of metal,Casting Process/Equipment,09:10 AM,09:25 AM
21-Apr-22,AAC Plant 2,1,2250-8,19MY PTO TRANSMISSION CASE DC,3,Die Change,0,sched die change,Die Related,05:15 AM,06:45 AM
21-Apr-22,AAC Plant 2,1,2250-9,587F Crank Case Stiffening DC,31,Date Stamp-ID,15,date stamp chuck out,Casting Process/Equipment,07:15 AM,07:30 AM
21-Apr-22,AAC Plant 2,1,500-2,G904 Stator Wheel DC,1,Die Change,45,die change,Die Related,05:15 AM,06:00 AM
21-Apr-22,AAC Plant 2,1,500-2,G904 Stator Wheel DC,3,Water/Die Lube Supply,10,lube low,Casting Process/Equipment,12:50 PM,01:00 PM
21-Apr-22,AAC Plant 2,1,800-3,G300 CENTER SUPPORT DC,1,Condition Check Machine,7,cond check,Casting Process/Equipment,07:31 AM,07:38 AM
21-Apr-22,AAC Plant 2,2,2250-10,G300 TRANSMISSION CASE DC,10,Condition Check Die,30,cond check,Die Related,08:50 PM,09:20 PM
21-Apr-22,AAC Plant 2,2,2250-10,G300 TRANSMISSION CASE DC,10,Die Change,30,die change,Die Related,10:30 PM,11:00 PM
21-Apr-22,AAC Plant 2,2,2250-10,G300 TRANSMISSION CASE DC,10,Condition Check Die,20,cond check,Die Related,07:50 PM,08:10 PM
21-Apr-22,AAC Plant 2,2,2250-10,G300 TRANSMISSION CASE DC,6,Condition Check Die,20,cond check,Die Related,12:05 AM,12:25 AM
22-Apr-22,AAC Plant 2,1,2250-10,G300 TRANSMISSION CASE DC,5,Other (Indirect),35,over start carry over,Casting Process/Equipment,05:15 AM,05:50 AM
22-Apr-22,AAC Plant 2,1,2250-10,G300 TRANSMISSION CASE DC,5,Condition Check Die,15,condition check,Die Related,08:30 AM,08:45 AM
22-Apr-22,AAC Plant 2,1,2250-11,BC01 Transmission Case DC,13,Condition Check Die,10,cond check,Die Related,06:40 AM,06:50 AM
22-Apr-22,AAC Plant 2,1,2250-8,19MY PTO TRANSMISSION CASE DC,3,Clean Up,5,over 4s+d,Casting Process/Equipment,10:00 AM,10:05 AM
22-Apr-22,AAC Plant 2,1,500-2,G904 Stator Wheel DC,3,Water/Die Lube Supply,5,lube oil low,Casting Process/Equipment,08:55 AM,09:00 AM
22-Apr-22,AAC Plant 2,1,800-2,G300 CENTER SUPPORT DC,3,Clean Up,12,oiver 4s+d,Casting Process/Equipment,08:33 AM,08:45 AM
22-Apr-22,AAC Plant 2,1,800-3,G300 CENTER SUPPORT DC,4,Die Change,60,die change,Die Related,10:44 AM,11:44 AM
22-Apr-22,AAC Plant 2,2,800-1,744K CENTER SUPPORT DC,6,Die Change,0,sched die change,Die Related,03:00 AM,05:00 AM
23-Apr-22,AAC Plant 2,1,800-2,G300 CENTER SUPPORT DC,3,Water/Die Lube Supply,9,lube level low,Casting Process/Equipment,02:15 PM,02:24 PM
25-Apr-22,AAC Plant 2,1,2250-10,G300 TRANSMISSION CASE DC,5,Condition Check Die,15,developer check,Die Related,11:30 AM,11:45 AM
25-Apr-22,AAC Plant 2,1,2250-2,744 TA HOUSING FWD DC,2,Die Change,45,die change,Die Related,11:30 AM,12:15 PM
25-Apr-22,AAC Plant 2,1,500-2,B700 V6 Stator Wheel DC,9,Water/Die Lube Supply,5,lube level low,Casting Process/Equipment,09:30 AM,09:35 AM
25-Apr-22,AAC Plant 2,1,800-2,G300 CENTER SUPPORT DC,3,Die Change,0,scheduled die change,Die Related,03:30 PM,04:45 PM
25-Apr-22,AAC Plant 2,2,2250-10,G300 TRANSMISSION CASE DC,5,Die Change,80,die change leak c3,Die Related,11:25 PM,12:55 AM
25-Apr-22,AAC Plant 2,2,2250-12,BC01 Transmission Case DC,9,Die Change,0,sched die change,Die Related,07:50 PM,09:05 PM
25-Apr-22,AAC Plant 2,2,2250-12,BC01 Transmission Case DC,9,Die Change,0,sched die change,Die Related,05:35 PM,05:55 PM
25-Apr-22,AAC Plant 2,2,2250-3,744 TA HOUSING AWD DC,2,Die Change,0,scheduled die change,Die Related,05:15 PM,07:05 PM
26-Apr-22,AAC Plant 2,1,2250-11,BC01 Transmission Case DC,10,Date Stamp-ID,10,metal behind month stamp,Casting Process/Equipment,05:55 AM,06:05 AM
26-Apr-22,AAC Plant 2,1,2250-13,G300 TRANSMISSION CASE DC,8,Metal Delivery,25,out of metal,Casting Process/Equipment,08:40 AM,09:05 AM
26-Apr-22,AAC Plant 2,1,2250-13,G300 TRANSMISSION CASE DC,8,Date Stamp-ID,15,over start,Casting Process/Equipment,05:15 AM,05:30 AM
26-Apr-22,AAC Plant 2,1,2250-2,744 TA HOUSING FWD DC,1,Die Change,260,die change core set 1,Die Related,11:30 AM,03:50 PM
26-Apr-22,AAC Plant 2,1,2250-8,19MY NONPTO TRANSMISSION CASE DC,1,Date Stamp-ID,10,month stamp came out,Casting Process/Equipment,09:30 AM,09:40 AM
26-Apr-22,AAC Plant 2,1,500-3,G903 Stator Wheel DC,4,Water/Die Lube Supply,15,eng workinhg on spray robot,Casting Process/Equipment,10:50 AM,11:05 AM
26-Apr-22,AAC Plant 2,1,500-3,G903 Stator Wheel DC,4,Water/Die Lube Supply,30,spray robot,Casting Process/Equipment,09:45 AM,10:15 AM
26-Apr-22,AAC Plant 2,1,800-2,G300 CENTER SUPPORT DC,9,Die Change,92,die change dm req,Die Related,07:38 AM,09:05 AM
26-Apr-22,AAC Plant 2,2,2250-11,BC01 Transmission Case DC,10,Clean Up,80,ph eye ng,Casting Process/Equipment,09:00 PM,10:20 PM
26-Apr-22,AAC Plant 2,2,2250-11,BC01 Transmission Case DC,13,Die Change,20,die change setting #10,Die Related,07:40 PM,08:00 PM
26-Apr-22,AAC Plant 2,2,2250-2,744 TA HOUSING FWD DC,3,Condition Check Die,15,cond check,Die Related,01:20 AM,01:35 AM
27-Apr-22,AAC Plant 2,1,2250-1,946F Crankcase DC,6,Other (Indirect),10,over start,Casting Process/Equipment,05:15 AM,05:25 AM
27-Apr-22,AAC Plant 2,1,2250-11,BC01 Transmission Case DC,10,Condition Check Die,10,condition check,Die Related,07:10 AM,07:20 AM
27-Apr-22,AAC Plant 2,1,2250-5,G298 TA HOUSING AWD DC,5,Condition Check Die,15,cond check qc req,Die Related,09:20 AM,09:35 AM
27-Apr-22,AAC Plant 2,1,2250-7,587F Crank Case Stiffening DC,31,Date Stamp-ID,30,date stamp stuck,Casting Process/Equipment,06:00 AM,06:30 AM
27-Apr-22,AAC Plant 2,1,2250-7,587F Crank Case Stiffening DC,31,Clean Up,15,shut down,Casting Process/Equipment,11:35 AM,11:50 AM
27-Apr-22,AAC Plant 2,1,2250-9,881 Oil Pan DC,6,Other (Indirect),10,contractor bringing m/s dor 2250-14,Casting Process/Equipment,11:30 AM,11:40 AM
27-Apr-22,AAC Plant 2,1,800-1,744K CENTER SUPPORT DC,5,Die Change,0,sched die change,Die Related,10:00 AM,11:15 AM
27-Apr-22,AAC Plant 2,2,1650-1,881 Oil Pan DC,10,Water/Die Lube Supply,10,grease fault,Casting Process/Equipment,12:20 AM,12:30 AM
27-Apr-22,AAC Plant 2,2,2250-2,744 TA HOUSING FWD DC,3,Condition Check Die,40,condition check,Die Related,11:20 PM,12:00 AM
27-Apr-22,AAC Plant 2,2,2250-2,744 TA HOUSING FWD DC,3,Die Change,285,die change,Die Related,12:00 AM,04:45 AM
27-Apr-22,AAC Plant 2,2,2250-6,984F Crankcase DC,2,Condition Check Die,15,cond check,Die Related,06:15 PM,06:30 PM
2-May-22,AAC Plant 2,1,2250-10,G300 TRANSMISSION CASE DC,1,Other (Indirect),15,over 4s+f,Casting Process/Equipment,11:30 AM,11:45 AM
2-May-22,AAC Plant 2,1,2250-10,G300 TRANSMISSION CASE DC,1,Other (Indirect),25,scrap chute fall,Casting Process/Equipment,08:10 AM,08:35 AM
2-May-22,AAC Plant 2,1,2250-10,G300 TRANSMISSION CASE DC,1,Condition Check Die,20,cond check cold shut,Die Related,02:20 PM,02:40 PM
2-May-22,AAC Plant 2,1,2250-13,G300 TRANSMISSION CASE DC,7,Metal Delivery,15,out of metal,Casting Process/Equipment,03:35 PM,03:50 PM
2-May-22,AAC Plant 2,1,2250-13,G300 TRANSMISSION CASE DC,7,Metal Delivery,30,out of metal,Casting Process/Equipment,02:25 PM,02:55 PM
2-May-22,AAC Plant 2,1,2250-13,G300 TRANSMISSION CASE DC,8,Die Change,120,die change broke pin detect,Die Related,07:25 AM,09:25 AM
2-May-22,AAC Plant 2,1,2250-5,G298 TA HOUSING AWD DC,5,Condition Check Die,20,cond check,Die Related,03:40 PM,04:00 PM
2-May-22,AAC Plant 2,1,2250-8,19MY NONPTO TRANSMISSION CASE DC,1,Die Change,0,scheduled die change,Die Related,05:15 AM,07:15 AM
2-May-22,AAC Plant 2,1,2250-9,881 Oil Pan DC,9,Condition Check Die,15,cond check,Die Related,03:35 PM,03:50 PM
2-May-22,AAC Plant 2,1,500-2,G904 Stator Wheel DC,3,Die Change,0,scheduled die change,Die Related,05:15 AM,06:00 AM
2-May-22,AAC Plant 2,1,800-1,744K CENTER SUPPORT DC,5,Other (Indirect),4,maint working on machine,Casting Process/Equipment,11:30 PM,11:34 PM
2-May-22,AAC Plant 2,2,2250-10,G300 TRANSMISSION CASE DC,1,Die Change,85,die change,Die Related,09:05 PM,10:25 PM
2-May-22,AAC Plant 2,2,2250-11,BC01 Transmission Case DC,10,Die Change,75,die change,Die Related,02:00 AM,03:15 AM
2-May-22,AAC Plant 2,2,2250-13,G300 TRANSMISSION CASE DC,7,Metal Delivery,15,molten netal alarm,Casting Process/Equipment,05:55 PM,06:10 PM
2-May-22,AAC Plant 2,2,2250-4,946F Crankcase DC,10,Die Change,60,die change,Die Related,03:45 AM,04:45 AM
2-May-22,AAC Plant 2,2,800-2,G300 CENTER SUPPORT DC,5,Die Change,10,die change,Die Related,01:00 AM,01:10 AM
3-May-22,AAC Plant 2,1,2250-1,946F Crankcase DC,8,Other (Indirect),15,over start,Casting Process/Equipment,05:15 AM,05:30 AM
3-May-22,AAC Plant 2,1,2250-1,946F Crankcase DC,8,Metal Delivery,10,ladle stop out of metal,Casting Process/Equipment,06:20 AM,06:30 AM
3-May-22,AAC Plant 2,1,2250-13,G300 TRANSMISSION CASE DC,7,Clean Up,45,polish,Casting Process/Equipment,03:00 PM,03:45 PM
3-May-22,AAC Plant 2,1,2250-4,946F Crankcase DC,11,Die Change,0,sched die change,Die Related,05:00 AM,06:05 AM
3-May-22,AAC Plant 2,1,2250-8,19MY PTO TRANSMISSION CASE DC,3,Die Change,0,sched die change,Die Related,05:15 AM,06:35 AM
3-May-22,AAC Plant 2,1,2250-9,881 Oil Pan DC,9,Other (Indirect),10,over start,Casting Process/Equipment,05:15 AM,05:25 AM
3-May-22,AAC Plant 2,2,2250-10,G300 TRANSMISSION CASE DC,10,Metal Delivery,10,out of metal; call melt,Metal Delivery,08:45 PM,08:55 PM
3-May-22,AAC Plant 2,2,2250-2,744 TA HOUSING FWD DC,2,Condition Check Die,15,condition check; leak behind vac block,Die Related,01:40 AM,01:55 AM
3-May-22,AAC Plant 2,2,800-3,G300 CENTER SUPPORT DC,11,Ladle-ID,15,ladle air pressure fault; building pressure dropped,Casting Process/Equipment,05:40 PM,05:55 PM
4-May-22,AAC Plant 2,1,1650-1,"103E Oil Pan, No. 1  DC",2,Condition Check Machine,20,checked and drained,Casting Process/Equipment,12:45 PM,01:05 PM
4-May-22,AAC Plant 2,1,2250-10,G300 TRANSMISSION CASE DC,10,Other (Indirect),10,over start,Casting Process/Equipment,02:15 AM,05:25 AM
4-May-22,AAC Plant 2,1,2250-9,881 Oil Pan DC,9,Other (Indirect),20,over 4sd,Casting Process/Equipment,11:30 AM,11:50 AM
4-May-22,AAC Plant 2,1,800-2,G300 CENTER SUPPORT DC,9,Die Change,65,die change loose bolts,Die Related,12:55 PM,02:00 PM
4-May-22,AAC Plant 2,2,2250-11,BC01 Transmission Case DC,12,Die Change,60,die change,Die Related,08:20 PM,09:20 PM
4-May-22,AAC Plant 2,2,2250-3,G300 TA HOUSING FWD DC,3,Die Change,30,die change,Die Related,11:00 PM,11:30 PM
4-May-22,AAC Plant 2,2,2250-5,G298 TA HOUSING AWD DC,6,N/G Tip or Sleeve Change,110,tip and sleeve,Casting Process/Equipment,08:20 PM,10:10 PM
4-May-22,AAC Plant 2,2,2250-5,G298 TA HOUSING AWD DC,6,Condition Check Die,20,condition t/p sleeve leak,Die Related,08:00 PM,08:20 PM
4-May-22,AAC Plant 2,2,2250-5,G298 TA HOUSING AWD DC,6,Condition Check Die,10,cond check,Die Related,06:25 PM,06:45 PM
4-May-22,AAC Plant 2,2,2250-5,G298 TA HOUSING AWD DC,6,Condition Check Die,25,cond check,Die Related,11:05 PM,11:30 PM
4-May-22,AAC Plant 2,2,2250-5,G298 TA HOUSING AWD DC,6,Die Change,140,die change leaking hose,Casting Process/Equipment,11:30 PM,01:50 AM
4-May-22,AAC Plant 2,2,2250-8,19MY PTO TRANSMISSION CASE DC,3,Die Change,30,pulled die in halves,Die Related,09:30 PM,10:00 PM
4-May-22,AAC Plant 2,2,2250-8,19MY PTO TRANSMISSION CASE DC,3,Other (Indirect),170,die change,Casting Process/Equipment,10:00 PM,12:50 AM
4-May-22,AAC Plant 2,2,2250-8,19MY NONPTO TRANSMISSION CASE DC,1,Condition Check Die,20,cond check,Die Related,02:50 AM,03:10 AM
4-May-22,AAC Plant 2,2,500-3,G903 Stator Wheel DC,4,Other (Indirect),45,hand chuck on ulr,Casting Process/Equipment,05:15 PM,06:00 PM
4-May-22,AAC Plant 2,2,500-3,G903 Stator Wheel DC,4,Other (Indirect),-45,,,,
5-May-22,AAC Plant 2,1,2250-10,G300 TRANSMISSION CASE DC,10,Condition Check Die,30,pe cond check,Die Related,01:40 PM,02:10 PM
5-May-22,AAC Plant 2,1,2250-10,G300 TRANSMISSION CASE DC,10,Other (Indirect),15,over 4s+f,Casting Process/Equipment,11:35 AM,11:50 AM
5-May-22,AAC Plant 2,1,2250-3,G300 TA HOUSING FWD DC,1,Die Change,0,die change carry over,Die Related,05:15 AM,05:30 AM
5-May-22,AAC Plant 2,1,2250-7,A467 Adaptor DC,3,Die Change,0,sched die change,Die Related,05:15 AM,06:45 AM
5-May-22,AAC Plant 2,1,800-2,G300 CENTER SUPPORT DC,10,Water/Die Lube Supply,20,hyd level low,Casting Process/Equipment,03:50 PM,04:10 PM
5-May-22,AAC Plant 2,2,2250-10,G300 TRANSMISSION CASE DC,10,Die Change,165,die change,Die Related,09:20 PM,12:05 AM
5-May-22,AAC Plant 2,2,2250-3,G300 TA HOUSING FWD DC,1,Die Change,0,sched die change,Die Related,01:00 AM,03:00 AM
5-May-22,AAC Plant 2,2,2250-4,946F Crankcase DC,11,Condition Check Die,30,cond check qc req,Die Related,02:00 AM,02:30 AM
5-May-22,AAC Plant 2,2,2250-8,19MY NONPTO TRANSMISSION CASE DC,1,Die Change,435,die change carry over,Die Related,05:15 PM,12:30 AM
6-May-22,AAC Plant 2,1,2250-10,G300 TRANSMISSION CASE DC,5,Other (Indirect),10,over start,Casting Process/Equipment,05:15 AM,05:25 AM
6-May-22,AAC Plant 2,1,2250-10,G300 TRANSMISSION CASE DC,5,Other (Indirect),15,over 4s+d,Casting Process/Equipment,11:35 AM,11:50 AM
6-May-22,AAC Plant 2,1,2250-5,G298 TA HOUSING AWD DC,3,Die Change,0,die change water leak,Die Related,11:40 AM,01:00 PM
6-May-22,AAC Plant 2,1,2250-6,587F Crank Case Stiffening DC,29,Die Change,0,scheduled die change,Die Related,01:30 AM,05:00 AM
6-May-22,AAC Plant 2,1,2250-8,19MY PTO TRANSMISSION CASE DC,1,Die Change,0,scheduled die change,Die Related,12:00 PM,03:15 PM
6-May-22,AAC Plant 2,1,2250-8,19MY PTO TRANSMISSION CASE DC,3,Condition Check Die,15,pe shut dcm down,Die Related,03:35 PM,03:50 PM
6-May-22,AAC Plant 2,2,2250-13,G300 TRANSMISSION CASE DC,7,Die Change,180,die change,Die Related,01:30 AM,04:30 AM
6-May-22,AAC Plant 2,2,800-2,G300 CENTER SUPPORT DC,10,Die Change,0,sched die change,Die Related,03:00 AM,05:00 AM
6-May-22,AAC Plant 2,2,800-3,G300 CENTER SUPPORT DC,8,Die Change,0,scheduled die change,Die Related,05:15 PM,06:15 PM
9-May-22,AAC Plant 2,1,2250-11,BC01 Transmission Case DC,9,Die Change,80,die change pull 9 setting 13,Die Related,05:40 AM,07:00 AM
9-May-22,AAC Plant 2,1,2250-2,744 TA HOUSING FWD DC,1,Die Change,25,die change core swap,Die Related,11:30 AM,11:55 AM
9-May-22,AAC Plant 2,1,2250-4,946F Crankcase DC,11,Condition Check Die,30,cond check,Die Related,03:25 PM,03:55 PM
9-May-22,AAC Plant 2,1,2250-7,A467 Transmission Housing DC,3,Die Change,0,scheduled die change,Die Related,05:15 AM,07:00 AM
9-May-22,AAC Plant 2,1,2250-8,19MY PTO TRANSMISSION CASE DC,3,Condition Check Die,15,cond check,Die Related,06:55 AM,07:10 AM
9-May-22,AAC Plant 2,1,2250-9,881 Oil Pan DC,9,Die Change,0,scheduled die change,Die Related,12:45 PM,02:45 PM
9-May-22,AAC Plant 2,1,2250-9,881 Oil Pan DC,9,Other (Indirect),10,over start,Casting Process/Equipment,05:15 AM,05:25 AM
9-May-22,AAC Plant 2,1,2250-9,587F Crank Case Stiffening DC,29,Die Change,0,scheduled die change,Die Related,12:45 PM,02:45 PM
9-May-22,AAC Plant 2,2,2250-2,744 TA HOUSING FWD DC,3,Die Change,110,broke pin ss pulled ss,Die Related,02:35 AM,04:45 AM
9-May-22,AAC Plant 2,2,2250-8,19MY PTO TRANSMISSION CASE DC,3,Die Change,0,scheduled die change,Die Related,02:30 AM,04:30 AM
9-May-22,AAC Plant 2,2,2250-8,19MY PTO TRANSMISSION CASE DC,3,Condition Check Die,25,cond check,Die Related,08:10 PM,08:35 PM
9-May-22,AAC Plant 2,2,500-3,G903 Stator Wheel DC,4,Other (Indirect),45,hand chuck on ulr,Casting Process/Equipment,05:15 PM,06:00 PM
9-May-22,AAC Plant 2,2,800-2,G300 CENTER SUPPORT DC,9,Water/Die Lube Supply,5,water flow fault,Casting Process/Equipment,09:20 PM,09:25 PM
10-May-22,AAC Plant 2,1,2250-2,744 TA HOUSING FWD DC,2,Condition Check Die,15,condition check,Die Related,04:30 PM,04:45 PM
10-May-22,AAC Plant 2,1,2250-2,744 TA HOUSING FWD DC,3,Die Change,215,die change back up die 2,Die Related,11:30 AM,03:05 PM
10-May-22,AAC Plant 2,1,2250-5,G298 TA HOUSING AWD DC,2,Condition Check Die,10,condition check develop check,Die Related,06:40 AM,06:50 AM
10-May-22,AAC Plant 2,1,2250-5,G298 TA HOUSING AWD DC,2,Die Change,40,die change carry over water leaks,Die Related,11:30 AM,12:10 PM
10-May-22,AAC Plant 2,1,2250-7,A467 Adaptor DC,3,Die Change,0,scheduled die change,Die Related,05:15 AM,06:30 AM
10-May-22,AAC Plant 2,1,2250-8,19MY NONPTO TRANSMISSION CASE DC,1,Die Change,0,scheduled die change,Die Related,01:40 PM,02:50 PM
10-May-22,AAC Plant 2,1,2250-8,19MY NONPTO TRANSMISSION CASE DC,1,Clean Up,10,carry over 4s+d,Casting Process/Equipment,10:20 AM,10:30 AM
10-May-22,AAC Plant 2,2,1650-1,"103E Oil Pan, No. 1  DC",2,Water/Die Lube Supply,10,grease fault air in line,Casting Process/Equipment,12:50 AM,01:00 AM
10-May-22,AAC Plant 2,2,1650-1,"103E Oil Pan, No. 1  DC",2,Condition Check Die,35,condition check cold shut m/s,Die Related,05:45 PM,06:20 PM
10-May-22,AAC Plant 2,2,2250-11,BC01 Transmission Case DC,13,Other (Indirect),15,shot end ng b/u on shot end,Casting Process/Equipment,05:15 PM,05:30 PM
10-May-22,AAC Plant 2,2,2250-2,744 TA HOUSING FWD DC,2,Condition Check Die,15,cond check,Die Related,10:40 PM,10:55 PM
10-May-22,AAC Plant 2,2,2250-4,946F Crankcase DC,12,Die Change,0,scheduled die change,Die Related,05:15 PM,08:30 PM
10-May-22,AAC Plant 2,2,800-2,G300 CENTER SUPPORT DC,9,Other (Indirect),20,ej return process t/o,Casting Process/Equipment,05:15 PM,05:35 PM
11-May-22,AAC Plant 2,1,2250-6,984F Crankcase DC,1,Condition Check Die,20,qc req cond check,Die Related,08:35 AM,08:55 AM
11-May-22,AAC Plant 2,1,2250-6,984F Crankcase DC,1,Condition Check Die,10,qe req cond check,Die Related,04:00 PM,04:10 PM
11-May-22,AAC Plant 2,1,2250-8,19MY PTO TRANSMISSION CASE DC,3,Condition Check Die,50,cond check part cracking,Die Related,06:45 AM,07:35 AM
11-May-22,AAC Plant 2,1,2250-8,19MY PTO TRANSMISSION CASE DC,3,Clean Up,60,cond check part warped,Casting Process/Equipment,12:40 PM,01:40 PM
11-May-22,AAC Plant 2,1,2250-9,587F Crank Case Stiffening DC,29,Die Change,0,scheduled die change,Die Related,02:30 PM,04:45 PM
11-May-22,AAC Plant 2,1,500-2,B700 V6 Stator Wheel DC,9,Die Change,0,sched die change,Die Related,03:00 PM,04:45 PM
11-May-22,AAC Plant 2,2,1650-1,"103E Oil Pan, No. 1  DC",2,Water/Die Lube Supply,10,grease fault,Casting Process/Equipment,08:50 AM,09:00 PM
11-May-22,AAC Plant 2,2,2250-3,744 TA HOUSING AWD DC,3,Die Change,0,die change scheduled,Die Related,01:00 AM,04:45 AM
11-May-22,AAC Plant 2,2,2250-7,587F Crank Case Stiffening DC,29,Other (Indirect),25,carry over die change,Casting Process/Equipment,05:15 PM,05:40 PM
11-May-22,AAC Plant 2,2,2250-9,881 Oil Pan DC,9,Die Change,60,die change,Die Related,05:15 PM,06:15 PM
11-May-22,AAC Plant 2,2,800-1,744K CENTER SUPPORT DC,3,Other (Indirect),180,carry over gate cutter,Casting Process/Equipment,05:15 PM,09:15 PM
11-May-22,AAC Plant 2,2,800-3,G300 CENTER SUPPORT DC,8,Die Change,0,scheduled die change,Die Related,03:00 AM,05:00 AM
12-May-22,AAC Plant 2,1,2250-1,946F Crankcase DC,6,Date Stamp-ID,15,change date stamp,Casting Process/Equipment,05:15 AM,05:30 AM
12-May-22,AAC Plant 2,1,2250-6,984F Crankcase DC,1,Die Change,50,die change sq pin hole flash out,Die Related,02:40 PM,03:30 PM
12-May-22,AAC Plant 2,1,2250-7,587F Crank Case Stiffening DC,29,Water/Die Lube Supply,20,spray fault,Casting Process/Equipment,02:10 PM,02:30 PM
12-May-22,AAC Plant 2,1,2250-8,19MY PTO TRANSMISSION CASE DC,3,Die Change,0,sched die change,Die Related,01:45 PM,03:20 PM
12-May-22,AAC Plant 2,1,2250-9,881 Oil Pan DC,9,Other (Indirect),30,over start,Casting Process/Equipment,05:15 AM,05:45 AM
12-May-22,AAC Plant 2,1,500-2,G904 Stator Wheel DC,3,Other (Indirect),5,ladle safety gate opened,Casting Process/Equipment,06:55 AM,07:00 AM
12-May-22,AAC Plant 2,2,2250-1,946F Crankcase DC,6,Die Change,160,die change broke pin core swap,Die Related,01:25 AM,04:45 AM
12-May-22,AAC Plant 2,2,2250-12,BC01 Transmission Case DC,11,Condition Check Die,15,cond check cold shot on parts,Die Related,02:55 AM,03:10 AM
12-May-22,AAC Plant 2,2,2250-12,BC01 Transmission Case DC,11,Die Change,95,die change,Die Related,03:10 AM,04:45 AM
13-May-22,AAC Plant 2,1,1650-1,"103E Oil Pan, No. 1  DC",2,Other (Indirect),20,maint repairing hyd ;eaks,Casting Process/Equipment,12:00 PM,12:20 PM
13-May-22,AAC Plant 2,1,1650-1,"103E Oil Pan, No. 1  DC",2,Die Change,0,scheduled die change,Die Related,03:15 PM,04:45 PM
13-May-22,AAC Plant 2,1,2250-11,BC01 Transmission Case DC,13,Die Change,120,die change,Die Related,06:00 AM,08:00 AM
13-May-22,AAC Plant 2,1,2250-12,BC01 Transmission Case DC,9,Other (Indirect),20,over 4s+d,Casting Process/Equipment,12:00 PM,12:20 PM
13-May-22,AAC Plant 2,1,2250-13,G300 TRANSMISSION CASE DC,9,Water/Die Lube Supply,25,die ;ube pressure low,Casting Process/Equipment,02:05 PM,02:30 PM
13-May-22,AAC Plant 2,1,2250-13,G300 TRANSMISSION CASE DC,9,Other (Indirect),15,stop dcm pe working,Casting Process/Equipment,11:00 AM,11:15 AM
13-May-22,AAC Plant 2,1,500-3,G903 Stator Wheel DC,4,Water/Die Lube Supply,105,cycle over clogged water pipe,Casting Process/Equipment,07:30 AM,09:15 AM
13-May-22,AAC Plant 2,1,500-3,G903 Stator Wheel DC,4,Water/Die Lube Supply,120,cycle over,Casting Process/Equipment,10:25 AM,12:25 PM
13-May-22,AAC Plant 2,1,800-3,G300 CENTER SUPPORT DC,3,Condition Check Die,7,cond check,Die Related,05:52 AM,05:59 AM
13-May-22,AAC Plant 2,1,800-3,G300 CENTER SUPPORT DC,3,Condition Check Die,4,cond check flash,Die Related,11:14 AM,11:18 AM
13-May-22,AAC Plant 2,1,800-3,G300 CENTER SUPPORT DC,3,Die Change,11,die change,Die Related,02:00 PM,02:11 PM
13-May-22,AAC Plant 2,2,1650-1,881 Oil Pan DC,10,Die Change,0,scheduled die change,Die Related,05:15 PM,07:30 PM
13-May-22,AAC Plant 2,2,1650-1,881 Oil Pan DC,10,Water/Die Lube Supply,10,grease fault air line,Casting Process/Equipment,01:15 AM,01:25 AM
13-May-22,AAC Plant 2,2,2250-12,BC01 Transmission Case DC,9,Other (Indirect),60,broke walkboard,Casting Process/Equipment,02:25 AM,03:25 AM
13-May-22,AAC Plant 2,2,2250-3,G300 TA HOUSING FWD DC,3,Die Change,0,scheduled die change,Die Related,06:30 PM,09:10 PM
14-May-22,AAC Plant 2,1,2250-6,984F Crankcase DC,2,Die Change,150,die change broke pin leak on main core behind c1,Die Related,07:20 AM,09:50 AM
14-May-22,AAC Plant 2,1,2250-9,881 Oil Pan DC,6,Die Change,90,die change spring loaded pin on ms,Die Related,06:00 AM,07:30 AM
14-May-22,AAC Plant 2,1,800-2,G300 CENTER SUPPORT DC,1,Die Change,61,die change,Die Related,01:09 PM,02:10 PM
14-May-22,AAC Plant 2,2,1650-1,881 Oil Pan DC,10,Water/Die Lube Supply,10,grease fault,Casting Process/Equipment,01:35 AM,01:45 AM
14-May-22,AAC Plant 2,2,1650-1,881 Oil Pan DC,10,Other (Indirect),20,scrap cjute,Casting Process/Equipment,08:00 PM,08:20 PM
14-May-22,AAC Plant 2,2,2250-8,19MY NONPTO TRANSMISSION CASE DC,1,Other (Indirect),30,over start,Casting Process/Equipment,05:15 PM,05:45 PM
16-May-22,AAC Plant 2,1,2250-3,744 TA HOUSING AWD DC,2,Metal Delivery,60,metal temp low,Casting Process/Equipment,12:20 PM,01:20 PM
16-May-22,AAC Plant 2,1,2250-6,587F Crank Case Stiffening DC,29,Die Change,0,scheduled die  change,Die Related,05:00 AM,07:00 AM
16-May-22,AAC Plant 2,1,2250-7,A467 Transmission Housing DC,3,Die Change,0,scheduled die change,Die Related,05:15 AM,07:15 AM
16-May-22,AAC Plant 2,1,2250-8,19MY NONPTO TRANSMISSION CASE DC,1,Date Stamp-ID,10,date stamp,Casting Process/Equipment,03:15 PM,03:25 PM
16-May-22,AAC Plant 2,1,500-2,G904 Stator Wheel DC,3,Die Change,0,sched die change,Die Related,06:00 AM,08:00 AM
16-May-22,AAC Plant 2,1,500-3,G903 Stator Wheel DC,4,Water/Die Lube Supply,10,quench tank,Casting Process/Equipment,01:50 PM,02:00 PM
16-May-22,AAC Plant 2,1,800-1,744K CENTER SUPPORT DC,3,Condition Check Die,12,cond check,Die Related,04:10 PM,04:22 PM
16-May-22,AAC Plant 2,2,2250-1,946F Crankcase DC,12,N/G Tip or Sleeve Change,130,tip sleeve change,Casting Process/Equipment,10:55 PM,12:45 AM
16-May-22,AAC Plant 2,2,2250-8,19MY PTO TRANSMISSION CASE DC,3,Die Change,0,scheduled die change,Die Related,05:15 PM,07:55 PM
16-May-22,AAC Plant 2,2,500-2,B700 V6 Stator Wheel DC,9,Other (Indirect),15,carry over,Casting Process/Equipment,05:15 PM,05:30 PM
16-May-22,AAC Plant 2,2,800-1,744K CENTER SUPPORT DC,6,Condition Check Machine,17,cond check dcm,Casting Process/Equipment,10:44 PM,11:01 PM
16-May-22,AAC Plant 2,2,800-1,744K CENTER SUPPORT DC,6,Condition Check Die,29,cond check die,Die Related,11:01 PM,11:30 PM
17-May-22,AAC Plant 2,1,2250-1,946F Crankcase DC,12,Other (Indirect),15,over start,Casting Process/Equipment,05:15 AM,05:30 AM
17-May-22,AAC Plant 2,1,2250-6,587F Crank Case Stiffening DC,29,Die Change,95,die change broke pin c3,Die Related,11:40 AM,01:15 PM
17-May-22,AAC Plant 2,1,2250-8,19MY PTO TRANSMISSION CASE DC,3,Condition Check Die,20,pe shut down,Die Related,02:55 PM,03:15 PM
17-May-22,AAC Plant 2,1,500-2,B700 V6 Stator Wheel DC,9,Other (Indirect),10,cycle over,Casting Process/Equipment,01:50 PM,02:00 PM
17-May-22,AAC Plant 2,1,500-2,B700 V6 Stator Wheel DC,9,Water/Die Lube Supply,5,die lube supply ng,Casting Process/Equipment,11:30 AM,11:35 AM
17-May-22,AAC Plant 2,1,500-2,B700 V6 Stator Wheel DC,9,Water/Die Lube Supply,10,quench tank overflow,Casting Process/Equipment,10:15 AM,10:25 AM
17-May-22,AAC Plant 2,1,800-1,744K CENTER SUPPORT DC,6,Other (Indirect),6,scrap hopper,Casting Process/Equipment,01:13 PM,01:19 PM
17-May-22,AAC Plant 2,1,800-2,G300 CENTER SUPPORT DC,5,Other (Indirect),5,no scrap,Casting Process/Equipment,03:00 PM,03:05 PM
17-May-22,AAC Plant 2,2,1650-1,"103E Oil Pan, No. 1  DC",2,Water/Die Lube Supply,10,grease fault,Die Related,04:10 AM,04:20 AM
17-May-22,AAC Plant 2,2,1650-1,"103E Oil Pan, No. 1  DC",2,Die Change,0,scheduled die change,Die Related,05:15 PM,09:00 PM
17-May-22,AAC Plant 2,2,2250-6,587F Crank Case Stiffening DC,31,Die Change,0,scheduled die change,Die Related,04:10 AM,04:45 AM
17-May-22,AAC Plant 2,2,2250-7,A467 Adaptor DC,3,Die Change,0,scheduled die change,Die Related,05:15 PM,09:30 PM
17-May-22,AAC Plant 2,2,2250-8,19MY PTO TRANSMISSION CASE DC,3,Condition Check Die,40,cond check,Die Related,01:20 AM,02:00 AM
17-May-22,AAC Plant 2,2,500-2,B700 V6 Stator Wheel DC,9,Die Change,0,sched die change,Die Related,03:00 AM,05:00 AM
18-May-22,AAC Plant 2,1,2250-12,BC01 Transmission Case DC,9,Clean Up,45,carry over 4s+d,Casting Process/Equipment,11:00 AM,11:45 AM
18-May-22,AAC Plant 2,1,2250-13,G300 TRANSMISSION CASE DC,8,Metal Delivery,15,out of metal,Casting Process/Equipment,09:55 AM,10:10 AM
18-May-22,AAC Plant 2,1,2250-13,G300 TRANSMISSION CASE DC,8,Metal Delivery,20,out of metal,Casting Process/Equipment,11:10 AM,11:30 AM
18-May-22,AAC Plant 2,1,2250-5,G300 TA HOUSING FWD DC,2,Die Change,0,scheduled die change,Die Related,05:00 AM,07:30 AM
18-May-22,AAC Plant 2,1,2250-6,984F Crankcase DC,1,Condition Check Die,15,cond check discoloration on parts,Die Related,09:05 AM,09:20 AM
18-May-22,AAC Plant 2,1,2250-6,984F Crankcase DC,1,Die Change,50,die change hyd leak,Die Related,09:20 AM,10:10 AM
18-May-22,AAC Plant 2,1,2250-8,19MY PTO TRANSMISSION CASE DC,3,Condition Check Die,15,pe shut down check die fpr leaks,Die Related,12:55 PM,01:10 PM
18-May-22,AAC Plant 2,1,500-2,G904 Stator Wheel DC,3,Water/Die Lube Supply,15,pumping unit fault,Casting Process/Equipment,12:15 PM,12:30 PM
18-May-22,AAC Plant 2,1,500-3,G903 Stator Wheel DC,4,Water/Die Lube Supply,10,lube lvl low,Casting Process/Equipment,02:20 PM,02:30 PM
18-May-22,AAC Plant 2,2,2250-11,BC01 Transmission Case DC,8,Other (Indirect),10,sddv fault,Casting Process/Equipment,03:30 AM,03:40 AM
18-May-22,AAC Plant 2,2,2250-12,BC01 Transmission Case DC,9,Other (Indirect),20,s-ddv fault,Casting Process/Equipment,03:35 AM,03:55 AM
18-May-22,AAC Plant 2,2,2250-6,984F Crankcase DC,2,Other (Indirect),10,communication error,Casting Process/Equipment,03:40 AM,03:50 AM
18-May-22,AAC Plant 2,2,800-2,G300 CENTER SUPPORT DC,8,Die Change,0,sched die change,Die Related,05:15 PM,06:35 PM
19-May-22,AAC Plant 2,1,2250-1,946F Crankcase DC,12,Other (Indirect),5,over start,Casting Process/Equipment,05:15 AM,05:20 AM
19-May-22,AAC Plant 2,1,2250-1,946F Crankcase DC,12,Metal Delivery,10,low metal,Casting Process/Equipment,02:40 AM,02:50 AM
19-May-22,AAC Plant 2,1,2250-12,BC01 Transmission Case DC,9,Die Change,70,die change c3 process time over,Die Related,10:40 AM,11:50 AM
19-May-22,AAC Plant 2,1,2250-13,G300 TRANSMISSION CASE DC,8,N/G Tip or Sleeve Change,190,tip change over 4s,Casting Process/Equipment,12:45 PM,03:55 PM
19-May-22,AAC Plant 2,1,2250-3,744 TA HOUSING AWD DC,2,Other (Indirect),10,shaker stopped up,Casting Process/Equipment,09:45 AM,09:55 AM
19-May-22,AAC Plant 2,1,2250-3,744 TA HOUSING AWD DC,2,Other (Indirect),15,over start,Casting Process/Equipment,05:15 AM,05:30 AM
19-May-22,AAC Plant 2,1,2250-4,946F Crankcase DC,9,Other (Indirect),10,shaker stopped up,Casting Process/Equipment,09:45 AM,09:55 AM
19-May-22,AAC Plant 2,1,2250-5,G300 TA HOUSING FWD DC,2,Die Change,115,die change broke pin,Die Related,11:40 AM,01:35 PM
19-May-22,AAC Plant 2,1,2250-7,A467 Adaptor DC,3,Date Stamp-ID,5,over start,Casting Process/Equipment,05:15 AM,05:20 AM
19-May-22,AAC Plant 2,1,2250-7,A467 Adaptor DC,3,Die Change,0,scheduled die change,Die Related,03:00 PM,04:45 PM
19-May-22,AAC Plant 2,1,500-2,G904 Stator Wheel DC,3,Water/Die Lube Supply,20,hyd oil level low,Casting Process/Equipment,09:00 AM,09:20 AM
19-May-22,AAC Plant 2,1,500-2,G904 Stator Wheel DC,3,Other (Indirect),15,waiting to see if die is ready,Casting Process/Equipment,05:15 AM,05:30 AM
19-May-22,AAC Plant 2,2,1650-1,"103E Oil Pan, No. 1  DC",2,Die Change,0,scheduled die change,Die Related,01:15 AM,04:45 AM
19-May-22,AAC Plant 2,2,2250-6,984F Crankcase DC,2,Condition Check Die,20,cond check,Die Related,06:20 PM,06:40 PM
19-May-22,AAC Plant 2,2,2250-6,984F Crankcase DC,2,Condition Check Die,15,cond check,Die Related,06:55 PM,07:10 PM
19-May-22,AAC Plant 2,2,2250-7,A467 Extension Housing DC,1,Die Change,0,scheduled die change,Die Related,03:00 AM,04:45 AM
19-May-22,AAC Plant 2,2,2250-8,19MY NONPTO TRANSMISSION CASE DC,1,Die Change,0,scheduled die change,Die Related,05:15 PM,07:50 PM
19-May-22,AAC Plant 2,2,800-1,744K CENTER SUPPORT DC,6,Die Change,40,set ss,Die Related,11:00 PM,11:40 PM
20-May-22,AAC Plant 2,1,2250-12,BC01 Transmission Case DC,11,Die Change,45,die change,Die Related,09:00 AM,09:45 AM
20-May-22,AAC Plant 2,1,2250-9,881 Oil Pan DC,6,Other (Indirect),15,over start  4s+d,Casting Process/Equipment,11:35 AM,11:50 AM
20-May-22,AAC Plant 2,1,800-1,G300 CENTER SUPPORT DC,7,Die Change,0,sched die change,Die Related,03:00 PM,04:45 PM
20-May-22,AAC Plant 2,1,800-3,G300 CENTER SUPPORT DC,11,Condition Check Die,12,low ej pins,Die Related,08:56 AM,12:00 PM
20-May-22,AAC Plant 2,2,1650-1,881 Oil Pan DC,10,Water/Die Lube Supply,10,grease fault,Casting Process/Equipment,06:45 PM,07:55 PM
20-May-22,AAC Plant 2,2,1650-1,881 Oil Pan DC,10,Water/Die Lube Supply,50,grease fault 2 leak in line,Casting Process/Equipment,01:20 AM,02:10 AM
20-May-22,AAC Plant 2,2,1650-1,881 Oil Pan DC,10,Condition Check Die,35,cond check,Die Related,08:10 PM,08:45 PM
20-May-22,AAC Plant 2,2,2250-11,BC01 Transmission Case DC,8,Water/Die Lube Supply,15,hot oil line leak,Casting Process/Equipment,10:30 PM,10:45 PM
20-May-22,AAC Plant 2,2,2250-6,984F Crankcase DC,1,Die Change,165,die change water leak,Die Related,06:10 PM,08:55 PM
20-May-22,AAC Plant 2,2,2250-6,984F Crankcase DC,2,Die Change,0,scheduled die chanhge,Die Related,03:00 AM,04:45 AM
20-May-22,AAC Plant 2,2,2250-7,587F Crank Case Stiffening DC,31,Die Change,0,die change,Die Related,03:00 AM,04:45 AM
20-May-22,AAC Plant 2,2,2250-9,881 Oil Pan DC,6,Other (Indirect),65,shut down,Casting Process/Equipment,05:35 PM,06:40 PM
20-May-22,AAC Plant 2,2,2250-9,881 Oil Pan DC,6,Date Stamp-ID,15,stuck date stamp,Casting Process/Equipment,05:15 PM,05:30 PM
23-May-22,AAC Plant 2,1,2250-1,946F Crankcase DC,12,N/G Tip or Sleeve Change,100,bisc broke shot tip broke,Casting Process/Equipment,03:05 PM,04:45 PM
23-May-22,AAC Plant 2,1,2250-10,G300 TRANSMISSION CASE DC,5,Condition Check Die,15,condition check,Die Related,04:00 PM,04:15 PM
23-May-22,AAC Plant 2,1,2250-12,BC01 Transmission Case DC,10,Condition Check Machine,20,cond check,Casting Process/Equipment,02:00 PM,02:20 PM
23-May-22,AAC Plant 2,1,2250-12,BC01 Transmission Case DC,10,Condition Check Die,40,cracks on c1,Die Related,03:50 PM,04:30 PM
23-May-22,AAC Plant 2,1,2250-6,587F Crank Case Stiffening DC,31,Die Change,0,scheduled die change,Die Related,05:15 AM,06:45 AM
23-May-22,AAC Plant 2,1,2250-7,A467 Transmission Housing DC,3,Date Stamp-ID,5,wrong date stamp,Casting Process/Equipment,05:40 AM,05:45 AM
23-May-22,AAC Plant 2,1,2250-8,G298 TA HOUSING AWD DC,5,Condition Check Die,65,cond check c1 pin,Die Related,12:40 PM,01:45 PM
23-May-22,AAC Plant 2,1,2250-8,G298 TA HOUSING AWD DC,5,Die Change,0,scheduled die change,Die Related,05:15 AM,07:25 AM
23-May-22,AAC Plant 2,1,2250-9,881 Oil Pan DC,6,Other (Indirect),35,over 4s+d,Casting Process/Equipment,11:45 AM,12:20 PM
23-May-22,AAC Plant 2,1,500-2,B700 V6 Stator Wheel DC,9,Water/Die Lube Supply,25,cycle stop,Casting Process/Equipment,09:00 AM,09:25 AM
23-May-22,AAC Plant 2,1,500-2,G904 Stator Wheel DC,3,Die Change,0,scheduled die change,Die Related,06:00 AM,07:00 AM
23-May-22,AAC Plant 2,1,800-2,G300 CENTER SUPPORT DC,10,Die Change,50,die change,Die Related,01:00 PM,01:50 PM
23-May-22,AAC Plant 2,1,800-2,G300 CENTER SUPPORT DC,10,Other (Indirect),15,waiting on dm,Casting Process/Equipment,12:45 PM,01:00 PM
23-May-22,AAC Plant 2,1,800-2,G300 CENTER SUPPORT DC,8,Die Change,45,die change,Die Related,10:15 AM,11:00 AM
23-May-22,AAC Plant 2,2,1650-1,881 Oil Pan DC,10,Water/Die Lube Supply,15,grease fault 2 air in line,Casting Process/Equipment,01:30 AM,01:45 AM
23-May-22,AAC Plant 2,2,1650-1,881 Oil Pan DC,10,Water/Die Lube Supply,15,grease fault 3 air in line,Casting Process/Equipment,08:50 PM,09:05 PM
23-May-22,AAC Plant 2,2,1650-1,881 Oil Pan DC,10,Water/Die Lube Supply,10,grease fault 2 air in line,Casting Process/Equipment,11:10 PM,11:20 PM
23-May-22,AAC Plant 2,2,1650-1,881 Oil Pan DC,10,Water/Die Lube Supply,10,grease fault 2 air in line,Casting Process/Equipment,08:00 PM,08:10 PM
23-May-22,AAC Plant 2,2,1650-1,881 Oil Pan DC,10,Water/Die Lube Supply,10,grease fault 2 air in line,Casting Process/Equipment,06:00 PM,06:10 PM
23-May-22,AAC Plant 2,2,1650-1,881 Oil Pan DC,10,Condition Check Die,25,condition check,Die Related,12:00 AM,12:25 AM
23-May-22,AAC Plant 2,2,1650-1,881 Oil Pan DC,10,Condition Check Die,20,condition check,Die Related,01:45 AM,02:05 AM
23-May-22,AAC Plant 2,2,2250-1,946F Crankcase DC,12,Die Change,60,die change qc req,Die Related,03:45 AM,04:45 AM
23-May-22,AAC Plant 2,2,2250-10,G300 TRANSMISSION CASE DC,5,Die Change,155,die change pin leaking,Die Related,08:15 PM,10:50 PM
23-May-22,AAC Plant 2,2,2250-12,BC01 Transmission Case DC,10,Condition Check Die,35,cond check,Die Related,03:35 AM,04:10 AM
23-May-22,AAC Plant 2,2,2250-13,G300 TRANSMISSION CASE DC,8,Metal Delivery,10,molyten metasl,Casting Process/Equipment,06:20 PM,06:30 PM
23-May-22,AAC Plant 2,2,2250-5,G300 TA HOUSING FWD DC,1,Condition Check Die,15,cond check,Die Related,10:20 PM,10:35 PM
23-May-22,AAC Plant 2,2,800-3,G300 CENTER SUPPORT DC,11,Die Change,30,placed s/s back,Die Related,08:30 PM,09:00 PM
23-May-22,AAC Plant 2,2,800-3,G300 CENTER SUPPORT DC,11,Condition Check Die,99,cond check broke pin,Die Related,11:39 PM,01:20 AM
23-May-22,AAC Plant 2,2,800-3,G300 CENTER SUPPORT DC,11,Die Change,60,die change setting 10,Die Related,02:00 AM,03:00 AM
24-May-22,AAC Plant 2,1,1650-1,"103E Oil Pan, No. 1  DC",1,Die Change,0,scheduled die change,Die Related,05:00 AM,07:45 AM
24-May-22,AAC Plant 2,1,2250-1,946F Crankcase DC,12,Water/Die Lube Supply,255,waiting on die broke prev shift,Die Related,05:00 AM,09:15 AM
24-May-22,AAC Plant 2,1,2250-12,BC01 Transmission Case DC,10,Die Change,90,die change,Die Related,09:00 AM,10:30 AM
24-May-22,AAC Plant 2,1,2250-6,587F Crank Case Stiffening DC,31,Clean Up,5,over 4s,Casting Process/Equipment,11:30 AM,11:35 AM
24-May-22,AAC Plant 2,1,500-2,B700 V6 Stator Wheel DC,9,Metal Delivery,10,metal low,Casting Process/Equipment,08:48 AM,08:58 AM
24-May-22,AAC Plant 2,1,500-2,B700 V6 Stator Wheel DC,9,Water/Die Lube Supply,10,cycle over,Casting Process/Equipment,07:30 AM,07:40 AM
24-May-22,AAC Plant 2,2,2250-10,G300 TRANSMISSION CASE DC,6,Condition Check Die,45,cond check qc cold shoit,Die Related,02:35 AM,03:20 AM
24-May-22,AAC Plant 2,2,2250-13,G300 TRANSMISSION CASE DC,8,Die Change,180,die change,Die Related,09:10 PM,12:10 AM
24-May-22,AAC Plant 2,2,2250-3,G298 TA HOUSING AWD DC,4,Die Change,0,scheduled die change,Die Related,05:15 PM,09:40 PM
24-May-22,AAC Plant 2,2,2250-5,G300 TA HOUSING FWD DC,1,Die Change,0,sched die change,Die Related,05:15 PM,06:00 PM
24-May-22,AAC Plant 2,2,2250-6,587F Crank Case Stiffening DC,31,Die Change,0,scheduled die change,Die Related,01:40 AM,04:45 AM
25-May-22,AAC Plant 2,1,2250-7,A467 Adaptor DC,3,Die Change,0,scheduled die change,Die Related,05:00 AM,07:15 AM
25-May-22,AAC Plant 2,1,2250-8,G298 TA HOUSING AWD DC,5,Die Change,0,scheduled die change,Die Related,03:00 PM,04:45 PM
25-May-22,AAC Plant 2,1,2250-9,881 Oil Pan DC,9,Die Change,45,die change sprue core leaking,Die Related,05:15 AM,06:00 AM
25-May-22,AAC Plant 2,1,800-1,744K CENTER SUPPORT DC,6,Other (Indirect),25,maint working on core box,Casting Process/Equipment,09:50 AM,10:15 AM
25-May-22,AAC Plant 2,2,2250-13,G300 TRANSMISSION CASE DC,7,Water/Die Lube Supply,80,broke bisc tip lube,Casting Process/Equipment,10:20 PM,11:40 PM
25-May-22,AAC Plant 2,2,2250-13,G300 TRANSMISSION CASE DC,7,Water/Die Lube Supply,40,broke bisc,Casting Process/Equipment,09:20 PM,10:00 PM
25-May-22,AAC Plant 2,2,2250-5,G298 TA HOUSING AWD DC,5,Die Change,0,scheduled die change,Die Related,05:15 PM,07:20 PM
25-May-22,AAC Plant 2,2,2250-8,19MY PTO TRANSMISSION CASE DC,3,Die Change,0,scheduled die change,Die Related,05:15 PM,07:35 PM
26-May-22,AAC Plant 2,1,2250-1,946F Crankcase DC,12,Other (Indirect),20,working on die change,Casting Process/Equipment,10:30 AM,10:50 AM
26-May-22,AAC Plant 2,1,2250-11,BC01 Transmission Case DC,8,Condition Check Die,20,conditioin check,Die Related,05:30 AM,05:50 AM
26-May-22,AAC Plant 2,1,2250-2,744 TA HOUSING FWD DC,2,Die Change,65,die change carry over set fwd3,Die Related,10:30 AM,11:35 AM
26-May-22,AAC Plant 2,1,2250-3,G298 TA HOUSING AWD DC,4,Metal Delivery,15,ladle arm process out of mertal,Casting Process/Equipment,01:40 PM,01:55 PM
26-May-22,AAC Plant 2,1,2250-6,984F Crankcase DC,2,Clean Up,30,carry over 4s+d waiting on baskets,Casting Process/Equipment,10:30 AM,11:00 AM
26-May-22,AAC Plant 2,1,2250-6,984F Crankcase DC,2,Condition Check Die,10,condition check qc req,Die Related,07:00 AM,07:10 AM
26-May-22,AAC Plant 2,1,2250-7,A467 Adaptor DC,3,Other (Indirect),20,no baskets,Casting Process/Equipment,10:35 AM,10:55 AM
26-May-22,AAC Plant 2,1,2250-9,881 Oil Pan DC,9,Other (Indirect),10,over 4s+d,Casting Process/Equipment,10:35 AM,10:45 AM
26-May-22,AAC Plant 2,1,500-2,G904 Stator Wheel DC,3,Other (Indirect),5,cycle stop ladle door plug fell out,Casting Process/Equipment,07:55 AM,08:00 AM
26-May-22,AAC Plant 2,1,500-2,G904 Stator Wheel DC,3,Water/Die Lube Supply,5,cycle over pump ng,Casting Process/Equipment,12:10 PM,12:15 PM
26-May-22,AAC Plant 2,1,500-3,G903 Stator Wheel DC,4,Water/Die Lube Supply,5,cycle over shot monitor,Casting Process/Equipment,05:15 AM,05:20 AM
26-May-22,AAC Plant 2,2,1650-1,"103E Oil Pan, No. 1  DC",1,Water/Die Lube Supply,10,grease fault 3,Casting Process/Equipment,08:35 PM,08:45 PM
26-May-22,AAC Plant 2,2,2250-12,BC01 Transmission Case DC,13,Die Change,35,die change,Die Related,09:25 PM,10:00 PM
26-May-22,AAC Plant 2,2,2250-3,G298 TA HOUSING AWD DC,4,Die Change,0,scheduled die change,Die Related,03:00 AM,04:45 AM
26-May-22,AAC Plant 2,2,2250-7,A467 Extension Housing DC,1,Die Change,0,scheduled die change,Die Related,01:40 AM,04:00 AM
26-May-22,AAC Plant 2,2,2250-7,A467 Extension Housing DC,1,Other (Indirect),15,checking to make sure die is hooked up,Casting Process/Equipment,05:15 PM,05:30 PM
26-May-22,AAC Plant 2,2,800-1,744K CENTER SUPPORT DC,6,Die Change,0,scheduled die change,Die Related,04:00 AM,04:45 AM
26-May-22,AAC Plant 2,2,800-2,G300 CENTER SUPPORT DC,9,Clean Up,3,cycle stop,Casting Process/Equipment,12:28 AM,12:31 AM
27-May-22,AAC Plant 2,1,2250-3,G300 TA HOUSING FWD DC,1,Die Change,0,scheduled die change,Die Related,05:00 AM,06:40 AM
27-May-22,AAC Plant 2,1,2250-8,19MY PTO TRANSMISSION CASE DC,3,Die Change,0,scheduled die change,Die Related,06:00 AM,07:35 AM
27-May-22,AAC Plant 2,1,2250-8,19MY NONPTO TRANSMISSION CASE DC,1,Condition Check Die,15,parts discolored c4,Die Related,12:05 PM,12:20 PM
27-May-22,AAC Plant 2,1,2250-8,19MY NONPTO TRANSMISSION CASE DC,1,Condition Check Die,20,cond check,Die Related,01:45 PM,02:05 PM
27-May-22,AAC Plant 2,1,800-1,744K CENTER SUPPORT DC,6,Die Change,0,die change during 4s+d,Die Related,10:36 AM,11:36 AM
27-May-22,AAC Plant 2,1,800-3,G300 CENTER SUPPORT DC,11,Date Stamp-ID,75,carry over,Casting Process/Equipment,05:15 AM,06:30 AM
27-May-22,AAC Plant 2,1,800-3,G300 CENTER SUPPORT DC,11,Condition Check Die,37,cycle over porosity,Die Related,10:13 AM,10:50 AM
27-May-22,AAC Plant 2,2,1650-1,"103E Oil Pan, No. 1  DC",1,Water/Die Lube Supply,10,grease fault 3,Casting Process/Equipment,07:35 PM,07:45 PM
27-May-22,AAC Plant 2,2,2250-13,G300 TRANSMISSION CASE DC,7,Die Change,270,die change vac fault flash thru block,Die Related,09:05 PM,01:35 AM
27-May-22,AAC Plant 2,2,2250-3,G300 TA HOUSING FWD DC,1,Clean Up,10,over 4s,Casting Process/Equipment,09:30 PM,09:40 PM
27-May-22,AAC Plant 2,2,800-2,G300 CENTER SUPPORT DC,9,Other (Indirect),2,cycle over,Casting Process/Equipment,09:50 PM,09:52 PM
31-May-22,AAC Plant 2,1,1650-1,"103E Oil Pan, No. 1  DC",1,Condition Check Die,10,cleaned die face,Die Related,08:35 AM,08:45 AM
31-May-22,AAC Plant 2,1,1650-1,"103E Oil Pan, No. 1  DC",1,Die Change,0,scheduled die change,Die Related,03:00 PM,05:00 PM
31-May-22,AAC Plant 2,1,2250-1,946F Crankcase DC,12,Other (Indirect),105,broke pin/ ms crane down,Casting Process/Equipment,03:00 PM,04:45 PM
31-May-22,AAC Plant 2,1,2250-2,744 TA HOUSING FWD DC,3,Die Change,150,die change carry over,Die Related,11:30 AM,02:00 PM
31-May-22,AAC Plant 2,1,2250-3,G300 TA HOUSING FWD DC,1,Die Change,0,scheduled die change,Die Related,11:30 AM,12:30 PM
31-May-22,AAC Plant 2,1,2250-8,19MY PTO TRANSMISSION CASE DC,3,Die Change,0,scheduled die change,Die Related,05:15 AM,07:05 AM
31-May-22,AAC Plant 2,2,1650-1,881 Oil Pan DC,10,Die Change,120,die change wrong die set,Die Related,06:50 PM,08:50 PM
31-May-22,AAC Plant 2,2,1650-1,881 Oil Pan DC,10,Die Change,120,die change ng vac,Die Related,11:00 PM,01:00 AM
31-May-22,AAC Plant 2,2,1650-1,881 Oil Pan DC,10,Die Change,0,scheduled die change,Die Related,05:15 PM,06:45 PM
31-May-22,AAC Plant 2,2,2250-1,946F Crankcase DC,8,Die Change,25,die change carry over,Die Related,10:15 PM,10:40 PM
31-May-22,AAC Plant 2,2,2250-1,946F Crankcase DC,8,Die Change,0,die change carry over,Die Related,05:15 PM,09:40 PM
31-May-22,AAC Plant 2,2,2250-1,946F Crankcase DC,8,Die Change,25,die change carry over,Die Related,10:15 PM,10:40 PM
31-May-22,AAC Plant 2,2,2250-12,BC01 Transmission Case DC,11,Die Change,270,die change stuck part,Die Related,07:50 PM,12:20 AM
31-May-22,AAC Plant 2,2,2250-12,BC01 Transmission Case DC,13,Die Change,45,die change,Die Related,04:00 AM,04:45 AM
31-May-22,AAC Plant 2,2,2250-12,BC01 Transmission Case DC,13,Other (Indirect),60,waiting to deliver die,Casting Process/Equipment,03:00 AM,04:00 AM
31-May-22,AAC Plant 2,2,2250-2,744 TA HOUSING FWD DC,2,Die Change,0,scheduled die change,Die Related,05:15 PM,05:45 PM
31-May-22,AAC Plant 2,2,2250-2,744 TA HOUSING FWD DC,2,Die Change,40,die change,Die Related,08:00 PM,09:40 PM
31-May-22,AAC Plant 2,2,2250-6,984F Crankcase DC,2,Die Change,0,scheduled die change,Die Related,03:00 AM,04:45 AM
31-May-22,AAC Plant 2,2,500-2,B700 V6 Stator Wheel DC,9,Other (Indirect),5,ext fault,Casting Process/Equipment,06:50 PM,06:55 PM
31-May-22,AAC Plant 2,2,800-3,G300 CENTER SUPPORT DC,11,Condition Check Die,13,check die low ej pins,Die Related,05:45 PM,05:58 PM
1-Jun-22,AAC Plant 2,1,2250-10,G300 TA HOUSING FWD DC,6,Other (Indirect),10,over 4sd,Casting Process/Equipment,11:45 AM,11:55 AM
1-Jun-22,AAC Plant 2,1,2250-10,G300 TA HOUSING FWD DC,6,Metal Delivery,40,out of metal,Casting Process/Equipment,01:40 PM,02:20 PM
1-Jun-22,AAC Plant 2,1,2250-10,G300 TA HOUSING FWD DC,6,Metal Delivery,-40,,,,
1-Jun-22,AAC Plant 2,1,2250-10,G300 TA HOUSING FWD DC,6,Other (Indirect),-10,,,,
1-Jun-22,AAC Plant 2,1,2250-13,G300 TRANSMISSION CASE DC,8,Metal Delivery,10,out of metal,Casting Process/Equipment,02:24 PM,02:34 PM
1-Jun-22,AAC Plant 2,1,2250-6,G300 TRANSMISSION CASE DC,2,Die Change,0,scheduled die change,Die Related,05:15 AM,07:15 AM
1-Jun-22,AAC Plant 2,1,2250-8,19MY PTO TRANSMISSION CASE DC,3,Condition Check Die,30,cond check,Die Related,09:15 AM,09:45 AM
1-Jun-22,AAC Plant 2,1,2250-8,19MY PTO TRANSMISSION CASE DC,3,Condition Check Die,15,flashed through vac,Die Related,03:00 PM,03:15 PM
1-Jun-22,AAC Plant 2,1,800-1,744K CENTER SUPPORT DC,3,Die Change,0,die change,Die Related,08:15 AM,09:15 AM
1-Jun-22,AAC Plant 2,1,800-2,G300 CENTER SUPPORT DC,9,N/G Tip or Sleeve Change,32,tip and joint change,Casting Process/Equipment,11:30 AM,12:02 PM
1-Jun-22,AAC Plant 2,2,2250-12,BC01 Transmission Case DC,12,Die Change,150,die change flashed out,Die Related,02:15 AM,04:45 AM
1-Jun-22,AAC Plant 2,2,2250-3,744 TA HOUSING AWD DC,2,Die Change,0,scheduled die change,Die Related,03:00 AM,04:45 AM
1-Jun-22,AAC Plant 2,2,2250-7,A467 Transmission Housing DC,3,Die Change,0,scheduled die chnage,Die Related,05:15 PM,06:15 PM
1-Jun-22,AAC Plant 2,2,2250-8,19MY NONPTO TRANSMISSION CASE DC,1,Die Change,0,scheduled die change,Die Related,06:00 PM,07:35 PM
1-Jun-22,AAC Plant 2,2,800-1,744K CENTER SUPPORT DC,6,Condition Check Machine,9,cond check,Casting Process/Equipment,01:15 AM,01:24 AM
1-Jun-22,AAC Plant 2,2,800-3,G300 CENTER SUPPORT DC,11,Die Change,20,die change,Die Related,03:30 AM,03:50 AM
2-Jun-22,AAC Plant 2,1,2250-10,G300 TRANSMISSION CASE DC,6,Other (Indirect),60,shaker backed up,Casting Process/Equipment,07:50 AM,08:50 AM
2-Jun-22,AAC Plant 2,1,2250-10,G300 TRANSMISSION CASE DC,6,Other (Indirect),10,over 4s,Casting Process/Equipment,11:40 AM,11:50 AM
2-Jun-22,AAC Plant 2,1,2250-7,A467 Transmission Housing DC,3,Die Change,0,scheduled die change,Die Related,02:45 PM,05:00 PM
2-Jun-22,AAC Plant 2,1,2250-9,881 Oil Pan DC,9,Other (Indirect),60,shaker backed up,Casting Process/Equipment,07:50 AM,08:50 AM
2-Jun-22,AAC Plant 2,1,500-2,B700 V6 Stator Wheel DC,9,Water/Die Lube Supply,20,leak in water,Casting Process/Equipment,12:55 PM,01:15 PM
2-Jun-22,AAC Plant 2,1,500-3,G903 Stator Wheel DC,4,Water/Die Lube Supply,15,quench tank,Casting Process/Equipment,06:00 AM,06:15 AM
2-Jun-22,AAC Plant 2,2,1650-1,"103E Oil Pan, No. 1  DC",3,Die Change,0,scheduled die change,Die Related,05:15 PM,07:15 PM
2-Jun-22,AAC Plant 2,2,2250-1,946F Crankcase DC,8,Metal Delivery,10,running low on metal,Casting Process/Equipment,04:35 AM,04:45 AM
2-Jun-22,AAC Plant 2,2,2250-11,BC01 Transmission Case DC,10,Condition Check Die,35,cond check,Die Related,04:10 AM,04:45 AM
2-Jun-22,AAC Plant 2,2,2250-3,G298 TA HOUSING AWD DC,3,Die Change,20,die change,Die Related,06:15 PM,06:35 PM
2-Jun-22,AAC Plant 2,2,2250-3,G298 TA HOUSING AWD DC,3,Die Change,115,die change,Die Related,07:35 PM,09:30 PM
2-Jun-22,AAC Plant 2,2,2250-3,G298 TA HOUSING AWD DC,3,Condition Check Die,15,cond check,Die Related,06:00 PM,06:15 PM
2-Jun-22,AAC Plant 2,2,2250-7,A467 Adaptor DC,3,Date Stamp-ID,5,month stampng,Casting Process/Equipment,08:25 PM,08:30 PM
2-Jun-22,AAC Plant 2,2,2250-8,19MY NONPTO TRANSMISSION CASE DC,1,Die Change,0,scheduled die change,Die Related,03:00 AM,04:45 AM
2-Jun-22,AAC Plant 2,2,500-2,G904 Stator Wheel DC,3,Die Change,0,scheduled die change,Die Related,05:15 PM,07:00 PM
3-Jun-22,AAC Plant 2,1,2250-13,G300 TRANSMISSION CASE DC,8,Die Change,225,die change broke pin main core,Die Related,05:50 AM,09:35 AM
3-Jun-22,AAC Plant 2,1,2250-4,946F Crankcase DC,9,Other (Indirect),15,over start no operator,Casting Process/Equipment,05:15 AM,05:30 AM
3-Jun-22,AAC Plant 2,1,2250-6,G300 TA HOUSING FWD DC,2,Die Change,260,found water leak on c3,Die Related,07:30 AM,11:50 AM
3-Jun-22,AAC Plant 2,1,500-2,G904 Stator Wheel DC,3,Water/Die Lube Supply,10,lube ng fault,Casting Process/Equipment,06:05 AM,06:15 AM
3-Jun-22,AAC Plant 2,1,500-3,G903 Stator Wheel DC,4,Metal Delivery,20,ladle seized wont pour,Casting Process/Equipment,08:55 AM,09:15 AM
3-Jun-22,AAC Plant 2,2,1650-1,"103E Oil Pan, No. 1  DC",3,Water/Die Lube Supply,10,grease fault,Casting Process/Equipment,01:40 AM,01:50 AM
3-Jun-22,AAC Plant 2,2,2250-1,946F Crankcase DC,8,Metal Delivery,35,metal low furnace over too far,Casting Process/Equipment,12:20 AM,12:55 AM
3-Jun-22,AAC Plant 2,2,2250-11,BC01 Transmission Case DC,12,Other (Indirect),145,waiting on die,Casting Process/Equipment,05:15 PM,07:40 PM
3-Jun-22,AAC Plant 2,2,2250-11,BC01 Transmission Case DC,12,Die Change,85,die change carry over,Die Related,07:40 PM,09:05 PM
3-Jun-22,AAC Plant 2,2,2250-13,G300 TRANSMISSION CASE DC,8,Metal Delivery,15,molt metal alarm,Casting Process/Equipment,11:25 PM,11:40 PM
3-Jun-22,AAC Plant 2,2,2250-13,G300 TRANSMISSION CASE DC,8,Metal Delivery,10,molt metal alarm,Casting Process/Equipment,07:35 PM,07:45 PM
3-Jun-22,AAC Plant 2,2,2250-13,G300 TRANSMISSION CASE DC,8,Metal Delivery,10,molt metal alarm,Casting Process/Equipment,03:25 AM,03:35 AM
3-Jun-22,AAC Plant 2,2,2250-3,G298 TA HOUSING AWD DC,4,Die Change,35,die change ms leaking,Die Related,06:25 PM,07:00 PM
3-Jun-22,AAC Plant 2,2,2250-3,G298 TA HOUSING AWD DC,4,Condition Check Die,25,condition check die,Die Related,06:00 PM,06:25 PM
3-Jun-22,AAC Plant 2,2,2250-7,A467 Extension Housing DC,1,Die Change,0,scheduled die change,Die Related,05:15 PM,06:30 PM
3-Jun-22,AAC Plant 2,2,2250-8,19MY NONPTO TRANSMISSION CASE DC,1,Die Change,0,sched die change,Die Related,05:20 PM,07:50 PM
3-Jun-22,AAC Plant 2,2,500-2,G904 Stator Wheel DC,1,Condition Check Die,35,cond check distortion b cavity,Die Related,09:55 PM,10:30 PM
3-Jun-22,AAC Plant 2,2,500-2,G904 Stator Wheel DC,1,Condition Check Machine,60,cond check distortion b cavity,Casting Process/Equipment,10:45 PM,11:45 PM
3-Jun-22,AAC Plant 2,2,500-2,G904 Stator Wheel DC,1,Die Change,0,scheduled die change,Die Related,03:45 AM,04:45 AM
3-Jun-22,AAC Plant 2,2,800-2,G300 CENTER SUPPORT DC,7,Die Change,105,die change cracked sprue bushing,Die Related,05:15 PM,07:00 PM
3-Jun-22,AAC Plant 2,2,800-2,G300 CENTER SUPPORT DC,7,Condition Check Machine,41,cond check cold shot,Casting Process/Equipment,10:22 PM,11:03 PM
4-Jun-22,AAC Plant 2,1,2250-1,946F Crankcase DC,8,Die Change,100,die change broke pin,Die Related,09:55 AM,11:35 AM
4-Jun-22,AAC Plant 2,1,2250-3,G298 TA HOUSING AWD DC,4,Condition Check Die,10,cond check,Die Related,08:55 AM,09:05 AM
4-Jun-22,AAC Plant 2,1,2250-3,G298 TA HOUSING AWD DC,4,Condition Check Die,10,ondition check,Die Related,07:50 AM,08:00 AM
4-Jun-22,AAC Plant 2,1,2250-6,587F Crank Case Stiffening DC,29,Die Change,0,scheduled die change,Die Related,05:00 AM,08:15 AM
4-Jun-22,AAC Plant 2,1,500-2,B700 V6 Stator Wheel DC,9,Die Change,0,scheduled die change,Die Related,05:15 AM,06:00 AM
4-Jun-22,AAC Plant 2,2,2250-1,946F Crankcase DC,6,Die Change,205,die change broke pin,Die Related,09:40 PM,01:05 AM
4-Jun-22,AAC Plant 2,2,2250-1,946F Crankcase DC,8,N/G Tip or Sleeve Change,80,water pour in sleeve,Casting Process/Equipment,01:35 AM,02:55 AM
4-Jun-22,AAC Plant 2,2,2250-3,G298 TA HOUSING AWD DC,3,Die Change,20,die change carry over,Die Related,05:15 PM,05:35 PM
4-Jun-22,AAC Plant 2,2,2250-3,G298 TA HOUSING AWD DC,3,Die Change,0,scheduled die change,Die Related,02:45 AM,04:45 AM
6-Jun-22,AAC Plant 2,1,2250-1,946F Crankcase DC,8,Die Change,65,die change broke pin,Die Related,09:40 AM,10:45 AM
6-Jun-22,AAC Plant 2,1,2250-11,BC01 Transmission Case DC,12,Die Change,75,die change flash,Die Related,09:30 AM,10:45 AM
6-Jun-22,AAC Plant 2,1,2250-12,BC01 Transmission Case DC,13,Condition Check Die,10,cond check cold shot on parts,Die Related,06:40 AM,06:50 AM
6-Jun-22,AAC Plant 2,1,2250-13,G300 TRANSMISSION CASE DC,9,Condition Check Die,15,cond check qc req,Die Related,12:55 PM,01:10 PM
6-Jun-22,AAC Plant 2,1,2250-4,946F Crankcase DC,12,Die Change,0,scheduled die change for maint,Die Related,05:00 AM,07:00 AM
6-Jun-22,AAC Plant 2,1,2250-6,587F Crank Case Stiffening DC,29,Die Change,0,scheduled die change,Die Related,03:15 PM,05:00 PM
6-Jun-22,AAC Plant 2,1,2250-7,A467 Transmission Housing DC,3,Die Change,0,scheduled die change,Die Related,05:15 AM,06:55 AM
6-Jun-22,AAC Plant 2,1,2250-8,19MY PTO TRANSMISSION CASE DC,3,Condition Check Die,30,checking dcm and die side of vac,Die Related,04:10 PM,04:40 PM
6-Jun-22,AAC Plant 2,1,2250-8,19MY NONPTO TRANSMISSION CASE DC,1,Condition Check Die,25,cold shot on parts,Die Related,06:00 AM,06:25 AM
6-Jun-22,AAC Plant 2,1,2250-8,19MY NONPTO TRANSMISSION CASE DC,1,Die Change,55,die change stuck part  broke pin,Die Related,05:25 AM,09:20 AM
6-Jun-22,AAC Plant 2,2,2250-1,946F Crankcase DC,10,Die Change,250,die change broke sq pin,Die Related,10:30 PM,02:40 AM
6-Jun-22,AAC Plant 2,2,2250-11,BC01 Transmission Case DC,8,Clean Up,15,stuck part /eop,Casting Process/Equipment,04:45 AM,05:00 AM
6-Jun-22,AAC Plant 2,2,2250-3,G300 TA HOUSING FWD DC,3,Die Change,0,scheduled die change,Die Related,05:15 PM,08:50 PM
6-Jun-22,AAC Plant 2,2,2250-3,G300 TA HOUSING FWD DC,3,Condition Check Die,5,cond check die,Die Related,04:40 AM,04:45 AM
6-Jun-22,AAC Plant 2,2,2250-6,984F Crankcase DC,2,Die Change,195,die change,Die Related,10:20 AM,01:35 AM
6-Jun-22,AAC Plant 2,2,2250-6,984F Crankcase DC,2,Condition Check Die,15,cond check,Die Related,10:05 PM,10:20 PM
6-Jun-22,AAC Plant 2,2,2250-6,984F Crankcase DC,3,Die Change,210,die change,Die Related,06:00 PM,09:30 PM
6-Jun-22,AAC Plant 2,2,2250-8,19MY PTO TRANSMISSION CASE DC,3,Condition Check Die,30,cond check,Die Related,02:20 AM,02:50 AM
6-Jun-22,AAC Plant 2,2,800-1,744K CENTER SUPPORT DC,6,Die Change,55,die change cracked sprue bushing,Die Related,01:00 AM,01:55 AM
6-Jun-22,AAC Plant 2,2,800-2,G300 CENTER SUPPORT DC,7,Other (Indirect),30,carry over hyd oil,Casting Process/Equipment,05:15 PM,05:45 AM
7-Jun-22,AAC Plant 2,1,2250-11,BC01 Transmission Case DC,8,Clean Up,10,over 4sd,Casting Process/Equipment,01:50 PM,02:00 PM
7-Jun-22,AAC Plant 2,1,2250-12,BC01 Transmission Case DC,13,Clean Up,10,over 4sd,Casting Process/Equipment,01:50 PM,02:00 PM
7-Jun-22,AAC Plant 2,1,2250-7,A467 Adaptor DC,3,Die Change,0,scheduled die change,Die Related,03:00 PM,05:00 PM
7-Jun-22,AAC Plant 2,1,2250-7,A467 Adaptor DC,3,Other (Indirect),40,over 4sd,Casting Process/Equipment,11:40 AM,12:20 PM
7-Jun-22,AAC Plant 2,1,2250-7,A467 Adaptor DC,3,Other (Indirect),-40,,,,
7-Jun-22,AAC Plant 2,1,2250-7,A467 Transmission Housing DC,3,Die Change,0,scheduled die change,Die Related,03:00 PM,05:00 PM
7-Jun-22,AAC Plant 2,1,2250-9,881 Oil Pan DC,10,Metal Delivery,10,metal temp low alarm,Casting Process/Equipment,08:15 AM,08:25 AM
7-Jun-22,AAC Plant 2,1,500-3,G903 Stator Wheel DC,4,Water/Die Lube Supply,20,quench tank overflow,Casting Process/Equipment,09:00 AM,09:20 AM
7-Jun-22,AAC Plant 2,2,1650-1,"103E Oil Pan, No. 1  DC",3,Date Stamp-ID,5,wrong date stamp,Casting Process/Equipment,10:00 PM,10:05 PM
7-Jun-22,AAC Plant 2,2,2250-1,946F Crankcase DC,8,Metal Delivery,10,metal level low,Casting Process/Equipment,05:40 PM,05:50 PM
7-Jun-22,AAC Plant 2,2,2250-3,G300 TA HOUSING FWD DC,2,Die Change,0,scheduled die change,Die Related,07:10 PM,11:40 PM
7-Jun-22,AAC Plant 2,2,2250-3,G300 TA HOUSING FWD DC,2,Condition Check Die,20,condition check die,Die Related,06:50 PM,07:10 PM
7-Jun-22,AAC Plant 2,2,2250-7,A467 Adaptor DC,3,Condition Check Die,15,cond check cold shot discoloration,Die Related,06:35 PM,06:50 PM
8-Jun-22,AAC Plant 2,1,2250-1,946F Crankcase DC,8,Die Change,140,die change continued,Die Related,08:40 AM,11:00 AM
8-Jun-22,AAC Plant 2,1,2250-1,946F Crankcase DC,8,Die Change,120,die change flashed vac block,Die Related,08:30 AM,10:30 AM
8-Jun-22,AAC Plant 2,1,2250-10,G300 TRANSMISSION CASE DC,1,Condition Check Die,10,develooper check,Die Related,11:30 AM,11:40 AM
8-Jun-22,AAC Plant 2,1,2250-10,G300 TRANSMISSION CASE DC,1,Die Change,0,scheduled die change,Die Related,05:15 AM,05:45 AM
8-Jun-22,AAC Plant 2,1,2250-11,BC01 Transmission Case DC,8,Clean Up,10,4s+d over,Casting Process/Equipment,11:30 AM,11:40 AM
8-Jun-22,AAC Plant 2,1,2250-13,G300 TRANSMISSION CASE DC,9,Clean Up,20,clean shot end,Casting Process/Equipment,05:15 AM,05:35 AM
8-Jun-22,AAC Plant 2,1,2250-8,G300 TA HOUSING FWD DC,2,Condition Check Die,10,developer check on,Die Related,11:00 AM,11:10 AM
8-Jun-22,AAC Plant 2,1,500-2,G904 Stator Wheel DC,3,Metal Delivery,25,out of metal,Casting Process/Equipment,09:50 AM,10:15 AM
8-Jun-22,AAC Plant 2,2,1650-1,"103E Oil Pan, No. 1  DC",3,Die Change,40,pulling ss crack sprue,Die Related,03:45 AM,04:25 AM
8-Jun-22,AAC Plant 2,2,2250-1,946F Crankcase DC,8,Die Change,0,scheduled die change,Die Related,05:15 PM,06:10 PM
8-Jun-22,AAC Plant 2,2,2250-10,G300 TRANSMISSION CASE DC,3,Die Change,690,dcm had no die ready /waiting on die,Die Related,05:15 PM,04:45 AM
8-Jun-22,AAC Plant 2,2,2250-12,BC01 Transmission Case DC,13,Water/Die Lube Supply,20,water leak line under deck busted,Casting Process/Equipment,05:55 AM,06:15 AM
8-Jun-22,AAC Plant 2,2,2250-12,BC01 Transmission Case DC,13,Die Change,15,setting and hooking up die 11,Die Related,03:30 AM,03:45 AM
8-Jun-22,AAC Plant 2,2,2250-12,BC01 Transmission Case DC,13,Die Change,50,die change,Die Related,10:30 PM,11:20 PM
8-Jun-22,AAC Plant 2,2,2250-13,G300 TRANSMISSION CASE DC,9,Metal Delivery,15,molten metal alarm,Casting Process/Equipment,11:35 PM,11:50 PM
8-Jun-22,AAC Plant 2,2,2250-3,744 TA HOUSING AWD DC,1,Die Change,0,scheduled die change,Die Related,02:00 AM,04:30 AM
8-Jun-22,AAC Plant 2,2,2250-8,G300 TA HOUSING FWD DC,2,Die Change,0,scheduled die change,Die Related,02:00 AM,04:45 AM
8-Jun-22,AAC Plant 2,2,800-2,G300 CENTER SUPPORT DC,10,Other (Indirect),130,abnorm pwd feeder,Casting Process/Equipment,06:50 PM,09:00 PM
9-Jun-22,AAC Plant 2,1,1650-1,881 Oil Pan DC,6,N/G Tip or Sleeve Change,135,busted shot sleeve,Casting Process/Equipment,09:30 AM,11:45 AM
9-Jun-22,AAC Plant 2,1,2250-10,G300 TRANSMISSION CASE DC,3,Other (Indirect),15,over start,Casting Process/Equipment,05:15 AM,05:30 AM
9-Jun-22,AAC Plant 2,1,2250-12,BC01 Transmission Case DC,11,Date Stamp-ID,10,over start,Casting Process/Equipment,05:15 AM,05:25 AM
9-Jun-22,AAC Plant 2,1,2250-2,744 TA HOUSING FWD DC,2,Water/Die Lube Supply,15,cooling water lost main water,Casting Process/Equipment,08:20 AM,08:35 AM
9-Jun-22,AAC Plant 2,1,2250-3,G300 TA HOUSING FWD DC,2,Water/Die Lube Supply,15,cooling water fault,Casting Process/Equipment,08:15 AM,08:30 AM
9-Jun-22,AAC Plant 2,1,2250-4,946F Crankcase DC,12,Water/Die Lube Supply,15,cooling water fault no water,Casting Process/Equipment,08:15 AM,08:30 AM
9-Jun-22,AAC Plant 2,1,2250-6,984F Crankcase DC,1,Condition Check Die,10,cond check qc req,Die Related,07:15 AM,07:25 AM
9-Jun-22,AAC Plant 2,1,2250-7,A467 Adaptor DC,3,Clean Up,40,over 4s+d,Casting Process/Equipment,11:40 AM,12:20 PM
9-Jun-22,AAC Plant 2,1,800-3,G300 CENTER SUPPORT DC,4,Die Change,0,scheduled die change,Die Related,03:00 PM,04:45 PM
9-Jun-22,AAC Plant 2,2,2250-1,946F Crankcase DC,10,Ladle-ID,20,ct over ladle sensor,Casting Process/Equipment,03:35 AM,03:55 AM
9-Jun-22,AAC Plant 2,2,2250-10,G300 TRANSMISSION CASE DC,3,Condition Check Die,20,cond check,Die Related,07:50 PM,08:10 PM
9-Jun-22,AAC Plant 2,2,2250-10,G300 TRANSMISSION CASE DC,3,Other (Indirect),10,qr code ng,Casting Process/Equipment,08:15 PM,08:25 PM
9-Jun-22,AAC Plant 2,2,2250-4,946F Crankcase DC,12,Other (Indirect),40,carry over maint dcm,Casting Process/Equipment,05:15 PM,05:55 PM
9-Jun-22,AAC Plant 2,2,800-3,G300 CENTER SUPPORT DC,1,Other (Indirect),60,stop call wait,Casting Process/Equipment,06:00 PM,07:00 PM
10-Jun-22,AAC Plant 2,1,2250-1,946F Crankcase DC,10,Other (Indirect),15,over start,Casting Process/Equipment,05:15 AM,05:30 AM
10-Jun-22,AAC Plant 2,1,2250-10,G300 TRANSMISSION CASE DC,3,Other (Indirect),15,over start belly pan full,Casting Process/Equipment,05:15 AM,05:30 AM
10-Jun-22,AAC Plant 2,1,2250-3,G300 TA HOUSING FWD DC,2,Other (Indirect),40,shaker jammed,Casting Process/Equipment,01:00 PM,01:40 PM
10-Jun-22,AAC Plant 2,1,2250-3,G300 TA HOUSING FWD DC,2,Other (Indirect),15,over start,Casting Process/Equipment,05:15 AM,05:30 AM
10-Jun-22,AAC Plant 2,1,500-2,B700 V6 Stator Wheel DC,9,Die Change,0,scheduled die change,Die Related,10:30 AM,11:30 AM
10-Jun-22,AAC Plant 2,1,800-1,744K CENTER SUPPORT DC,3,Water/Die Lube Supply,18,water over flow quench tank,Casting Process/Equipment,09:02 AM,09:20 AM
10-Jun-22,AAC Plant 2,2,2250-9,881 Oil Pan DC,8,Other (Indirect),60,crane down,Casting Process/Equipment,10:00 PM,11:00 PM
10-Jun-22,AAC Plant 2,2,800-1,744K CENTER SUPPORT DC,3,Condition Check Machine,30,cond check,Casting Process/Equipment,04:00 AM,04:30 AM
10-Jun-22,AAC Plant 2,2,800-2,G300 CENTER SUPPORT DC,3,Other (Indirect),35,carry over low hyd oil,Casting Process/Equipment,05:15 PM,05:50 PM
11-Jun-22,AAC Plant 2,1,2250-8,19MY PTO TRANSMISSION CASE DC,3,Die Change,0,scheduled die change,Die Related,12:30 PM,02:45 PM
11-Jun-22,AAC Plant 2,2,2250-3,G298 TA HOUSING AWD DC,3,Die Change,0,scheduled die change,Die Related,06:00 PM,09:10 PM
11-Jun-22,AAC Plant 2,2,2250-6,984F Crankcase DC,1,Condition Check Die,35,cond check ss leaking around sprue bushing,Die Related,03:25 AM,04:00 AM
13-Jun-22,AAC Plant 2,1,2250-1,946F Crankcase DC,10,Metal Delivery,10,ladle arm over,Casting Process/Equipment,09:00 AM,09:10 AM
13-Jun-22,AAC Plant 2,1,2250-1,946F Crankcase DC,10,Other (Indirect),55,working on 2250-2,Casting Process/Equipment,05:35 AM,06:30 AM
13-Jun-22,AAC Plant 2,1,2250-10,G300 TRANSMISSION CASE DC,3,Die Change,180,die change set die 3,Die Related,05:00 AM,08:00 AM
13-Jun-22,AAC Plant 2,1,2250-3,G298 TA HOUSING AWD DC,3,Other (Indirect),20,shut down,Casting Process/Equipment,01:15 PM,01:35 PM
13-Jun-22,AAC Plant 2,1,2250-4,946F Crankcase DC,8,Other (Indirect),20,over start no op,Casting Process/Equipment,05:15 AM,05:35 AM
13-Jun-22,AAC Plant 2,1,2250-4,946F Crankcase DC,8,Other (Indirect),25,shut down,Casting Process/Equipment,01:15 PM,01:40 PM
13-Jun-22,AAC Plant 2,1,2250-7,587F Crank Case Stiffening DC,31,Date Stamp-ID,25,over start,Casting Process/Equipment,05:15 AM,05:40 AM
13-Jun-22,AAC Plant 2,1,2250-8,19MY NONPTO TRANSMISSION CASE DC,1,Date Stamp-ID,45,date stamp stuck,Casting Process/Equipment,05:15 AM,06:00 AM
13-Jun-22,AAC Plant 2,1,2250-9,881 Oil Pan DC,8,Other (Indirect),25,shaker jammed,Casting Process/Equipment,05:35 AM,06:00 AM
13-Jun-22,AAC Plant 2,1,2250-9,881 Oil Pan DC,8,Other (Indirect),15,over start,Casting Process/Equipment,05:15 AM,05:30 AM
13-Jun-22,AAC Plant 2,1,500-2,B700 V6 Stator Wheel DC,9,Water/Die Lube Supply,60,water over flow,Casting Process/Equipment,05:15 AM,06:15 AM
13-Jun-22,AAC Plant 2,2,2250-10,G300 TRANSMISSION CASE DC,6,Die Change,90,die change flash out,Die Related,05:15 PM,06:45 PM
13-Jun-22,AAC Plant 2,2,2250-12,BC01 Transmission Case DC,11,Other (Indirect),10,had to run clean out cycle,Casting Process/Equipment,05:15 PM,05:25 PM
13-Jun-22,AAC Plant 2,2,2250-5,G298 TA HOUSING AWD DC,5,Die Change,145,scheduled die change,Die Related,05:15 PM,07:40 PM
13-Jun-22,AAC Plant 2,2,2250-7,587F Crank Case Stiffening DC,31,Die Change,0,scheduled die change,Die Related,03:00 AM,04:45 AM
13-Jun-22,AAC Plant 2,2,800-1,744K CENTER SUPPORT DC,3,Condition Check Machine,20,cond check,Casting Process/Equipment,03:56 AM,04:16 AM
13-Jun-22,AAC Plant 2,2,800-3,G300 CENTER SUPPORT DC,1,Die Change,65,die change,Die Related,11:30 PM,12:35 AM
14-Jun-22,AAC Plant 2,1,2250-10,G300 TRANSMISSION CASE DC,6,Other (Indirect),15,overstart,Casting Process/Equipment,05:15 AM,05:30 AM
14-Jun-22,AAC Plant 2,1,2250-10,G300 TRANSMISSION CASE DC,6,Condition Check Die,15,found ng air line and hold in power cool line; repaired,Die Related,09:20 AM,09:35 AM
14-Jun-22,AAC Plant 2,1,2250-12,BC01 Transmission Case DC,11,Die Change,105,set bc01 tcm-13,Die Related,07:45 AM,09:30 AM
14-Jun-22,AAC Plant 2,1,2250-7,A467 Adaptor DC,3,Condition Check Die,70,condition check; cold shot on parts; hole in main air line on spray robot; call maint,Die Related,06:20 AM,07:30 AM
14-Jun-22,AAC Plant 2,1,2250-8,G300 TA HOUSING FWD DC,3,Product Change,465,carryover die change; wating on die from dm,Die Related,05:15 AM,01:00 PM
14-Jun-22,AAC Plant 2,1,2250-9,881 Oil Pan DC,8,Other (Indirect),10,overstart/ vac sensor flt,Casting Process/Equipment,05:15 AM,05:25 AM
14-Jun-22,AAC Plant 2,1,500-2,B700 V6 Stator Wheel DC,9,Water/Die Lube Supply,80,cycle over pumping unit ng,Casting Process/Equipment,09:40 AM,11:00 AM
14-Jun-22,AAC Plant 2,1,500-2,B700 V6 Stator Wheel DC,9,Water/Die Lube Supply,41,cycle over,Casting Process/Equipment,08:30 AM,09:11 AM
14-Jun-22,AAC Plant 2,1,800-3,G300 CENTER SUPPORT DC,11,Other (Indirect),20,ditch flooding,Casting Process/Equipment,11:32 AM,11:52 AM
14-Jun-22,AAC Plant 2,2,2250-1,946F Crankcase DC,10,Metal Delivery,10,metal too low waiting on melt,Casting Process/Equipment,06:00 PM,06:10 PM
14-Jun-22,AAC Plant 2,2,2250-1,946F Crankcase DC,10,Metal Delivery,10,metal too low waiting on melt,Casting Process/Equipment,05:35 PM,05:45 PM
14-Jun-22,AAC Plant 2,2,2250-10,G300 TRANSMISSION CASE DC,6,Die Change,360,die change mold cooling water fault broke pin,Die Related,06:20 PM,12:30 AM
14-Jun-22,AAC Plant 2,2,2250-2,744 TA HOUSING FWD DC,2,Other (Indirect),60,stop per sup. jap. coord. programming dcm,Casting Process/Equipment,06:25 PM,07:25 PM
14-Jun-22,AAC Plant 2,2,2250-7,A467 Transmission Housing DC,3,Die Change,0,scheduled die change,Die Related,05:15 PM,06:15 PM
14-Jun-22,AAC Plant 2,2,800-2,G300 CENTER SUPPORT DC,3,Other (Indirect),220,carry over sbnormal pwd feeder,Casting Process/Equipment,05:15 PM,08:55 PM
14-Jun-22,AAC Plant 2,2,800-3,G300 CENTER SUPPORT DC,11,Die Change,70,"die change, water leak pwc line between a,b",Die Related,07:38 PM,08:48 PM
15-Jun-22,AAC Plant 2,1,2250-10,G300 TRANSMISSION CASE DC,1,Condition Check Die,15,developer check,Die Related,11:05 AM,11:20 AM
15-Jun-22,AAC Plant 2,1,2250-11,BC01 Transmission Case DC,8,Condition Check Die,60,carry over 4s+d,Die Related,01:50 PM,02:50 PM
15-Jun-22,AAC Plant 2,1,2250-3,G298 TA HOUSING AWD DC,3,Condition Check Die,20,pe doing developer,Die Related,03:20 PM,03:40 PM
15-Jun-22,AAC Plant 2,1,2250-3,G298 TA HOUSING AWD DC,3,Die Change,0,scheduled die change,Die Related,03:40 PM,05:00 PM
15-Jun-22,AAC Plant 2,1,2250-9,881 Oil Pan DC,8,Other (Indirect),20,over 4s+d,Casting Process/Equipment,11:30 AM,11:50 AM
15-Jun-22,AAC Plant 2,1,2250-9,881 Oil Pan DC,8,Die Change,0,scheduled die change leaker at customer,Die Related,03:00 PM,04:45 PM
15-Jun-22,AAC Plant 2,1,500-2,B700 V6 Stator Wheel DC,9,Other (Indirect),155,cycle stop maint working on f2,Casting Process/Equipment,05:55 AM,08:30 AM
15-Jun-22,AAC Plant 2,1,500-3,G903 Stator Wheel DC,4,Die Change,285,die change /maint working on tie bar toggle line,Die Related,12:00 PM,04:45 PM
15-Jun-22,AAC Plant 2,1,800-3,G300 CENTER SUPPORT DC,9,Other (Indirect),15,no empty scrap hoppers,Casting Process/Equipment,07:14 AM,07:29 AM
15-Jun-22,AAC Plant 2,2,2250-1,946F Crankcase DC,10,Die Change,385,core swap flashed,Die Related,10:20 PM,04:45 AM
15-Jun-22,AAC Plant 2,2,2250-11,BC01 Transmission Case DC,8,Metal Delivery,60,main shaker down,Casting Process/Equipment,02:45 AM,03:45 AM
15-Jun-22,AAC Plant 2,2,2250-12,BC01 Transmission Case DC,13,Metal Delivery,55,main shaker stopped up,Casting Process/Equipment,02:45 AM,03:40 AM
15-Jun-22,AAC Plant 2,2,2250-2,744 TA HOUSING FWD DC,2,Die Change,0,scheduled die change,Die Related,03:10 AM,04:45 AM
15-Jun-22,AAC Plant 2,2,2250-3,G298 TA HOUSING AWD DC,6,Die Change,65,die change auto exchange broke pin,Die Related,06:15 PM,07:20 PM
15-Jun-22,AAC Plant 2,2,2250-5,G298 TA HOUSING AWD DC,5,Water/Die Lube Supply,25,no water,Casting Process/Equipment,05:35 PM,06:00 PM
15-Jun-22,AAC Plant 2,2,2250-6,946F Crankcase DC,12,Water/Die Lube Supply,25,no water,Casting Process/Equipment,05:35 PM,06:00 PM
15-Jun-22,AAC Plant 2,2,500-3,G904 Stator Wheel DC,3,Die Change,0,scheduled die change,Die Related,01:00 AM,04:45 AM
15-Jun-22,AAC Plant 2,2,800-3,G300 CENTER SUPPORT DC,9,Water/Die Lube Supply,31,water supply fault,Casting Process/Equipment,05:36 PM,06:05 PM
16-Jun-22,AAC Plant 2,1,2250-1,946F Crankcase DC,10,Die Change,0,scheduled die change,Die Related,05:00 AM,07:00 AM
16-Jun-22,AAC Plant 2,1,2250-10,G300 TRANSMISSION CASE DC,1,Die Change,325,die change thick flash parting line c4 c3,Die Related,08:40 AM,02:05 PM
16-Jun-22,AAC Plant 2,1,2250-10,G300 TRANSMISSION CASE DC,1,Metal Delivery,30,out of metal,Casting Process/Equipment,07:20 AM,07:50 AM
16-Jun-22,AAC Plant 2,1,2250-11,BC01 Transmission Case DC,8,Clean Up,20,over 4s+d,Casting Process/Equipment,02:00 PM,02:20 PM
16-Jun-22,AAC Plant 2,1,2250-12,BC01 Transmission Case DC,13,Clean Up,15,over 4sd,Casting Process/Equipment,02:00 PM,02:15 PM
16-Jun-22,AAC Plant 2,1,2250-2,744 TA HOUSING AWD DC,2,Die Change,0,scheduled die change,Die Related,05:15 AM,09:50 AM
16-Jun-22,AAC Plant 2,1,2250-3,G298 TA HOUSING AWD DC,7,Condition Check Die,10,condition check qc req,Die Related,06:45 AM,06:55 AM
16-Jun-22,AAC Plant 2,1,2250-3,G298 TA HOUSING AWD DC,7,Die Change,120,die change carry over set die 4,Die Related,11:30 AM,01:30 PM
16-Jun-22,AAC Plant 2,1,2250-7,A467 Extension Housing DC,1,Die Change,0,scheduled die change,Die Related,05:00 AM,06:45 AM
16-Jun-22,AAC Plant 2,1,800-1,744K CENTER SUPPORT DC,3,Die Change,38,die change die chip,Die Related,08:52 AM,09:30 AM
16-Jun-22,AAC Plant 2,2,2250-10,G300 TRANSMISSION CASE DC,6,Die Change,75,die change cracked sprue core pin ss,Die Related,05:15 PM,06:30 PM
16-Jun-22,AAC Plant 2,2,2250-11,BC01 Transmission Case DC,10,Die Change,0,scheduled die change,Die Related,05:15 PM,07:00 PM
16-Jun-22,AAC Plant 2,2,2250-13,G300 TRANSMISSION CASE DC,9,Die Change,30,die change,Die Related,09:15 PM,09:45 PM
16-Jun-22,AAC Plant 2,2,2250-2,744 TA HOUSING AWD DC,2,Clean Up,60,set ms,Casting Process/Equipment,02:20 AM,03:20 AM
16-Jun-22,AAC Plant 2,2,2250-5,G298 TA HOUSING AWD DC,5,Condition Check Die,25,cond check,Die Related,10:40 PM,11:05 PM
16-Jun-22,AAC Plant 2,2,2250-6,946F Crankcase DC,12,Die Change,0,scheduled die change,Die Related,03:10 AM,04:45 AM
17-Jun-22,AAC Plant 2,1,2250-10,G300 TRANSMISSION CASE DC,6,Water/Die Lube Supply,15,die lube station down,Casting Process/Equipment,08:45 AM,09:00 AM
17-Jun-22,AAC Plant 2,1,2250-10,G300 TRANSMISSION CASE DC,6,Other (Indirect),15,over 4sd,Casting Process/Equipment,11:40 AM,11:55 AM
17-Jun-22,AAC Plant 2,1,2250-11,BC01 Transmission Case DC,10,Condition Check Die,20,cracks on parts cond check,Die Related,12:50 PM,01:10 PM
17-Jun-22,AAC Plant 2,1,2250-12,BC01 Transmission Case DC,13,Clean Up,25,over 4s+d,Casting Process/Equipment,01:55 PM,02:20 PM
17-Jun-22,AAC Plant 2,1,2250-13,G300 TRANSMISSION CASE DC,9,Water/Die Lube Supply,30,spray fault die lube station down,Casting Process/Equipment,08:40 AM,09:10 AM
17-Jun-22,AAC Plant 2,1,2250-13,G300 TRANSMISSION CASE DC,9,Metal Delivery,10,out of metal,Casting Process/Equipment,03:50 PM,04:00 PM
17-Jun-22,AAC Plant 2,1,2250-2,744 TA HOUSING AWD DC,2,Condition Check Die,10,discoloration c3,Die Related,06:55 AM,07:05 AM
17-Jun-22,AAC Plant 2,1,2250-6,984F Crankcase DC,1,Die Change,10,die change chuck die before start up,Die Related,05:15 AM,05:25 AM
17-Jun-22,AAC Plant 2,1,2250-7,A467 Adaptor DC,3,Die Change,0,scheduled die change,Die Related,05:00 AM,06:00 AM
17-Jun-22,AAC Plant 2,1,2250-9,881 Oil Pan DC,9,Other (Indirect),10,over 4s+d,Casting Process/Equipment,11:35 AM,11:45 AM
17-Jun-22,AAC Plant 2,1,500-2,B700 V6 Stator Wheel DC,9,Die Change,0,scheduled die change,Die Related,03:30 PM,04:45 PM
17-Jun-22,AAC Plant 2,1,800-1,744K CENTER SUPPORT DC,6,Condition Check Die,9,cond check,Die Related,08:24 AM,08:33 AM
17-Jun-22,AAC Plant 2,1,800-3,G300 CENTER SUPPORT DC,9,Condition Check Die,7,cond check,Die Related,07:36 AM,07:43 AM
17-Jun-22,AAC Plant 2,2,2250-1,946F Crankcase DC,12,Die Change,0,die change,Die Related,05:15 PM,08:15 PM
17-Jun-22,AAC Plant 2,2,2250-10,G300 TRANSMISSION CASE DC,6,Clean Up,10,over 4sd,Casting Process/Equipment,08:25 PM,08:35 PM
17-Jun-22,AAC Plant 2,2,2250-5,G298 TA HOUSING AWD DC,5,Condition Check Die,15,cond check,Die Related,11:10 PM,11:25 PM
17-Jun-22,AAC Plant 2,2,2250-6,984F Crankcase DC,1,Condition Check Die,45,cond check discoloration on part,Die Related,04:00 AM,04:45 AM
17-Jun-22,AAC Plant 2,2,500-2,G904 Stator Wheel DC,1,Condition Check Machine,60,cond check,Casting Process/Equipment,03:30 AM,04:30 AM
17-Jun-22,AAC Plant 2,2,500-2,G904 Stator Wheel DC,3,Die Change,20,die change,Die Related,01:00 AM,01:20 AM
17-Jun-22,AAC Plant 2,2,500-2,G904 Stator Wheel DC,3,Condition Check Machine,20,cond check,Casting Process/Equipment,12:00 AM,12:20 AM
17-Jun-22,AAC Plant 2,2,500-2,G904 Stator Wheel DC,3,Condition Check Die,20,cond check porosity,Die Related,12:40 AM,01:00 AM
17-Jun-22,AAC Plant 2,2,500-2,G904 Stator Wheel DC,3,Die Change,65,die change continued,Die Related,05:15 PM,06:20 PM
17-Jun-22,AAC Plant 2,2,800-1,744K CENTER SUPPORT DC,6,Condition Check Machine,22,cond check ng floor length,Casting Process/Equipment,03:45 AM,04:07 AM
18-Jun-22,AAC Plant 2,1,2250-11,BC01 Transmission Case DC,10,Clean Up,5,over 4s+d,Casting Process/Equipment,11:20 AM,11:25 AM
18-Jun-22,AAC Plant 2,1,2250-13,G300 TRANSMISSION CASE DC,8,Die Change,85,die change cond check,Die Related,05:45 AM,07:10 AM
18-Jun-22,AAC Plant 2,1,2250-3,744 TA HOUSING AWD DC,2,Die Change,0,scheduled die change,Die Related,05:15 AM,07:00 AM
18-Jun-22,AAC Plant 2,1,500-2,G904 Stator Wheel DC,1,Die Change,60,die change,Die Related,07:00 AM,08:00 AM
18-Jun-22,AAC Plant 2,1,500-2,G904 Stator Wheel DC,3,Water/Die Lube Supply,10,spray volume low,Casting Process/Equipment,09:55 AM,10:05 AM
18-Jun-22,AAC Plant 2,1,800-2,G300 CENTER SUPPORT DC,10,Condition Check Machine,15,condition check,Casting Process/Equipment,09:00 AM,09:15 AM
18-Jun-22,AAC Plant 2,2,2250-1,946F Crankcase DC,12,Metal Delivery,10,metal low,Casting Process/Equipment,11:55 PM,12:05 AM
18-Jun-22,AAC Plant 2,2,2250-10,G300 TRANSMISSION CASE DC,6,Die Change,140,die change pulled holding blocks,Die Related,11:20 PM,01:40 AM
18-Jun-22,AAC Plant 2,2,2250-13,G300 TRANSMISSION CASE DC,7,Metal Delivery,20,ladle fault out of metal,Casting Process/Equipment,09:05 PM,09:25 PM
18-Jun-22,AAC Plant 2,2,2250-13,G300 TRANSMISSION CASE DC,7,Metal Delivery,30,ladle fault,Casting Process/Equipment,01:05 AM,01:35 AM
18-Jun-22,AAC Plant 2,2,2250-13,G300 TRANSMISSION CASE DC,7,Metal Delivery,25,ladle fault out of metal,Casting Process/Equipment,12:25 AM,12:50 AM
18-Jun-22,AAC Plant 2,2,2250-13,G300 TRANSMISSION CASE DC,7,Metal Delivery,20,ladle fault,Casting Process/Equipment,02:25 AM,02:45 AM
18-Jun-22,AAC Plant 2,2,2250-6,984F Crankcase DC,1,Condition Check Die,25,cond check qc req,Die Related,12:10 AM,12:35 AM
18-Jun-22,AAC Plant 2,2,2250-9,881 Oil Pan DC,9,Other (Indirect),10,metal temp low,Casting Process/Equipment,09:05 PM,09:15 PM
18-Jun-22,AAC Plant 2,2,2250-9,881 Oil Pan DC,9,Metal Delivery,10,metal level too low fault,Casting Process/Equipment,11:35 AM,11:45 AM
18-Jun-22,AAC Plant 2,2,500-2,G904 Stator Wheel DC,3,Die Change,0,scheduled die change,Die Related,04:00 AM,04:45 AM
19-Jun-22,AAC Plant 2,1,2250-12,BC01 Transmission Case DC,12,Condition Check Die,10,condition check sq pin not working,Die Related,05:50 AM,06:00 AM
19-Jun-22,AAC Plant 2,1,2250-12,BC01 Transmission Case DC,12,Clean Up,10,over 4s+d,Casting Process/Equipment,12:50 PM,01:00 PM
19-Jun-22,AAC Plant 2,1,2250-12,BC01 Transmission Case DC,12,Date Stamp-ID,5,over starrt,Casting Process/Equipment,05:15 AM,05:20 AM
19-Jun-22,AAC Plant 2,2,2250-13,G300 TRANSMISSION CASE DC,7,Metal Delivery,15,shaker backed up,Casting Process/Equipment,05:30 PM,05:45 PM
20-Jun-22,AAC Plant 2,1,2250-1,946F Crankcase DC,12,Other (Indirect),15,carry over polish,Casting Process/Equipment,11:30 AM,11:45 AM
20-Jun-22,AAC Plant 2,1,2250-11,BC01 Transmission Case DC,10,Condition Check Die,20,developer check,Die Related,08:50 AM,09:10 AM
20-Jun-22,AAC Plant 2,1,2250-11,BC01 Transmission Case DC,10,Condition Check Die,30,cond check cracks ss,Die Related,07:45 AM,08:15 AM
20-Jun-22,AAC Plant 2,1,2250-12,BC01 Transmission Case DC,13,Clean Up,10,over 4s+d,Casting Process/Equipment,01:50 PM,02:00 PM
20-Jun-22,AAC Plant 2,1,2250-13,G300 TRANSMISSION CASE DC,7,Metal Delivery,10,out of metal,Casting Process/Equipment,10:25 AM,10:35 AM
20-Jun-22,AAC Plant 2,1,2250-4,946F Crankcase DC,10,Other (Indirect),10,over start,Casting Process/Equipment,05:15 AM,05:25 AM
20-Jun-22,AAC Plant 2,1,2250-6,984F Crankcase DC,1,Condition Check Machine,10,cond check qe req,Casting Process/Equipment,11:10 AM,11:20 AM
20-Jun-22,AAC Plant 2,2,2250-1,946F Crankcase DC,12,Metal Delivery,15,metal too low,Casting Process/Equipment,03:30 AM,03:45 AM
20-Jun-22,AAC Plant 2,2,2250-11,BC01 Transmission Case DC,10,Condition Check Die,60,cond check,Die Related,02:45 AM,03:45 AM
20-Jun-22,AAC Plant 2,2,2250-11,BC01 Transmission Case DC,10,Condition Check Die,30,cond check,Die Related,08:10 PM,08:40 PM
20-Jun-22,AAC Plant 2,2,2250-3,744 TA HOUSING AWD DC,2,Clean Up,10,over 4s+d,Casting Process/Equipment,11:15 PM,11:25 PM
20-Jun-22,AAC Plant 2,2,2250-5,G298 TA HOUSING AWD DC,5,Condition Check Die,15,cond check,Die Related,09:45 PM,10:00 PM
20-Jun-22,AAC Plant 2,2,2250-6,984F Crankcase DC,3,Other (Indirect),15,carry over die change,Casting Process/Equipment,05:15 PM,05:30 PM
20-Jun-22,AAC Plant 2,2,2250-9,881 Oil Pan DC,9,Other (Indirect),10,"metal tem,p too low",Casting Process/Equipment,01:05 AM,01:15 AM
21-Jun-22,AAC Plant 2,1,2250-10,G300 TRANSMISSION CASE DC,10,Clean Up,30,over 4s+d,Casting Process/Equipment,11:20 AM,11:50 AM
21-Jun-22,AAC Plant 2,1,2250-13,G300 TRANSMISSION CASE DC,7,Clean Up,20,over 4s+d,Casting Process/Equipment,11:30 AM,11:50 AM
21-Jun-22,AAC Plant 2,1,2250-2,744 TA HOUSING FWD DC,2,N/G Tip or Sleeve Change,50,shot rod stuck in sleeve,Casting Process/Equipment,01:05 PM,01:55 PM
21-Jun-22,AAC Plant 2,1,2250-2,744 TA HOUSING FWD DC,2,N/G Tip or Sleeve Change,50,shot tip broke,Casting Process/Equipment,11:10 AM,12:00 PM
21-Jun-22,AAC Plant 2,1,2250-3,744 TA HOUSING AWD DC,2,Die Change,0,scheduled die change,Die Related,02:00 PM,05:00 PM
21-Jun-22,AAC Plant 2,1,2250-3,744 TA HOUSING AWD DC,2,N/G Tip or Sleeve Change,115,ulr fault bisc broke,Casting Process/Equipment,06:00 AM,07:55 AM
21-Jun-22,AAC Plant 2,1,2250-6,984F Crankcase DC,3,N/G Tip or Sleeve Change,45,PE req tip change,Casting Process/Equipment,02:40 PM,03:25 PM
21-Jun-22,AAC Plant 2,1,2250-6,984F Crankcase DC,3,Condition Check Die,15,cond check,Die Related,01:40 PM,01:55 PM
21-Jun-22,AAC Plant 2,1,2250-9,881 Oil Pan DC,9,Other (Indirect),20,metal temp low,Casting Process/Equipment,07:35 AM,07:55 AM
21-Jun-22,AAC Plant 2,1,800-1,744K CENTER SUPPORT DC,6,Condition Check Machine,10,cond check,Casting Process/Equipment,06:25 AM,06:35 AM
21-Jun-22,AAC Plant 2,1,800-2,G300 CENTER SUPPORT DC,10,N/G Tip or Sleeve Change,13,tip change,Casting Process/Equipment,11:30 AM,11:43 AM
21-Jun-22,AAC Plant 2,1,800-3,G300 CENTER SUPPORT DC,9,Condition Check Die,23,part detect ng,Die Related,06:47 AM,07:10 AM
21-Jun-22,AAC Plant 2,2,1650-1,"103E Oil Pan, No. 1  DC",3,Die Change,50,die change broke pin,Die Related,11:30 PM,12:20 AM
21-Jun-22,AAC Plant 2,2,500-2,G904 Stator Wheel DC,3,Die Change,0,sched die change,Die Related,05:15 PM,06:40 PM
22-Jun-22,AAC Plant 2,1,2250-1,946F Crankcase DC,12,Other (Indirect),20,waiting on baskets,Casting Process/Equipment,10:25 AM,10:45 AM
22-Jun-22,AAC Plant 2,1,2250-10,G300 TRANSMISSION CASE DC,10,Condition Check Die,20,qc req cond check,Die Related,01:05 PM,01:25 PM
22-Jun-22,AAC Plant 2,1,2250-11,BC01 Transmission Case DC,10,Condition Check Die,10,cold shot on parts,Die Related,06:50 AM,07:00 AM
22-Jun-22,AAC Plant 2,1,2250-2,744 TA HOUSING FWD DC,3,Die Change,100,die change busted sprue core,Die Related,11:20 AM,01:00 PM
22-Jun-22,AAC Plant 2,1,2250-2,744 TA HOUSING FWD DC,3,Die Change,-100,,,,
22-Jun-22,AAC Plant 2,1,2250-6,984F Crankcase DC,3,Condition Check Die,10,cond check,Die Related,10:30 AM,10:40 AM
22-Jun-22,AAC Plant 2,1,2250-6,984F Crankcase DC,3,Die Change,60,die change,Die Related,11:40 AM,12:40 PM
22-Jun-22,AAC Plant 2,1,2250-6,984F Crankcase DC,3,Condition Check Die,15,cond check,Die Related,07:15 AM,07:30 AM
22-Jun-22,AAC Plant 2,1,2250-7,A467 Transmission Housing DC,3,Die Change,0,scheduled die change,Die Related,09:45 AM,11:40 AM
22-Jun-22,AAC Plant 2,1,2250-8,19MY NONPTO TRANSMISSION CASE DC,1,Metal Delivery,10,out of metal,Casting Process/Equipment,11:55 AM,12:05 PM
22-Jun-22,AAC Plant 2,1,2250-8,19MY NONPTO TRANSMISSION CASE DC,1,Die Change,0,scheduled die change,Die Related,05:15 AM,07:45 AM
22-Jun-22,AAC Plant 2,1,2250-9,881 Oil Pan DC,9,Other (Indirect),10,over start,Casting Process/Equipment,05:15 AM,05:25 AM
22-Jun-22,AAC Plant 2,1,800-1,744K CENTER SUPPORT DC,6,Die Change,61,die change stuck part c2 process t/o,Die Related,02:10 PM,03:11 PM
22-Jun-22,AAC Plant 2,2,2250-1,946F Crankcase DC,12,Die Change,300,die change broke pin,Die Related,11:35 PM,04:45 AM
22-Jun-22,AAC Plant 2,2,2250-1,946F Crankcase DC,12,Metal Delivery,15,metal got too low,Casting Process/Equipment,09:45 PM,11:00 PM
22-Jun-22,AAC Plant 2,2,2250-1,946F Crankcase DC,12,Metal Delivery,10,metal got too low,Casting Process/Equipment,08:30 PM,08:40 PM
22-Jun-22,AAC Plant 2,2,2250-12,BC01 Transmission Case DC,13,Clean Up,25,over 4sd,Casting Process/Equipment,12:00 AM,12:25 AM
22-Jun-22,AAC Plant 2,2,2250-2,744 TA HOUSING FWD DC,2,Die Change,40,die change,Die Related,04:05 AM,04:45 AM
22-Jun-22,AAC Plant 2,2,2250-6,946F Crankcase DC,11,Date Stamp-ID,40,date stamp pulled out,Die Related,07:00 PM,07:40 PM
22-Jun-22,AAC Plant 2,2,2250-6,946F Crankcase DC,11,Die Change,0,scheduled die change,Die Related,05:15 PM,06:10 PM
23-Jun-22,AAC Plant 2,1,2250-5,G298 TA HOUSING AWD DC,4,Die Change,120,die change 3 pins leaking,Die Related,10:00 AM,12:00 PM
23-Jun-22,AAC Plant 2,1,2250-5,G298 TA HOUSING AWD DC,4,Condition Check Die,40,cond check,Die Related,09:20 AM,10:00 AM
23-Jun-22,AAC Plant 2,1,2250-5,G298 TA HOUSING AWD DC,5,Die Change,90,die change,Die Related,06:40 AM,08:10 AM
23-Jun-22,AAC Plant 2,1,2250-5,G298 TA HOUSING AWD DC,5,Condition Check Die,20,cond check pin leak,Die Related,06:20 AM,06:40 AM
23-Jun-22,AAC Plant 2,1,2250-8,19MY NONPTO TRANSMISSION CASE DC,1,Die Change,0,scheduled die change,Die Related,03:00 PM,05:00 PM
23-Jun-22,AAC Plant 2,1,500-2,B700 V6 Stator Wheel DC,9,Die Change,0,scheduled die change,Die Related,05:15 AM,03:30 PM
23-Jun-22,AAC Plant 2,2,2250-11,BC01 Transmission Case DC,7,Die Change,0,sched die changhe,Die Related,05:15 PM,09:55 AM
23-Jun-22,AAC Plant 2,2,2250-3,G300 TA HOUSING FWD DC,3,Condition Check Die,20,cond check qc req,Die Related,09:35 PM,09:55 PM
23-Jun-22,AAC Plant 2,2,2250-3,G300 TA HOUSING FWD DC,3,Die Change,0,scheduled die change,Die Related,10:00 PM,01:45 AM
23-Jun-22,AAC Plant 2,2,2250-7,A467 Adaptor DC,3,Clean Up,55,over 4s+d,Casting Process/Equipment,11:00 PM,11:55 PM
23-Jun-22,AAC Plant 2,2,2250-7,A467 Adaptor DC,3,Die Change,0,scheduled die change,Die Related,01:00 AM,04:45 AM
23-Jun-22,AAC Plant 2,2,2250-8,19MY PTO TRANSMISSION CASE DC,3,Clean Up,25,over 4s+d,Casting Process/Equipment,12:00 AM,12:25 AM
23-Jun-22,AAC Plant 2,2,2250-9,881 Oil Pan DC,9,Die Change,120,die change excessive die chip,Die Related,05:50 PM,07:50 PM
23-Jun-22,AAC Plant 2,2,500-2,BC01 Lower V/B DC,9,Die Change,0,sched die change,Die Related,10:20 PM,11:20 PM
24-Jun-22,AAC Plant 2,1,2250-1,946F Crankcase DC,13,Die Change,30,die change,Die Related,02:35 PM,03:25 PM
24-Jun-22,AAC Plant 2,1,2250-10,G300 TRANSMISSION CASE DC,5,Other (Indirect),15,over start spray cycles,Casting Process/Equipment,05:15 AM,05:30 AM
24-Jun-22,AAC Plant 2,1,2250-11,BC01 Transmission Case DC,7,Water/Die Lube Supply,95,die lube line busted,Casting Process/Equipment,01:30 AM,03:05 AM
24-Jun-22,AAC Plant 2,1,2250-12,BC01 Transmission Case DC,13,Condition Check Die,45,cond check discoloration,Die Related,04:00 PM,04:45 PM
24-Jun-22,AAC Plant 2,1,2250-13,G300 TRANSMISSION CASE DC,7,Water/Die Lube Supply,25,spray fault die lube station down,Casting Process/Equipment,01:30 PM,01:55 PM
24-Jun-22,AAC Plant 2,1,800-1,744K CENTER SUPPORT DC,3,Die Change,161,die change stop call wait fit text slide cores,Die Related,09:08 AM,12:09 PM
24-Jun-22,AAC Plant 2,1,800-1,744K CENTER SUPPORT DC,3,Condition Check Die,16,cond check spline not gauging,Die Related,06:31 AM,06:47 AM
24-Jun-22,AAC Plant 2,2,2250-1,946F Crankcase DC,6,Die Change,35,stuck part ss clamp,Die Related,07:35 PM,08:10 PM
24-Jun-22,AAC Plant 2,2,2250-1,946F Crankcase DC,6,Die Change,35,stuck part,Die Related,12:10 AM,12:45 AM
24-Jun-22,AAC Plant 2,2,2250-1,946F Crankcase DC,6,Die Change,45,stuck metal ladle sensors,Die Related,09:45 PM,10:30 PM
24-Jun-22,AAC Plant 2,2,2250-1,946F Crankcase DC,6,Die Change,0,scheduled die change,Die Related,05:15 PM,07:25 PM
24-Jun-22,AAC Plant 2,2,2250-8,19MY PTO TRANSMISSION CASE DC,3,Clean Up,30,over 4s+d,Casting Process/Equipment,12:00 AM,12:30 AM
24-Jun-22,AAC Plant 2,2,500-2,G904 Stator Wheel DC,3,Die Change,0,scheduled die change,Die Related,03:30 AM,04:30 AM
24-Jun-22,AAC Plant 2,2,800-1,744K CENTER SUPPORT DC,3,Water/Die Lube Supply,10,powder lube fault base air pressure low,Casting Process/Equipment,12:06 PM,12:16 PM
24-Jun-22,AAC Plant 2,2,800-2,G300 CENTER SUPPORT DC,11,Die Change,0,scheduled die change,Die Related,08:15 PM,09:30 AM
27-Jun-22,AAC Plant 2,1,2250-11,BC01 Transmission Case DC,7,Clean Up,30,over 4s+d,Casting Process/Equipment,02:50 PM,03:20 PM
27-Jun-22,AAC Plant 2,1,2250-13,G300 TRANSMISSION CASE DC,7,N/G Tip or Sleeve Change,120,busted tip,Casting Process/Equipment,12:25 PM,02:25 PM
27-Jun-22,AAC Plant 2,1,2250-2,744 TA HOUSING FWD DC,3,Die Change,100,die change busted sprue core,Die Related,11:20 AM,01:00 PM
27-Jun-22,AAC Plant 2,1,2250-5,G298 TA HOUSING AWD DC,7,Condition Check Die,20,condition check cold shot,Die Related,07:40 AM,08:00 AM
27-Jun-22,AAC Plant 2,1,2250-6,946F Crankcase DC,11,Die Change,0,scheduled die change,Die Related,11:00 AM,01:00 PM
27-Jun-22,AAC Plant 2,1,2250-7,587F Crank Case Stiffening DC,29,Die Change,0,scheduled die chnage,Die Related,11:30 AM,05:00 PM
27-Jun-22,AAC Plant 2,1,2250-9,881 Oil Pan DC,6,Die Change,145,die change bisc breaking on die 6,Die Related,10:15 AM,12:40 PM
27-Jun-22,AAC Plant 2,1,500-2,B700 V6 Stator Wheel DC,9,Water/Die Lube Supply,20,spray valve low,Casting Process/Equipment,10:20 AM,10:40 AM
27-Jun-22,AAC Plant 2,1,500-2,B700 V6 Stator Wheel DC,9,Water/Die Lube Supply,50,spray valve low,Casting Process/Equipment,06:30 AM,07:20 AM
27-Jun-22,AAC Plant 2,1,500-2,B700 V6 Stator Wheel DC,9,Water/Die Lube Supply,5,spray valve loq,Casting Process/Equipment,08:30 AM,08:35 AM
27-Jun-22,AAC Plant 2,2,2250-1,946F Crankcase DC,6,Die Change,110,die change set die 10,Die Related,10:55 PM,12:45 AM
27-Jun-22,AAC Plant 2,2,2250-10,G300 TRANSMISSION CASE DC,5,Die Change,115,die change carry over from 4sd main auto exch not working,Die Related,10:00 PM,11:55 PM
27-Jun-22,AAC Plant 2,2,2250-11,BC01 Transmission Case DC,7,Clean Up,5,over 4sd,Casting Process/Equipment,02:00 AM,02:05 AM
27-Jun-22,AAC Plant 2,2,2250-3,744 TA HOUSING AWD DC,1,Die Change,0,scheduled die change,Die Related,11:00 PM,03:40 AM
27-Jun-22,AAC Plant 2,2,2250-8,19MY NONPTO TRANSMISSION CASE DC,1,Clean Up,40,over 4s+d,Casting Process/Equipment,02:00 AM,02:40 AM
27-Jun-22,AAC Plant 2,2,800-3,G300 CENTER SUPPORT DC,8,Die Change,0,scheduled die change,Die Related,04:00 AM,05:00 AM
28-Jun-22,AAC Plant 2,1,2250-10,G300 TRANSMISSION CASE DC,6,Other (Indirect),15,overstart,Casting Process/Equipment,05:15 AM,05:30 AM
28-Jun-22,AAC Plant 2,1,2250-11,BC01 Transmission Case DC,7,Clean Up,20,over 4sd,Casting Process/Equipment,02:00 PM,02:20 PM
28-Jun-22,AAC Plant 2,1,2250-12,BC01 Transmission Case DC,13,Clean Up,20,over 4s+d,Casting Process/Equipment,02:00 PM,02:20 PM
28-Jun-22,AAC Plant 2,1,2250-2,744 TA HOUSING FWD DC,2,Other (Indirect),30,carry over polish,Casting Process/Equipment,11:30 AM,12:00 PM
28-Jun-22,AAC Plant 2,1,2250-4,984F Crankcase DC,3,Condition Check Die,50,developer check,Die Related,09:10 AM,10:00 AM
28-Jun-22,AAC Plant 2,1,2250-7,A467 Transmission Housing DC,3,Die Change,205,ulr at ring,Die Related,11:30 AM,03:15 PM
28-Jun-22,AAC Plant 2,1,2250-8,19MY NONPTO TRANSMISSION CASE DC,1,Die Change,0,scheduled die change,Die Related,11:30 AM,12:45 PM
28-Jun-22,AAC Plant 2,1,500-2,B700 V6 Stator Wheel DC,9,Die Change,0,scheduled die change,Die Related,10:30 AM,11:30 AM
28-Jun-22,AAC Plant 2,1,500-2,B700 V6 Stator Wheel DC,9,N/G Tip or Sleeve Change,10,spray valveng,Casting Process/Equipment,08:00 AM,08:10 AM
28-Jun-22,AAC Plant 2,1,500-3,G903 Stator Wheel DC,4,Other (Indirect),45,reading ladle coat on ladle,Casting Process/Equipment,04:00 PM,04:45 PM
28-Jun-22,AAC Plant 2,2,2250-1,946F Crankcase DC,11,Die Change,100,die change carry over,Die Related,05:15 PM,06:55 PM
28-Jun-22,AAC Plant 2,2,2250-1,946F Crankcase DC,11,Die Change,65,setting and hooking up,Die Related,08:00 PM,09:05 PM
28-Jun-22,AAC Plant 2,2,2250-1,946F Crankcase DC,11,N/G Tip or Sleeve Change,225,sleeve and tip change,Casting Process/Equipment,12:15 AM,04:00 AM
28-Jun-22,AAC Plant 2,2,2250-10,G300 TRANSMISSION CASE DC,6,Condition Check Die,15,cond check ls fail leak test,Die Related,09:15 PM,09:30 PM
28-Jun-22,AAC Plant 2,2,2250-2,744 TA HOUSING FWD DC,2,Die Change,0,scheduled die change,Die Related,07:30 PM,10:30 PM
28-Jun-22,AAC Plant 2,2,2250-3,G300 TA HOUSING FWD DC,3,Clean Up,10,over 4sd,Casting Process/Equipment,11:30 PM,11:40 PM
28-Jun-22,AAC Plant 2,2,2250-8,19MY PTO TRANSMISSION CASE DC,3,Die Change,0,scheduled die change,Die Related,12:00 AM,12:50 AM
28-Jun-22,AAC Plant 2,2,2250-9,881 Oil Pan DC,10,Condition Check Die,75,cond check,Die Related,06:35 PM,07:50 PM
28-Jun-22,AAC Plant 2,2,800-1,744K CENTER SUPPORT DC,6,Clean Up,10,carry over ej return process t/o,Casting Process/Equipment,05:15 PM,05:25 PM
29-Jun-22,AAC Plant 2,1,2250-1,946F Crankcase DC,11,Condition Check Die,45,cond check,Die Related,08:10 AM,08:55 AM
29-Jun-22,AAC Plant 2,1,2250-1,946F Crankcase DC,11,Condition Check Die,15,cond check cold shot,Die Related,07:30 AM,07:45 AM
29-Jun-22,AAC Plant 2,1,2250-1,946F Crankcase DC,11,Condition Check Die,70,cond check,Die Related,03:10 PM,04:20 PM
29-Jun-22,AAC Plant 2,1,2250-10,G300 TRANSMISSION CASE DC,6,Other (Indirect),30,side shaker jammed,Casting Process/Equipment,07:45 AM,08:15 AM
29-Jun-22,AAC Plant 2,1,2250-3,G300 TA HOUSING FWD DC,2,Water/Die Lube Supply,155,spray fault,Casting Process/Equipment,11:45 AM,02:20 PM
29-Jun-22,AAC Plant 2,1,2250-4,984F Crankcase DC,3,Water/Die Lube Supply,10,ct over,Casting Process/Equipment,11:30 AM,11:40 AM
29-Jun-22,AAC Plant 2,1,2250-4,984F Crankcase DC,3,Water/Die Lube Supply,15,cycle t/o,Casting Process/Equipment,11:55 AM,12:10 PM
29-Jun-22,AAC Plant 2,1,2250-4,984F Crankcase DC,3,Water/Die Lube Supply,160,c/t over,Casting Process/Equipment,12:20 PM,03:00 PM
29-Jun-22,AAC Plant 2,1,2250-5,G298 TA HOUSING AWD DC,7,Water/Die Lube Supply,100,spray fault,Casting Process/Equipment,12:15 PM,01:55 PM
29-Jun-22,AAC Plant 2,1,2250-8,19MY NONPTO TRANSMISSION CASE DC,1,Water/Die Lube Supply,150,spray fault,Casting Process/Equipment,11:50 AM,02:20 PM
29-Jun-22,AAC Plant 2,1,2250-8,19MY NONPTO TRANSMISSION CASE DC,1,Water/Die Lube Supply,25,spray fault,Casting Process/Equipment,02:50 PM,03:15 PM
29-Jun-22,AAC Plant 2,1,2250-8,19MY NONPTO TRANSMISSION CASE DC,1,Condition Check Die,10,spray fault,Die Related,03:35 PM,03:45 PM
29-Jun-22,AAC Plant 2,1,2250-9,881 Oil Pan DC,10,Other (Indirect),30,shaker backed up,Casting Process/Equipment,07:45 AM,08:15 AM
29-Jun-22,AAC Plant 2,1,500-2,G904 Stator Wheel DC,3,Water/Die Lube Supply,5,ng spray volume,Casting Process/Equipment,06:00 AM,06:05 AM
29-Jun-22,AAC Plant 2,1,800-1,744K CENTER SUPPORT DC,6,Other (Indirect),60,air pressure low,Casting Process/Equipment,05:40 AM,06:40 AM
29-Jun-22,AAC Plant 2,1,800-3,G300 CENTER SUPPORT DC,11,Other (Indirect),66,NG air pressure to building,Casting Process/Equipment,05:44 AM,06:50 AM
29-Jun-22,AAC Plant 2,1,800-3,G300 CENTER SUPPORT DC,9,Condition Check Die,16,cond check,Die Related,01:15 PM,01:31 PM
29-Jun-22,AAC Plant 2,2,1650-1,"103E Oil Pan, No. 1  DC",3,Die Change,0,scheduled die change,Die Related,03:00 AM,04:00 AM
29-Jun-22,AAC Plant 2,2,2250-3,G300 TA HOUSING FWD DC,2,Clean Up,10,over 4s+d,Casting Process/Equipment,11:30 PM,11:40 PM
29-Jun-22,AAC Plant 2,2,2250-7,A467 Adaptor DC,3,Die Change,0,scheduled die change,Die Related,12:45 AM,04:45 AM
29-Jun-22,AAC Plant 2,2,2250-8,19MY NONPTO TRANSMISSION CASE DC,1,Clean Up,30,over 4s+d,Casting Process/Equipment,12:00 AM,12:30 AM
29-Jun-22,AAC Plant 2,2,800-3,G300 CENTER SUPPORT DC,9,Condition Check Die,35,cond check,Die Related,02:10 AM,02:45 AM
29-Jun-22,AAC Plant 2,2,800-3,G300 CENTER SUPPORT DC,9,Die Change,90,die change,Die Related,03:00 AM,04:30 AM
30-Jun-22,AAC Plant 2,1,2250-3,G300 TA HOUSING FWD DC,2,Die Change,140,die change water leak on ms pc pin,Die Related,11:30 AM,01:50 PM
30-Jun-22,AAC Plant 2,1,2250-6,587F Crank Case Stiffening DC,31,Water/Die Lube Supply,10,cooling water flow,Casting Process/Equipment,09:00 AM,09:10 AM
30-Jun-22,AAC Plant 2,1,2250-7,A467 Transmission Housing DC,3,Die Change,0,scheduled die change,Die Related,08:00 AM,08:30 AM
30-Jun-22,AAC Plant 2,1,2250-8,19MY NONPTO TRANSMISSION CASE DC,1,Condition Check Die,5,cond check,Die Related,09:15 AM,09:20 AM
30-Jun-22,AAC Plant 2,1,500-2,B700 V6 Stator Wheel DC,9,Die Change,45,die change to die 10,Die Related,06:30 AM,07:15 AM
30-Jun-22,AAC Plant 2,1,500-2,B700 V6 Stator Wheel DC,9,Die Change,15,scheduled die change carry over setting trim die,Die Related,05:15 AM,05:30 AM
30-Jun-22,AAC Plant 2,1,800-2,G300 CENTER SUPPORT DC,7,Condition Check Machine,23,condition check; water leak,Casting Process/Equipment,08:47 AM,09:10 AM
30-Jun-22,AAC Plant 2,2,500-3,G903 Stator Wheel DC,4,Date Stamp-ID,15,over start,Casting Process/Equipment,05:15 PM,05:30 PM
1-Jul-22,AAC Plant 2,1,2250-1,946F Crankcase DC,11,Other (Indirect),30,carry over set m/s,Casting Process/Equipment,07:30 AM,08:00 AM
1-Jul-22,AAC Plant 2,1,2250-12,BC01 Transmission Case DC,12,Die Change,0,scheduled die change,Die Related,05:00 AM,05:50 AM
1-Jul-22,AAC Plant 2,1,2250-6,587F Crank Case Stiffening DC,31,Die Change,240,die change set 946,Die Related,11:20 AM,03:20 PM
1-Jul-22,AAC Plant 2,1,800-3,G300 CENTER SUPPORT DC,4,Condition Check Die,8,distortion,Die Related,01:13 PM,01:21 PM
1-Jul-22,AAC Plant 2,2,2250-1,946F Crankcase DC,11,Metal Delivery,10,ran low on metal,Casting Process/Equipment,07:25 PM,07:35 PM
1-Jul-22,AAC Plant 2,2,2250-1,946F Crankcase DC,11,Metal Delivery,10,ran low on metal,Casting Process/Equipment,09:45 PM,09:55 PM
1-Jul-22,AAC Plant 2,2,2250-13,G300 TRANSMISSION CASE DC,7,Condition Check Die,15,cond check lamonation qc req,Die Related,08:10 PM,08:15 PM
1-Jul-22,AAC Plant 2,2,2250-13,G300 TRANSMISSION CASE DC,7,Condition Check Die,15,cond check,Die Related,07:00 PM,07:15 PM
1-Jul-22,AAC Plant 2,2,2250-8,984F Crankcase DC,2,Condition Check Die,405,cond check,Die Related,05:15 PM,12:00 AM
1-Jul-22,AAC Plant 2,2,2250-8,984F Crankcase DC,2,Condition Check Die,-405,,,,
2-Jul-22,AAC Plant 2,2,2250-8,984F Crankcase DC,2,Die Change,55,carry over die change,Die Related,05:15 PM,06:10 PM
2-Jul-22,AAC Plant 2,2,2250-8,984F Crankcase DC,2,Other (Indirect),-55,,,,
5-Jul-22,AAC Plant 2,1,1650-1,"103E Oil Pan, No. 1  DC",3,Die Change,0,scheduled die change,Die Related,05:00 AM,07:10 AM
5-Jul-22,AAC Plant 2,1,2250-13,G300 TRANSMISSION CASE DC,7,Metal Delivery,20,out of metal,Casting Process/Equipment,10:20 AM,10:40 AM
5-Jul-22,AAC Plant 2,1,2250-4,946F Crankcase DC,10,Die Change,145,die change broke pin detect ss,Die Related,12:30 PM,02:55 PM
5-Jul-22,AAC Plant 2,1,2250-6,946F Crankcase DC,13,Condition Check Die,10,cond chekc cold shot,Die Related,09:25 AM,09:35 AM
5-Jul-22,AAC Plant 2,1,800-1,744K CENTER SUPPORT DC,6,Condition Check Machine,15,cycle stop,Casting Process/Equipment,08:56 AM,09:12 AM
5-Jul-22,AAC Plant 2,2,2250-10,G300 TRANSMISSION CASE DC,6,Other (Indirect),75,shut down air pressure,Casting Process/Equipment,05:45 PM,07:00 PM
5-Jul-22,AAC Plant 2,2,2250-4,946F Crankcase DC,8,Die Change,10,die changed finished from 4s+d,Die Related,11:35 PM,11:45 PM
5-Jul-22,AAC Plant 2,2,2250-4,946F Crankcase DC,8,Die Change,25,pulled die stuck partial,Die Related,08:10 PM,08:35 PM
5-Jul-22,AAC Plant 2,2,2250-8,984F Crankcase DC,2,Die Change,0,scheduled die change,Die Related,03:00 AM,05:00 AM
5-Jul-22,AAC Plant 2,2,800-3,G300 CENTER SUPPORT DC,8,Other (Indirect),20,building air pressure,Casting Process/Equipment,05:20 PM,05:40 PM
6-Jul-22,AAC Plant 2,1,2250-11,BC01 Transmission Case DC,7,Metal Delivery,15,side shaker jammed,Casting Process/Equipment,06:05 AM,06:20 AM
6-Jul-22,AAC Plant 2,1,2250-12,BC01 Transmission Case DC,12,Metal Delivery,25,side shaker jammed,Casting Process/Equipment,06:05 AM,06:30 AM
6-Jul-22,AAC Plant 2,1,2250-6,946F Crankcase DC,13,Condition Check Die,15,cond check,Die Related,06:55 AM,07:10 AM
6-Jul-22,AAC Plant 2,1,2250-6,946F Crankcase DC,13,Die Change,0,scheduled die change,Die Related,11:40 AM,01:00 PM
6-Jul-22,AAC Plant 2,1,2250-9,881 Oil Pan DC,10,Other (Indirect),15,over start,Casting Process/Equipment,05:15 AM,05:30 AM
6-Jul-22,AAC Plant 2,1,500-2,B700 V6 Stator Wheel DC,10,Condition Check Machine,15,e-stop hit,Casting Process/Equipment,03:05 PM,03:20 PM
6-Jul-22,AAC Plant 2,1,500-3,G903 Stator Wheel DC,4,Date Stamp-ID,20,over start,Casting Process/Equipment,05:15 AM,05:35 AM
6-Jul-22,AAC Plant 2,1,800-2,G300 CENTER SUPPORT DC,7,Die Change,0,scheduled die change,Die Related,05:40 AM,07:00 AM
6-Jul-22,AAC Plant 2,2,2250-1,946F Crankcase DC,11,Die Change,80,die change setting 13,Die Related,11:20 PM,12:40 AM
6-Jul-22,AAC Plant 2,2,500-2,G904 Stator Wheel DC,1,Clean Up,7,tp not going down,Casting Process/Equipment,01:20 AM,01:27 AM
6-Jul-22,AAC Plant 2,2,500-2,G904 Stator Wheel DC,1,Die Change,0,scheduled die change,Die Related,05:15 PM,07:15 PM
6-Jul-22,AAC Plant 2,2,800-1,744K CENTER SUPPORT DC,6,Condition Check Machine,22,cond check,Casting Process/Equipment,02:28 AM,02:50 AM
6-Jul-22,AAC Plant 2,2,800-2,G300 CENTER SUPPORT DC,1,Condition Check Die,6,chunk out ss,Die Related,08:54 PM,09:00 PM
7-Jul-22,AAC Plant 2,1,2250-1,946F Crankcase DC,13,Metal Delivery,15,cycle over ladle,Casting Process/Equipment,02:15 PM,02:30 PM
7-Jul-22,AAC Plant 2,1,2250-1,946F Crankcase DC,13,Other (Indirect),20,over start,Casting Process/Equipment,05:15 AM,05:35 AM
7-Jul-22,AAC Plant 2,1,2250-11,BC01 Transmission Case DC,7,Clean Up,15,over 4s+d,Casting Process/Equipment,11:00 AM,11:15 AM
7-Jul-22,AAC Plant 2,1,2250-12,BC01 Transmission Case DC,12,Die Change,115,die change set die 10,Die Related,01:30 PM,03:25 PM
7-Jul-22,AAC Plant 2,1,2250-13,G300 TRANSMISSION CASE DC,8,Metal Delivery,15,out of metal,Casting Process/Equipment,08:40 AM,08:55 AM
7-Jul-22,AAC Plant 2,1,2250-13,G300 TRANSMISSION CASE DC,8,Metal Delivery,10,out of metal,Casting Process/Equipment,11:18 AM,11:28 AM
7-Jul-22,AAC Plant 2,1,2250-3,G300 TA HOUSING FWD DC,3,Die Change,0,scheduled die change,Die Related,03:00 PM,04:30 PM
7-Jul-22,AAC Plant 2,1,2250-9,881 Oil Pan DC,10,Other (Indirect),10,over start up,Casting Process/Equipment,05:15 AM,05:25 AM
7-Jul-22,AAC Plant 2,1,500-3,G903 Stator Wheel DC,4,Other (Indirect),20,scrap hopper full,Casting Process/Equipment,08:25 AM,08:45 AM
7-Jul-22,AAC Plant 2,2,2250-1,946F Crankcase DC,13,Metal Delivery,10,,Casting Process/Equipment,03:25 AM,03:35 AM
7-Jul-22,AAC Plant 2,2,2250-1,946F Crankcase DC,13,Metal Delivery,35,metal too low,Casting Process/Equipment,05:45 PM,06:20 PM
7-Jul-22,AAC Plant 2,2,2250-3,744 TA HOUSING FWD DC,2,Clean Up,5,over 4s+d,Casting Process/Equipment,10:50 PM,10:55 PM
7-Jul-22,AAC Plant 2,2,2250-3,744 TA HOUSING FWD DC,2,Die Change,0,scheduled die change,Die Related,05:15 PM,05:45 PM
7-Jul-22,AAC Plant 2,2,2250-3,744 TA HOUSING FWD DC,2,Clean Up,-5,,,,
7-Jul-22,AAC Plant 2,2,2250-3,744 TA HOUSING AWD DC,2,Clean Up,5,over 4s+d,Casting Process/Equipment,10:50 PM,10:55 PM
7-Jul-22,AAC Plant 2,2,2250-5,G298 TA HOUSING AWD DC,4,Die Change,55,die change set 6 die chip,Die Related,12:15 AM,01:10 AM
7-Jul-22,AAC Plant 2,2,2250-5,G298 TA HOUSING AWD DC,6,Condition Check Die,15,cond check qc req,Die Related,04:15 AM,04:30 AM
7-Jul-22,AAC Plant 2,2,2250-6,984F Crankcase DC,2,Die Change,245,die change pwc fault,Die Related,06:35 PM,10:40 PM
7-Jul-22,AAC Plant 2,2,500-2,G904 Stator Wheel DC,3,Clean Up,5,tonnage fault,Casting Process/Equipment,08:00 PM,08:05 PM
7-Jul-22,AAC Plant 2,2,500-2,G904 Stator Wheel DC,3,Die Change,0,scheduled die change carry over,Die Related,05:15 PM,07:00 PM
8-Jul-22,AAC Plant 2,1,2250-10,G300 TRANSMISSION CASE DC,5,Condition Check Die,10,cond check,Die Related,02:00 PM,02:10 PM
8-Jul-22,AAC Plant 2,1,2250-12,BC01 Transmission Case DC,10,Metal Delivery,25,out of metal,Casting Process/Equipment,09:55 AM,10:20 AM
8-Jul-22,AAC Plant 2,1,2250-4,946F Crankcase DC,9,Other (Indirect),15,over start no op,Casting Process/Equipment,05:15 AM,05:30 AM
8-Jul-22,AAC Plant 2,1,2250-5,G298 TA HOUSING AWD DC,6,Condition Check Die,15,cond check qc req,Die Related,07:30 AM,07:45 AM
8-Jul-22,AAC Plant 2,1,2250-8,G298 TA HOUSING AWD DC,3,Clean Up,60,chunk out c2 and e-polihs,Casting Process/Equipment,07:55 AM,08:55 AM
8-Jul-22,AAC Plant 2,1,2250-9,881 Oil Pan DC,10,Condition Check Die,20,cond check,Die Related,01:00 PM,01:20 PM
8-Jul-22,AAC Plant 2,1,800-3,G300 CENTER SUPPORT DC,8,Die Change,18,"die change flash between a,b",Die Related,12:52 PM,01:10 PM
8-Jul-22,AAC Plant 2,2,2250-1,946F Crankcase DC,13,Metal Delivery,10,metal too low,Casting Process/Equipment,07:00 PM,07:10 PM
8-Jul-22,AAC Plant 2,2,2250-2,744 TA HOUSING FWD DC,1,Die Change,0,scheduled die change,Die Related,05:15 PM,05:45 PM
8-Jul-22,AAC Plant 2,2,2250-2,744 TA HOUSING FWD DC,1,Metal Delivery,20,metal too low,Casting Process/Equipment,09:25 PM,09:45 PM
8-Jul-22,AAC Plant 2,2,2250-3,744 TA HOUSING AWD DC,1,Die Change,0,scheduled die change,Die Related,05:15 PM,07:00 PM
8-Jul-22,AAC Plant 2,2,2250-3,744 TA HOUSING AWD DC,1,Clean Up,20,over 4s+d,Casting Process/Equipment,11:30 PM,11:50 PM
8-Jul-22,AAC Plant 2,2,2250-8,G298 TA HOUSING AWD DC,3,Die Change,0,scheduled die change,Die Related,03:05 AM,04:30 AM
8-Jul-22,AAC Plant 2,2,2250-8,G298 TA HOUSING AWD DC,3,Clean Up,30,carry over 4s+d,Casting Process/Equipment,12:00 AM,12:30 AM
8-Jul-22,AAC Plant 2,2,800-2,B700 V6 Stator Wheel DC,10,Die Change,0,scheduled die change,Die Related,05:15 PM,07:15 PM
9-Jul-22,AAC Plant 2,1,2250-12,BC01 Transmission Case DC,10,Other (Indirect),10,scrap chute alarm,Casting Process/Equipment,06:05 AM,06:15 AM
9-Jul-22,AAC Plant 2,1,2250-7,587F Crank Case Stiffening DC,29,Die Change,0,scheduled die change,Die Related,03:00 PM,05:00 PM
9-Jul-22,AAC Plant 2,1,2250-8,19MY PTO TRANSMISSION CASE DC,3,Die Change,0,scheduled die change,Die Related,05:15 AM,07:15 AM
9-Jul-22,AAC Plant 2,2,2250-11,BC01 Transmission Case DC,7,Clean Up,180,moving manpowerbroke pin c3,Casting Process/Equipment,05:25 PM,08:25 PM
9-Jul-22,AAC Plant 2,2,2250-11,BC01 Transmission Case DC,7,Clean Up,-180,,,,
9-Jul-22,AAC Plant 2,2,2250-8,19MY PTO TRANSMISSION CASE DC,3,Condition Check Die,55,cond check,Die Related,02:35 AM,03:40 AM
9-Jul-22,AAC Plant 2,2,2250-8,19MY PTO TRANSMISSION CASE DC,3,Condition Check Die,30,cond check die,Die Related,09:10 PM,09:40 PM
9-Jul-22,AAC Plant 2,2,800-3,G300 CENTER SUPPORT DC,9,Clean Up,17,WATER LEAK ON C2,Casting Process/Equipment,06:30 PM,06:47 PM
11-Jul-22,AAC Plant 2,1,2250-10,G300 TRANSMISSION CASE DC,5,Condition Check Die,10,condition check,Die Related,02:00 PM,02:10 PM
11-Jul-22,AAC Plant 2,1,2250-10,G300 TRANSMISSION CASE DC,5,Clean Up,10,over start 4s+d,Casting Process/Equipment,11:25 AM,11:35 AM
11-Jul-22,AAC Plant 2,1,2250-10,G300 TRANSMISSION CASE DC,5,Condition Check Die,-10,,,,
11-Jul-22,AAC Plant 2,1,2250-12,BC01 Transmission Case DC,10,Clean Up,30,over 4s+d,Casting Process/Equipment,01:40 PM,02:10 PM
11-Jul-22,AAC Plant 2,1,2250-13,G300 TRANSMISSION CASE DC,8,Metal Delivery,15,out of metal,Casting Process/Equipment,09:40 AM,09:55 AM
11-Jul-22,AAC Plant 2,1,2250-3,744 TA HOUSING AWD DC,1,Die Change,0,scheduled die change,Die Related,01:00 PM,05:00 PM
11-Jul-22,AAC Plant 2,1,2250-7,A467 Adaptor DC,3,Die Change,0,scheduled die change,Die Related,05:00 AM,07:30 AM
11-Jul-22,AAC Plant 2,1,2250-7,A467 Adaptor DC,3,Condition Check Die,200,condition check cold shot,Die Related,12:40 PM,04:00 PM
11-Jul-22,AAC Plant 2,1,2250-8,19MY PTO TRANSMISSION CASE DC,3,Condition Check Die,15,condition check,Die Related,03:40 PM,03:55 PM
11-Jul-22,AAC Plant 2,1,500-2,B700 V6 Stator Wheel DC,10,Water/Die Lube Supply,45,water flow setting fault ng,Casting Process/Equipment,05:15 AM,06:00 AM
11-Jul-22,AAC Plant 2,2,1650-1,"103E Oil Pan, No. 1  DC",3,Die Change,20,die change for no flow,Die Related,06:45 PM,07:05 PM
11-Jul-22,AAC Plant 2,2,1650-1,"103E Oil Pan, No. 1  DC",3,Die Change,60,die change continued,Die Related,08:00 PM,09:00 PM
11-Jul-22,AAC Plant 2,2,2250-1,946F Crankcase DC,13,Metal Delivery,15,metal too low,Casting Process/Equipment,06:00 PM,06:15 PM
11-Jul-22,AAC Plant 2,2,2250-10,G300 TRANSMISSION CASE DC,5,Die Change,50,die change stuck bolt boss,Die Related,03:40 AM,04:30 AM
11-Jul-22,AAC Plant 2,2,2250-12,BC01 Transmission Case DC,12,Die Change,0,scheduled die chnage,Die Related,05:15 PM,09:00 PM
11-Jul-22,AAC Plant 2,2,2250-12,BC01 Transmission Case DC,12,Die Change,30,die change ej pins out,Die Related,09:20 PM,09:50 PM
11-Jul-22,AAC Plant 2,2,2250-12,BC01 Transmission Case DC,12,Die Change,70,die change setting and hooking up bc01 12,Die Related,01:00 AM,02:10 AM
11-Jul-22,AAC Plant 2,2,2250-13,G300 TRANSMISSION CASE DC,8,Metal Delivery,20,molt metal alarm,Casting Process/Equipment,12:50 AM,01:10 AM
11-Jul-22,AAC Plant 2,2,2250-3,G300 TA HOUSING FWD DC,3,Clean Up,10,over 4s+d,Casting Process/Equipment,01:30 AM,01:40 AM
11-Jul-22,AAC Plant 2,2,2250-8,19MY PTO TRANSMISSION CASE DC,3,Die Change,0,scheduled die change,Die Related,06:30 PM,09:30 PM
11-Jul-22,AAC Plant 2,2,500-2,B700 V6 Stator Wheel DC,9,Die Change,0,scheduled die change,Die Related,05:15 PM,07:00 PM
12-Jul-22,AAC Plant 2,1,1650-1,"103E Oil Pan, No. 1  DC",2,Die Change,0,scheduled die change,Die Related,11:30 AM,02:30 PM
12-Jul-22,AAC Plant 2,1,2250-1,946F Crankcase DC,13,Metal Delivery,10,metal delivery low ladle sensors hit wall,Casting Process/Equipment,05:35 AM,05:45 AM
12-Jul-22,AAC Plant 2,1,2250-10,G300 TRANSMISSION CASE DC,6,Die Change,15,die chnage bolts out of die,Die Related,05:15 AM,05:30 AM
12-Jul-22,AAC Plant 2,1,2250-13,G300 TRANSMISSION CASE DC,8,Metal Delivery,20,out of metal,Casting Process/Equipment,03:25 PM,03:45 PM
12-Jul-22,AAC Plant 2,1,2250-13,G300 TRANSMISSION CASE DC,8,Metal Delivery,20,out of metal,Casting Process/Equipment,11:55 AM,12:15 PM
12-Jul-22,AAC Plant 2,1,2250-13,G300 TRANSMISSION CASE DC,8,Metal Delivery,10,out of metal,Casting Process/Equipment,01:45 PM,01:55 PM
12-Jul-22,AAC Plant 2,1,2250-3,G300 TA HOUSING FWD DC,3,Die Change,55,die change water leak c4,Die Related,11:30 AM,12:25 PM
12-Jul-22,AAC Plant 2,1,2250-8,19MY NONPTO TRANSMISSION CASE DC,1,Metal Delivery,95,cold metal temp,Casting Process/Equipment,01:50 PM,03:25 PM
12-Jul-22,AAC Plant 2,1,2250-8,19MY NONPTO TRANSMISSION CASE DC,1,Clean Up,10,over 4s+d,Casting Process/Equipment,11:30 AM,11:40 AM
12-Jul-22,AAC Plant 2,1,500-2,B700 V6 Stator Wheel DC,9,Other (Indirect),20,waiting on scrap bins,Casting Process/Equipment,04:15 PM,04:35 PM
12-Jul-22,AAC Plant 2,1,500-2,B700 V6 Stator Wheel DC,9,Other (Indirect),10,catcher let scrap hopper go off too long,Casting Process/Equipment,08:45 AM,08:55 AM
12-Jul-22,AAC Plant 2,2,2250-12,BC01 Transmission Case DC,12,Metal Delivery,15,metal too low,Casting Process/Equipment,04:15 AM,04:30 AM
12-Jul-22,AAC Plant 2,2,2250-5,G298 TA HOUSING AWD DC,6,Condition Check Die,20,condition check,Die Related,06:45 PM,07:05 PM
12-Jul-22,AAC Plant 2,2,2250-6,984F Crankcase DC,1,Condition Check Die,30,condition check,Die Related,02:40 AM,03:10 AM
12-Jul-22,AAC Plant 2,2,500-2,B700 V6 Stator Wheel DC,9,Metal Delivery,70,issues in mely,Casting Process/Equipment,10:15 PM,11:25 PM
13-Jul-22,AAC Plant 2,1,2250-8,19MY NONPTO TRANSMISSION CASE DC,1,Metal Delivery,40,ladle fault hitting side furnace,Casting Process/Equipment,07:05 AM,07:45 AM
13-Jul-22,AAC Plant 2,1,500-2,B700 V6 Stator Wheel DC,9,Condition Check Machine,15,scrap hopper full,Casting Process/Equipment,07:45 AM,08:00 AM
13-Jul-22,AAC Plant 2,1,500-2,B700 V6 Stator Wheel DC,9,Clean Up,5,over start,Casting Process/Equipment,05:15 AM,05:20 AM
13-Jul-22,AAC Plant 2,1,500-3,G903 Stator Wheel DC,4,Condition Check Machine,15,photo eye loosew,Casting Process/Equipment,05:15 AM,05:30 AM
13-Jul-22,AAC Plant 2,1,800-1,744K CENTER SUPPORT DC,5,Condition Check Die,20,cond check floor height,Die Related,12:40 PM,01:00 PM
13-Jul-22,AAC Plant 2,1,800-3,G300 CENTER SUPPORT DC,9,Condition Check Machine,2,cycle stop from condition monitor,Casting Process/Equipment,05:58 AM,06:00 AM
13-Jul-22,AAC Plant 2,2,1650-1,881 Oil Pan DC,9,Condition Check Die,20,condition check,Die Related,12:10 AM,12:30 AM
13-Jul-22,AAC Plant 2,2,1650-1,881 Oil Pan DC,9,Condition Check Die,30,cond check,Die Related,08:15 PM,08:45 PM
13-Jul-22,AAC Plant 2,2,2250-11,BC01 Transmission Case DC,7,Die Change,310,die change,Die Related,10:20 PM,03:30 AM
13-Jul-22,AAC Plant 2,2,2250-12,BC01 Transmission Case DC,12,Condition Check Die,10,starting dcm after dm finishing up,Die Related,12:30 AM,12:40 AM
13-Jul-22,AAC Plant 2,2,2250-3,G300 TA HOUSING FWD DC,1,Die Change,0,scheduled die change,Die Related,06:50 PM,10:25 PM
13-Jul-22,AAC Plant 2,2,2250-5,G298 TA HOUSING AWD DC,6,Condition Check Die,20,condition check cold shot,Die Related,03:50 AM,04:10 AM
13-Jul-22,AAC Plant 2,2,2250-7,A467 Transmission Housing DC,3,Die Change,0,scheduled die change,Die Related,03:00 AM,05:00 AM
13-Jul-22,AAC Plant 2,2,2250-8,19MY NONPTO TRANSMISSION CASE DC,1,Die Change,0,scheduled die change,Die Related,11:35 PM,01:20 AM
13-Jul-22,AAC Plant 2,2,500-2,B700 V6 Stator Wheel DC,9,Die Change,0,scheduled die change,Die Related,02:30 AM,04:00 AM
13-Jul-22,AAC Plant 2,2,500-2,B700 V6 Stator Wheel DC,9,Clean Up,15,over start,Casting Process/Equipment,05:15 PM,05:30 PM
13-Jul-22,AAC Plant 2,2,800-1,744K CENTER SUPPORT DC,3,Condition Check Machine,125,condition check die,Casting Process/Equipment,08:30 PM,10:35 PM
13-Jul-22,AAC Plant 2,2,800-1,744K CENTER SUPPORT DC,3,Condition Check Die,6,cond check,Die Related,07:50 PM,07:56 PM
13-Jul-22,AAC Plant 2,2,800-1,744K CENTER SUPPORT DC,3,Die Change,0,scheduled die change,Die Related,05:15 PM,07:15 PM
13-Jul-22,AAC Plant 2,2,800-2,G300 CENTER SUPPORT DC,1,Condition Check Die,5,cond check die,Die Related,03:58 AM,04:03 AM
13-Jul-22,AAC Plant 2,2,800-3,G300 CENTER SUPPORT DC,9,Clean Up,4,bisc no detect,Casting Process/Equipment,05:58 PM,06:02 PM
14-Jul-22,AAC Plant 2,1,1650-1,881 Oil Pan DC,6,Die Change,0,scheduled die change,Die Related,05:00 AM,06:00 AM
14-Jul-22,AAC Plant 2,1,2250-10,G300 TRANSMISSION CASE DC,6,Die Change,45,die change shrinkage cavity,Die Related,02:15 PM,03:00 PM
14-Jul-22,AAC Plant 2,1,2250-11,BC01 Transmission Case DC,11,Date Stamp-ID,5,over start up,Casting Process/Equipment,05:15 AM,05:20 AM
14-Jul-22,AAC Plant 2,1,2250-6,587F Crank Case Stiffening DC,29,Die Change,0,scheduled die change,Die Related,05:00 AM,07:10 AM
14-Jul-22,AAC Plant 2,1,2250-7,A467 Adaptor DC,3,Condition Check Die,25,condition check crack on s/s,Die Related,02:05 PM,02:30 PM
14-Jul-22,AAC Plant 2,1,2250-7,A467 Adaptor DC,3,Die Change,0,scheduled die change,Die Related,05:15 AM,05:45 AM
14-Jul-22,AAC Plant 2,1,2250-8,19MY PTO TRANSMISSION CASE DC,3,Die Change,0,scheduled die change carry over,Die Related,05:00 AM,06:00 AM
14-Jul-22,AAC Plant 2,1,2250-9,881 Oil Pan DC,10,Die Change,135,die change pull 10 set 9,Die Related,01:20 PM,03:45 PM
14-Jul-22,AAC Plant 2,1,800-3,G300 CENTER SUPPORT DC,11,Water/Die Lube Supply,14,tip water supply low,Casting Process/Equipment,12:06 PM,12:20 PM
14-Jul-22,AAC Plant 2,1,800-3,G300 CENTER SUPPORT DC,9,Die Change,44,die change water leak,Die Related,10:51 AM,11:35 AM
14-Jul-22,AAC Plant 2,2,2250-4,946F Crankcase DC,9,Clean Up,5,over 4sd,Casting Process/Equipment,11:25 PM,11:30 PM
14-Jul-22,AAC Plant 2,2,2250-7,A467 Adaptor DC,3,Die Change,0,scheduled die change,Die Related,05:35 PM,06:35 PM
14-Jul-22,AAC Plant 2,2,2250-8,19MY PTO TRANSMISSION CASE DC,3,Condition Check Die,255,condition check cold shot,Die Related,07:45 PM,12:00 AM
14-Jul-22,AAC Plant 2,2,800-2,G300 CENTER SUPPORT DC,1,Die Change,0,scheduled die change o-ring,Die Related,07:10 PM,09:00 PM
14-Jul-22,AAC Plant 2,2,800-2,G300 CENTER SUPPORT DC,8,Other (Indirect),15,metal hardened in ladle,Casting Process/Equipment,11:55 PM,12:10 AM
15-Jul-22,AAC Plant 2,1,1650-1,881 Oil Pan DC,6,Die Change,0,scheduled die chnagfe,Die Related,03:00 PM,05:00 PM
15-Jul-22,AAC Plant 2,1,2250-12,BC01 Transmission Case DC,12,Clean Up,10,vac fault sensor break alarm,Casting Process/Equipment,01:50 PM,02:00 PM
15-Jul-22,AAC Plant 2,1,2250-3,G300 TA HOUSING FWD DC,1,Die Change,0,scheduled die change,Die Related,11:30 AM,01:40 PM
15-Jul-22,AAC Plant 2,1,800-1,744K CENTER SUPPORT DC,3,Condition Check Die,10,flash in flow windows,Die Related,11:05 AM,11:15 AM
15-Jul-22,AAC Plant 2,1,800-2,G300 CENTER SUPPORT DC,8,Other (Indirect),20,laser etch move,Casting Process/Equipment,11:00 AM,11:20 AM
15-Jul-22,AAC Plant 2,1,800-3,G300 CENTER SUPPORT DC,11,Other (Indirect),27,low ej pinc,Casting Process/Equipment,11:50 AM,12:17 PM
15-Jul-22,AAC Plant 2,2,2250-1,946F Crankcase DC,13,Metal Delivery,10,low metal,Casting Process/Equipment,05:35 PM,05:45 PM
15-Jul-22,AAC Plant 2,2,2250-1,946F Crankcase DC,13,Metal Delivery,20,low metal,Casting Process/Equipment,08:45 PM,09:05 PM
15-Jul-22,AAC Plant 2,2,2250-10,G300 TRANSMISSION CASE DC,1,Condition Check Die,60,condition check,Die Related,08:30 PM,09:30 PM
15-Jul-22,AAC Plant 2,2,2250-11,BC01 Transmission Case DC,7,Die Change,0,scheduled die change,Die Related,03:30 AM,04:00 AM
15-Jul-22,AAC Plant 2,2,2250-3,744 TA HOUSING FWD DC,3,Die Change,0,scheduled die change,Die Related,03:30 AM,04:45 AM
15-Jul-22,AAC Plant 2,2,2250-3,744 TA HOUSING FWD DC,3,Condition Check Die,70,condition check,Die Related,08:50 PM,10:00 PM
15-Jul-22,AAC Plant 2,2,2250-6,587F Crank Case Stiffening DC,29,Die Change,0,scheduled die change,Die Related,11:00 PM,12:30 AM
15-Jul-22,AAC Plant 2,2,800-1,744K CENTER SUPPORT DC,6,Die Change,0,scheduled die change,Die Related,05:15 PM,07:10 PM
18-Jul-22,AAC Plant 2,1,2250-10,G300 TRANSMISSION CASE DC,1,Die Change,0,scheduled die change,Die Related,05:00 AM,07:25 AM
18-Jul-22,AAC Plant 2,1,2250-7,A467 Adaptor DC,3,Die Change,0,scheduled die change,Die Related,05:00 AM,12:00 PM
18-Jul-22,AAC Plant 2,1,2250-8,19MY PTO TRANSMISSION CASE DC,3,Condition Check Die,10,condition check/ lamination,Die Related,07:25 AM,07:35 AM
18-Jul-22,AAC Plant 2,1,2250-8,19MY PTO TRANSMISSION CASE DC,3,Die Change,0,scheduled die change,Die Related,05:15 AM,06:25 AM
18-Jul-22,AAC Plant 2,1,800-2,G300 CENTER SUPPORT DC,8,Metal Delivery,25,cold metak,Casting Process/Equipment,11:30 AM,11:55 AM
18-Jul-22,AAC Plant 2,1,800-2,G300 CENTER SUPPORT DC,8,Metal Delivery,35,cold metal,Casting Process/Equipment,12:00 PM,12:35 PM
18-Jul-22,AAC Plant 2,2,2250-1,946F Crankcase DC,11,Metal Delivery,10,metal too low,Casting Process/Equipment,12:50 AM,01:00 AM
18-Jul-22,AAC Plant 2,2,2250-1,946F Crankcase DC,13,Die Change,0,die change carry over,Die Related,05:15 PM,06:30 PM
18-Jul-22,AAC Plant 2,2,2250-1,946F Crankcase DC,13,Die Change,105,die change waiting on 946cc-11,Die Related,07:55 PM,09:40 PM
18-Jul-22,AAC Plant 2,2,2250-4,946F Crankcase DC,9,Clean Up,15,over 4s+d,Casting Process/Equipment,11:25 PM,11:40 PM
18-Jul-22,AAC Plant 2,2,2250-9,881 Oil Pan DC,10,Die Change,50,qc req shut down,Die Related,11:55 PM,12:45 AM
18-Jul-22,AAC Plant 2,2,2250-9,881 Oil Pan DC,9,Die Change,105,broke metal saver,Die Related,09:35 PM,11:20 PM
19-Jul-22,AAC Plant 2,1,2250-8,19MY PTO TRANSMISSION CASE DC,6,N/G Tip or Sleeve Change,40,stuck partial c2,Casting Process/Equipment,03:50 PM,04:30 PM
19-Jul-22,AAC Plant 2,2,2250-8,19MY PTO TRANSMISSION CASE DC,3,Metal Delivery,10,dcm fault out of metal,Casting Process/Equipment,04:30 AM,04:40 AM
19-Jul-22,AAC Plant 2,2,2250-8,19MY PTO TRANSMISSION CASE DC,3,Metal Delivery,15,dcm fault out of metal,Casting Process/Equipment,03:05 AM,03:20 AM
20-Jul-22,AAC Plant 2,1,2250-7,A467 Adaptor DC,3,Condition Check Die,10,cond check oil on parts,Die Related,09:10 AM,09:20 AM
24-Jul-22,AAC Plant 2,2,2250-1,946F Crankcase DC,8,Metal Delivery,10,metal too low,Casting Process/Equipment,07:00 PM,07:10 PM
24-Jul-22,AAC Plant 2,2,2250-1,946F Crankcase DC,8,Metal Delivery,10,metal too low,Casting Process/Equipment,09:10 PM,09:20 PM
24-Jul-22,AAC Plant 2,2,2250-1,946F Crankcase DC,8,Metal Delivery,20,metal too low,Casting Process/Equipment,02:10 AM,02:30 AM
24-Jul-22,AAC Plant 2,2,2250-11,BC01 Transmission Case DC,7,Die Change,0,sched die change,Die Related,05:15 PM,11:20 PM
24-Jul-22,AAC Plant 2,2,2250-5,G298 TA HOUSING AWD DC,6,Condition Check Die,15,cond check,Die Related,02:50 AM,03:05 AM
24-Jul-22,AAC Plant 2,2,2250-8,19MY PTO TRANSMISSION CASE DC,3,Condition Check Die,25,cond check leak,Die Related,08:20 PM,08:45 PM
24-Jul-22,AAC Plant 2,2,800-2,G300 CENTER SUPPORT DC,8,Clean Up,5,cycle over,Casting Process/Equipment,01:35 AM,01:40 AM
25-Jul-22,AAC Plant 2,1,2250-1,946F Crankcase DC,8,Metal Delivery,10,out of metal,Casting Process/Equipment,07:20 AM,07:30 AM
25-Jul-22,AAC Plant 2,1,2250-1,946F Crankcase DC,8,Metal Delivery,10,out of metal,Casting Process/Equipment,07:55 PM,08:05 PM
25-Jul-22,AAC Plant 2,1,800-2,G300 CENTER SUPPORT DC,8,Other (Indirect),26,s/b broke bolt,Casting Process/Equipment,06:42 AM,07:08 AM
25-Jul-22,AAC Plant 2,2,2250-1,946F Crankcase DC,8,Die Change,10,ct over b/u on furnace,Die Related,05:45 PM,05:55 PM
25-Jul-22,AAC Plant 2,2,2250-1,946F Crankcase DC,8,Condition Check Die,15,cond check,Die Related,06:40 PM,06:55 PM
25-Jul-22,AAC Plant 2,2,2250-5,G300 TA HOUSING FWD DC,3,Die Change,0,scheduled die change,Die Related,05:15 PM,07:20 PM
25-Jul-22,AAC Plant 2,2,2250-7,A467 Transmission Housing DC,3,Die Change,0,scheduled die chnage,Die Related,05:15 PM,08:00 PM
26-Jul-22,AAC Plant 2,1,2250-1,946F Crankcase DC,8,Condition Check Die,20,condition check ng cold shot on parts,Die Related,12:30 PM,12:50 PM
26-Jul-22,AAC Plant 2,1,2250-1,946F Crankcase DC,8,Die Change,40,die change hyd leak,Die Related,12:50 PM,01:10 PM
26-Jul-22,AAC Plant 2,1,2250-10,G300 TRANSMISSION CASE DC,5,Condition Check Die,20,cond check,Die Related,01:50 PM,02:10 PM
26-Jul-22,AAC Plant 2,1,2250-3,744 TA HOUSING AWD DC,1,Condition Check Die,25,,Die Related,09:00 AM,09:25 AM
26-Jul-22,AAC Plant 2,1,2250-5,G300 TA HOUSING FWD DC,3,Die Change,120,die change leakin m/s,Die Related,10:30 AM,01:30 PM
26-Jul-22,AAC Plant 2,1,2250-7,A467 Transmission Housing DC,3,Die Change,0,scheduled die change,Die Related,03:00 PM,05:00 PM
26-Jul-22,AAC Plant 2,1,500-2,B700 V6 Stator Wheel DC,10,Die Change,0,scheduled die change,Die Related,03:00 PM,04:00 PM
26-Jul-22,AAC Plant 2,1,800-3,G300 CENTER SUPPORT DC,11,Die Change,57,bisc broke off,Die Related,12:05 PM,01:02 PM
26-Jul-22,AAC Plant 2,1,800-3,G300 CENTER SUPPORT DC,11,Condition Check Die,10,cond check broke cones,Die Related,09:38 AM,09:48 AM
26-Jul-22,AAC Plant 2,2,2250-1,946F Crankcase DC,13,Die Change,120,die change,Die Related,07:10 PM,09:10 PM
26-Jul-22,AAC Plant 2,2,2250-3,744 TA HOUSING AWD DC,1,Die Change,0,scheduled die change,Die Related,04:00 AM,04:45 AM
26-Jul-22,AAC Plant 2,2,2250-4,946F Crankcase DC,9,Clean Up,5,over start,Casting Process/Equipment,11:25 PM,11:30 PM
26-Jul-22,AAC Plant 2,2,500-2,G904 Stator Wheel DC,3,Die Change,0,scheduled die change,Die Related,05:15 PM,06:00 PM
26-Jul-22,AAC Plant 2,2,500-3,G903 Stator Wheel DC,3,N/G Tip or Sleeve Change,45,ng tip,Casting Process/Equipment,12:00 AM,12:45 AM
27-Jul-22,AAC Plant 2,1,2250-10,G300 TRANSMISSION CASE DC,5,Condition Check Die,20,condition check die,Die Related,07:20 AM,07:40 AM
27-Jul-22,AAC Plant 2,1,2250-10,G300 TRANSMISSION CASE DC,5,Die Change,60,die change,Die Related,09:30 AM,10:30 AM
27-Jul-22,AAC Plant 2,1,2250-10,G300 TRANSMISSION CASE DC,6,N/G Tip or Sleeve Change,95,sleeve crack leaking,Casting Process/Equipment,02:55 PM,04:30 PM
27-Jul-22,AAC Plant 2,1,2250-12,BC01 Transmission Case DC,12,Clean Up,15,over 4s+d,Casting Process/Equipment,02:00 PM,02:15 PM
27-Jul-22,AAC Plant 2,1,2250-13,G300 TRANSMISSION CASE DC,8,Metal Delivery,20,out of metal,Casting Process/Equipment,01:30 PM,01:50 PM
27-Jul-22,AAC Plant 2,1,2250-13,G300 TRANSMISSION CASE DC,8,Metal Delivery,15,out of metal,Casting Process/Equipment,03:25 PM,03:40 PM
27-Jul-22,AAC Plant 2,1,2250-13,G300 TRANSMISSION CASE DC,9,Condition Check Die,45,cond check,Die Related,10:15 AM,11:00 AM
27-Jul-22,AAC Plant 2,1,2250-13,G300 TRANSMISSION CASE DC,9,Die Change,60,die change,Die Related,11:00 AM,12:00 PM
27-Jul-22,AAC Plant 2,1,2250-13,G300 TRANSMISSION CASE DC,9,Metal Delivery,20,out of metal,Casting Process/Equipment,08:15 AM,08:35 AM
27-Jul-22,AAC Plant 2,1,2250-2,744 TA HOUSING FWD DC,1,Die Change,50,die change leaking insert m/s,Die Related,11:30 AM,12:20 PM
27-Jul-22,AAC Plant 2,1,2250-5,G300 TA HOUSING FWD DC,4,Die Change,0,scheduled die change,Die Related,04:00 PM,05:00 PM
27-Jul-22,AAC Plant 2,1,2250-6,984F Crankcase DC,1,Condition Check Die,30,cond check,Die Related,06:00 AM,06:30 AM
27-Jul-22,AAC Plant 2,1,2250-7,A467 Transmission Housing DC,3,Die Change,0,scheduled die change,Die Related,05:00 AM,10:00 AM
27-Jul-22,AAC Plant 2,1,2250-8,19MY PTO TRANSMISSION CASE DC,3,Die Change,0,scheduled die chnage,Die Related,03:00 PM,05:00 PM
27-Jul-22,AAC Plant 2,1,500-3,G903 Stator Wheel DC,4,Metal Delivery,10,ladle process time over 6,Casting Process/Equipment,10:00 AM,10:10 AM
27-Jul-22,AAC Plant 2,2,2250-1,946F Crankcase DC,11,Metal Delivery,15,metal too low,Casting Process/Equipment,09:40 PM,09:55 PM
27-Jul-22,AAC Plant 2,2,2250-11,BC01 Transmission Case DC,13,Die Change,0,scheduled die change,Die Related,05:15 PM,07:25 PM
27-Jul-22,AAC Plant 2,2,2250-11,BC01 Transmission Case DC,13,Die Change,390,die change,Die Related,07:45 PM,02:15 AM
27-Jul-22,AAC Plant 2,2,2250-12,BC01 Transmission Case DC,12,Condition Check Die,30,cond check,Die Related,07:50 PM,08:20 PM
27-Jul-22,AAC Plant 2,2,2250-12,BC01 Transmission Case DC,12,Clean Up,10,clean up deck,Casting Process/Equipment,05:15 PM,05:25 PM
27-Jul-22,AAC Plant 2,2,2250-5,G298 TA HOUSING AWD DC,7,Die Change,0,scheduled die change,Die Related,05:15 PM,06:20 PM
27-Jul-22,AAC Plant 2,2,2250-5,G298 TA HOUSING AWD DC,7,Condition Check Die,15,condition check qc req,Die Related,02:30 AM,02:45 AM
28-Jul-22,AAC Plant 2,1,1650-1,"103E Oil Pan, No. 1  DC",1,Die Change,0,scheduled die change,Die Related,10:30 AM,02:00 PM
28-Jul-22,AAC Plant 2,1,2250-10,G300 TRANSMISSION CASE DC,6,Condition Check Die,60,condition check 2/3 leakers c2,Die Related,01:30 PM,02:30 PM
28-Jul-22,AAC Plant 2,1,2250-11,BC01 Transmission Case DC,11,Condition Check Die,20,cond check,Die Related,01:00 PM,01:20 PM
28-Jul-22,AAC Plant 2,1,2250-2,744 TA HOUSING FWD DC,2,Condition Check Die,10,shut down developer check,Die Related,10:30 AM,10:40 AM
28-Jul-22,AAC Plant 2,1,2250-3,G298 TA HOUSING AWD DC,3,Die Change,0,scheduled die change set 744,Die Related,11:30 AM,01:40 PM
28-Jul-22,AAC Plant 2,1,2250-8,A467 Transmission Case DC,3,Die Change,0,scheduled die change,Die Related,05:15 AM,07:30 AM
28-Jul-22,AAC Plant 2,1,2250-9,881 Oil Pan DC,10,Metal Delivery,5,low metal,Casting Process/Equipment,01:15 PM,01:20 PM
28-Jul-22,AAC Plant 2,1,500-2,G904 Stator Wheel DC,3,Condition Check Die,40,cond check die,Die Related,07:00 AM,07:40 AM
28-Jul-22,AAC Plant 2,2,2250-6,587F Crank Case Stiffening DC,29,Die Change,0,scheduled die change,Die Related,05:15 PM,06:35 PM
28-Jul-22,AAC Plant 2,2,2250-8,19MY NONPTO TRANSMISSION CASE DC,1,Die Change,0,scheduled die change,Die Related,05:15 PM,07:50 PM
29-Jul-22,AAC Plant 2,1,2250-13,G300 TRANSMISSION CASE DC,8,Metal Delivery,15,out of metal,Casting Process/Equipment,11:20 AM,11:35 AM
29-Jul-22,AAC Plant 2,1,2250-5,G298 TA HOUSING AWD DC,7,Condition Check Die,10,cond check,Die Related,07:15 AM,07:25 AM
29-Jul-22,AAC Plant 2,1,2250-8,19MY PTO TRANSMISSION CASE DC,3,Die Change,0,scheduled die change,Die Related,05:15 AM,07:15 AM
29-Jul-22,AAC Plant 2,2,2250-13,G300 TRANSMISSION CASE DC,8,Die Change,35,die change broke core pin #8 m/s main core,Die Related,02:55 AM,03:30 AM
29-Jul-22,AAC Plant 2,2,500-2,B700 V6 Stator Wheel DC,10,Die Change,0,scheduled die change,Die Related,05:15 PM,07:15 PM
30-Jul-22,AAC Plant 2,1,2250-4,946F Crankcase DC,9,Date Stamp-ID,15,date stamp,Casting Process/Equipment,06:45 AM,07:00 AM
30-Jul-22,AAC Plant 2,1,2250-8,G298 TA HOUSING AWD DC,3,Die Change,0,scheduled die chnage,Die Related,05:15 AM,07:30 AM
30-Jul-22,AAC Plant 2,1,2250-8,G298 TA HOUSING AWD DC,3,Condition Check Die,10,cond check per customer,Die Related,11:00 AM,11:10 AM
30-Jul-22,AAC Plant 2,1,800-2,744K CENTER SUPPORT DC,3,Condition Check Machine,28,lube oil low,Casting Process/Equipment,04:02 PM,04:30 PM
30-Jul-22,AAC Plant 2,2,2250-10,G300 TRANSMISSION CASE DC,6,Die Change,35,carry over die change from 4s+d broke pin,Die Related,10:30 PM,11:05 PM
30-Jul-22,AAC Plant 2,2,2250-3,G300 TA HOUSING FWD DC,3,Die Change,0,scheduled die change,Die Related,05:15 PM,12:00 AM
30-Jul-22,AAC Plant 2,2,2250-8,G298 TA HOUSING AWD DC,6,Die Change,0,sched die change,Die Related,05:15 PM,12:10 AM
30-Jul-22,AAC Plant 2,2,800-2,744K CENTER SUPPORT DC,3,Metal Delivery,60,metal temp low,Casting Process/Equipment,12:35 AM,01:35 AM
31-Jul-22,AAC Plant 2,1,800-1,744K CENTER SUPPORT DC,6,Condition Check Die,30,cond check broke cone,Die Related,04:00 PM,04:30 PM
31-Jul-22,AAC Plant 2,1,800-2,744K CENTER SUPPORT DC,3,Condition Check Die,30,cond check die,Die Related,04:00 PM,04:30 PM
31-Jul-22,AAC Plant 2,1,800-3,G300 CENTER SUPPORT DC,7,Water/Die Lube Supply,20,lube oil low,Casting Process/Equipment,11:22 AM,11:44 AM
31-Jul-22,AAC Plant 2,2,2250-5,G298 TA HOUSING AWD DC,7,Other (Indirect),25,start prod broke pin,Casting Process/Equipment,05:15 PM,05:40 PM
31-Jul-22,AAC Plant 2,2,800-2,744K CENTER SUPPORT DC,3,Die Change,0,scheduled die change,Die Related,03:00 AM,05:00 AM
31-Jul-22,AAC Plant 2,2,800-3,G300 CENTER SUPPORT DC,7,Clean Up,30,cleaning die,Casting Process/Equipment,02:30 AM,03:00 AM
1-Aug-22,AAC Plant 2,1,2250-3,G300 TA HOUSING FWD DC,2,Other (Indirect),10,shut down/ getting cable to do die change/ no cables in stock cage,Casting Process/Equipment,06:00 AM,06:10 AM
1-Aug-22,AAC Plant 2,1,2250-9,881 Oil Pan DC,10,Condition Check Machine,65,water leak behind die,Casting Process/Equipment,06:20 AM,07:25 AM
1-Aug-22,AAC Plant 2,1,2250-9,881 Oil Pan DC,10,Condition Check Machine,10,prime tip lube,Casting Process/Equipment,05:45 AM,05:55 AM
1-Aug-22,AAC Plant 2,1,2250-9,881 Oil Pan DC,10,Condition Check Die,140,cold shot; found leaking pin on m/s,Die Related,02:00 PM,04:20 PM
1-Aug-22,AAC Plant 2,1,500-3,G903 Stator Wheel DC,4,Other (Indirect),30,running prep,Casting Process/Equipment,05:15 AM,05:45 AM
1-Aug-22,AAC Plant 2,1,800-1,744K CENTER SUPPORT DC,6,Condition Check Die,21,cold shot on bearing boss,Casting Process/Equipment,05:52 AM,06:13 AM
1-Aug-22,AAC Plant 2,2,2250-3,G300 TA HOUSING FWD DC,4,Condition Check Die,10,no leaks,Die Related,09:30 PM,09:40 PM
1-Aug-22,AAC Plant 2,2,800-1,744K CENTER SUPPORT DC,6,Condition Check Machine,10,por in bearing boss,Casting Process/Equipment,09:50 PM,10:00 PM
2-Aug-22,AAC Plant 2,1,2250-7,A467 Transmission Housing DC,3,Date Stamp-ID,10,wrong month stamp,Casting Process/Equipment,07:45 AM,07:55 AM
2-Aug-22,AAC Plant 2,1,2250-7,A467 Transmission Housing DC,3,Die Change,0,schedu die change,Die Related,05:15 AM,07:00 AM
2-Aug-22,AAC Plant 2,1,800-1,744K CENTER SUPPORT DC,6,Condition Check Machine,13,bisc drop alarm,Casting Process/Equipment,08:18 AM,08:31 AM
2-Aug-22,AAC Plant 2,1,800-1,744K CENTER SUPPORT DC,6,Other (Indirect),15,running prep,Casting Process/Equipment,05:15 AM,05:30 AM
2-Aug-22,AAC Plant 2,1,800-1,744K CENTER SUPPORT DC,6,Condition Check Die,45,cond check,Die Related,03:15 AM,07:00 AM
2-Aug-22,AAC Plant 2,1,800-1,744K CENTER SUPPORT DC,6,Condition Check Machine,6,bisc drop detect,Casting Process/Equipment,07:12 AM,07:18 AM
2-Aug-22,AAC Plant 2,1,800-1,G300 CENTER SUPPORT DC,9,Other (Indirect),15,running prep,Casting Process/Equipment,05:15 AM,05:30 AM
2-Aug-22,AAC Plant 2,1,800-1,G300 CENTER SUPPORT DC,9,Other (Indirect),-15,,,,
2-Aug-22,AAC Plant 2,1,800-2,G300 CENTER SUPPORT DC,9,Other (Indirect),15,running prep,Casting Process/Equipment,05:15 AM,05:30 AM
2-Aug-22,AAC Plant 2,1,800-3,G300 CENTER SUPPORT DC,7,Condition Check Die,8,cold shot,Die Related,06:00 AM,06:08 AM
2-Aug-22,AAC Plant 2,2,1650-1,881 Oil Pan DC,9,Condition Check Die,75,cond check,Die Related,01:45 AM,03:00 AM
2-Aug-22,AAC Plant 2,2,2250-3,G300 TA HOUSING FWD DC,4,Die Change,0,sched die change,Die Related,03:00 AM,05:00 AM
2-Aug-22,AAC Plant 2,2,2250-3,G300 TA HOUSING FWD DC,4,Metal Delivery,10,no metal,Casting Process/Equipment,07:50 PM,08:00 PM
2-Aug-22,AAC Plant 2,2,2250-5,G298 TA HOUSING AWD DC,7,Die Change,65,die change,Die Related,08:10 PM,09:15 PM
2-Aug-22,AAC Plant 2,2,2250-8,19MY NONPTO TRANSMISSION CASE DC,1,Die Change,0,sched die change,Die Related,05:15 PM,09:00 PM
2-Aug-22,AAC Plant 2,2,800-3,G300 CENTER SUPPORT DC,7,Condition Check Machine,18,cond check,Casting Process/Equipment,03:26 AM,03:44 AM
3-Aug-22,AAC Plant 2,1,2250-10,G300 TRANSMISSION CASE DC,3,Condition Check Die,30,cond check,Die Related,08:50 AM,09:20 AM
3-Aug-22,AAC Plant 2,1,2250-11,BC01 Transmission Case DC,11,Date Stamp-ID,30,carry over prev shift,Casting Process/Equipment,05:00 AM,05:30 AM
3-Aug-22,AAC Plant 2,1,2250-13,G300 TRANSMISSION CASE DC,7,Metal Delivery,10,out of metal,Casting Process/Equipment,10:30 AM,10:40 AM
3-Aug-22,AAC Plant 2,1,2250-6,984F Crankcase DC,1,Die Change,0,sched die chnage,Die Related,05:00 AM,07:00 AM
3-Aug-22,AAC Plant 2,1,2250-9,881 Oil Pan DC,8,Metal Delivery,10,ladle fault hit side wall on furnace,Casting Process/Equipment,10:20 AM,10:30 AM
3-Aug-22,AAC Plant 2,1,800-2,G300 CENTER SUPPORT DC,9,Other (Indirect),15,running prep,Casting Process/Equipment,05:15 AM,05:30 AM
3-Aug-22,AAC Plant 2,2,1650-1,"103E Oil Pan, No. 1  DC",1,Condition Check Die,15,cond check oil on parts,Die Related,07:50 PM,08:05 PM
3-Aug-22,AAC Plant 2,2,2250-10,G300 TRANSMISSION CASE DC,3,Clean Up,255,carry over,Casting Process/Equipment,05:15 PM,09:30 PM
3-Aug-22,AAC Plant 2,2,2250-2,744 TA HOUSING FWD DC,2,Clean Up,15,clean belly pan,Casting Process/Equipment,05:15 PM,05:30 PM
3-Aug-22,AAC Plant 2,2,2250-6,984F Crankcase DC,1,N/G Tip or Sleeve Change,115,carry over tip/sleeve change,Casting Process/Equipment,05:15 PM,07:10 PM
3-Aug-22,AAC Plant 2,2,2250-7,A467 Extension Housing DC,1,Die Change,0,scheduled die change,Die Related,03:00 AM,05:00 AM
3-Aug-22,AAC Plant 2,2,800-1,744K CENTER SUPPORT DC,5,Condition Check Machine,10,cond check,Casting Process/Equipment,03:45 AM,03:55 AM
3-Aug-22,AAC Plant 2,2,800-1,744K CENTER SUPPORT DC,6,Die Change,82,die change die chips,Die Related,05:30 PM,06:52 PM
3-Aug-22,AAC Plant 2,2,800-3,G300 CENTER SUPPORT DC,7,Other (Indirect),15,prep,Casting Process/Equipment,05:15 AM,05:30 AM
4-Aug-22,AAC Plant 2,1,2250-7,587F Crank Case Stiffening DC,29,Die Change,0,scheduled die change,Die Related,05:00 AM,06:00 AM
4-Aug-22,AAC Plant 2,1,2250-8,19MY NONPTO TRANSMISSION CASE DC,1,Die Change,0,scheduled die change,Die Related,03:00 PM,05:00 PM
4-Aug-22,AAC Plant 2,1,800-1,744K CENTER SUPPORT DC,5,Condition Check Machine,27,cond check,Casting Process/Equipment,12:38 PM,01:05 PM
4-Aug-22,AAC Plant 2,1,800-1,744K CENTER SUPPORT DC,5,Condition Check Machine,6,bisc drop alarm,Casting Process/Equipment,08:08 AM,08:14 AM
4-Aug-22,AAC Plant 2,2,2250-1,946F Crankcase DC,13,Metal Delivery,15,metal too low,Casting Process/Equipment,06:05 PM,06:25 PM
4-Aug-22,AAC Plant 2,2,2250-10,G300 TRANSMISSION CASE DC,5,Ladle-ID,155,chanhing ladle,Casting Process/Equipment,05:15 PM,07:50 PM
4-Aug-22,AAC Plant 2,2,2250-11,BC01 Transmission Case DC,11,Metal Delivery,10,ulr fault low metal,Casting Process/Equipment,08:55 PM,09:05 PM
4-Aug-22,AAC Plant 2,2,2250-13,G300 TRANSMISSION CASE DC,7,Die Change,60,die change,Die Related,01:20 AM,02:20 AM
4-Aug-22,AAC Plant 2,2,2250-13,G300 TRANSMISSION CASE DC,7,Condition Check Die,10,cpnd check,Die Related,11:30 PM,11:40 PM
4-Aug-22,AAC Plant 2,2,2250-13,G300 TRANSMISSION CASE DC,7,Die Change,30,die change,Die Related,12:50 AM,01:20 AM
4-Aug-22,AAC Plant 2,2,2250-2,744 TA HOUSING FWD DC,2,Die Change,165,die chip m/s chuck out s/s pin,Die Related,12:20 AM,03:05 AM
4-Aug-22,AAC Plant 2,2,2250-3,744 TA HOUSING AWD DC,1,Die Change,0,scheduled die change,Die Related,04:00 AM,04:45 AM
4-Aug-22,AAC Plant 2,2,800-1,744K CENTER SUPPORT DC,5,Condition Check Die,15,cond check,Die Related,08:45 PM,09:00 PM
4-Aug-22,AAC Plant 2,2,800-1,744K CENTER SUPPORT DC,5,Condition Check Die,10,cond check,Die Related,10:54 PM,11:04 PM
4-Aug-22,AAC Plant 2,2,800-1,744K CENTER SUPPORT DC,5,Condition Check Die,10,cond check,Die Related,04:20 AM,04:30 AM
5-Aug-22,AAC Plant 2,1,2250-4,946F Crankcase DC,9,Condition Check Die,15,cold shut,Die Related,05:45 AM,06:00 AM
5-Aug-22,AAC Plant 2,1,500-2,B700 V6 Stator Wheel DC,10,Other (Indirect),15,running prep,Casting Process/Equipment,05:15 AM,05:30 AM
5-Aug-22,AAC Plant 2,1,500-3,G903 Stator Wheel DC,4,Condition Check Die,15,cond check,Die Related,10:30 AM,10:45 AM
7-Aug-22,AAC Plant 2,1,800-1,744K CENTER SUPPORT DC,5,Condition Check Die,15,bisc no fall,Die Related,02:15 PM,02:30 PM
7-Aug-22,AAC Plant 2,1,800-1,744K CENTER SUPPORT DC,5,Condition Check Die,20,bisc no fall,Die Related,03:00 PM,03:20 PM
7-Aug-22,AAC Plant 2,1,800-1,744K CENTER SUPPORT DC,5,Condition Check Die,15,shot fault,Die Related,08:50 AM,09:05 AM
7-Aug-22,AAC Plant 2,1,800-1,744K CENTER SUPPORT DC,5,Condition Check Die,20,bisc no fall,Die Related,07:30 AM,07:50 AM
7-Aug-22,AAC Plant 2,1,800-1,744K CENTER SUPPORT DC,5,Condition Check Die,15,bisc no fall,Die Related,05:35 AM,05:50 AM
7-Aug-22,AAC Plant 2,2,500-3,G903 Stator Wheel DC,4,Clean Up,5,start up,Casting Process/Equipment,12:00 AM,12:05 AM
7-Aug-22,AAC Plant 2,2,800-3,G300 CENTER SUPPORT DC,7,Condition Check Die,18,shut down for cond,Die Related,08:42 PM,09:00 PM
7-Aug-22,AAC Plant 2,2,800-3,G300 CENTER SUPPORT DC,7,Die Change,45,die change /emerg.,Die Related,09:00 PM,09:45 AM
8-Aug-22,AAC Plant 2,1,2250-10,G300 TRANSMISSION CASE DC,5,Date Stamp-ID,15,over start,Casting Process/Equipment,05:15 AM,05:30 AM
8-Aug-22,AAC Plant 2,1,2250-3,G300 TA HOUSING FWD DC,4,Other (Indirect),25,over start,Casting Process/Equipment,05:15 AM,05:40 AM
8-Aug-22,AAC Plant 2,1,2250-4,946F Crankcase DC,8,Condition Check Die,15,cond check qc req,Die Related,09:20 AM,09:35 AM
8-Aug-22,AAC Plant 2,1,2250-7,A467 Transmission Housing DC,3,Date Stamp-ID,30,monday start up,Casting Process/Equipment,05:15 AM,05:45 AM
8-Aug-22,AAC Plant 2,1,2250-8,984F Crankcase DC,1,Die Change,0,schedule die change,Die Related,05:15 AM,06:40 AM
8-Aug-22,AAC Plant 2,1,500-2,G904 Stator Wheel DC,1,Date Stamp-ID,35,run prep,Casting Process/Equipment,05:15 AM,05:50 AM
8-Aug-22,AAC Plant 2,1,500-3,G903 Stator Wheel DC,4,Condition Check Die,5,cond check die,Die Related,07:05 AM,07:10 AM
8-Aug-22,AAC Plant 2,1,800-2,744K CENTER SUPPORT DC,6,Condition Check Die,25,cond check die,Die Related,03:50 PM,04:15 PM
8-Aug-22,AAC Plant 2,2,2250-8,984F Crankcase DC,1,Die Change,150,ng insert on ss main core,Die Related,03:00 AM,04:30 AM
8-Aug-22,AAC Plant 2,2,500-2,B700 V6 Stator Wheel DC,10,Die Change,0,scheduled die change,Die Related,05:15 PM,07:00 PM
9-Aug-22,AAC Plant 2,1,2250-2,744 TA HOUSING FWD DC,3,Other (Indirect),15,no man power,Casting Process/Equipment,05:15 AM,05:30 AM
9-Aug-22,AAC Plant 2,1,2250-2,744 TA HOUSING FWD DC,3,Die Change,50,die change carry over,Die Related,11:30 AM,12:20 PM
9-Aug-22,AAC Plant 2,1,2250-2,744 TA HOUSING FWD DC,3,Die Change,0,die change during 4s+f,Die Related,10:30 AM,11:30 AM
9-Aug-22,AAC Plant 2,1,2250-3,744 TA HOUSING AWD DC,1,Die Change,0,scheduled die change,Die Related,05:00 AM,08:10 AM
9-Aug-22,AAC Plant 2,1,2250-5,G298 TA HOUSING AWD DC,1,Die Change,90,die change,Die Related,02:30 PM,04:00 PM
9-Aug-22,AAC Plant 2,1,2250-8,984F Crankcase DC,3,Die Change,0,scheduled die change,Die Related,05:00 AM,09:30 AM
9-Aug-22,AAC Plant 2,1,2250-8,984F Crankcase DC,3,Condition Check Die,35,condition check,Die Related,12:30 PM,01:05 PM
9-Aug-22,AAC Plant 2,1,2250-9,881 Oil Pan DC,8,Metal Delivery,40,out of metal,Casting Process/Equipment,02:50 PM,03:30 PM
9-Aug-22,AAC Plant 2,1,800-1,744K CENTER SUPPORT DC,5,Condition Check Die,15,cold shot,Die Related,01:45 PM,02:00 PM
9-Aug-22,AAC Plant 2,1,800-3,G300 CENTER SUPPORT DC,9,Metal Delivery,6,out of scrap parts,Casting Process/Equipment,07:51 AM,07:57 AM
9-Aug-22,AAC Plant 2,2,1650-1,"103E Oil Pan, No. 1  DC",1,Date Stamp-ID,5,change date stamp,Casting Process/Equipment,05:55 PM,06:00 PM
9-Aug-22,AAC Plant 2,2,2250-7,A467 Transmission Housing DC,3,Die Change,0,scheduled die change,Die Related,03:00 AM,04:30 AM
9-Aug-22,AAC Plant 2,2,500-2,B700 V6 Stator Wheel DC,10,Die Change,30,die change,Die Related,10:30 PM,11:00 PM
9-Aug-22,AAC Plant 2,2,500-2,B700 V6 Stator Wheel DC,10,Ladle-ID,35,ladle process t/o,Casting Process/Equipment,07:40 PM,08:15 PM
9-Aug-22,AAC Plant 2,2,500-2,B700 V6 Stator Wheel DC,10,Condition Check Machine,30,cond check,Casting Process/Equipment,08:30 PM,09:00 PM
9-Aug-22,AAC Plant 2,2,800-1,744K CENTER SUPPORT DC,5,Condition Check Machine,78,cond check,Casting Process/Equipment,08:22 AM,09:40 PM
10-Aug-22,AAC Plant 2,1,1650-1,881 Oil Pan DC,10,Die Change,0,scheduled die change,Die Related,05:15 PM,06:25 PM
10-Aug-22,AAC Plant 2,1,2250-12,BC01 Transmission Case DC,12,Metal Delivery,10,cold metal alarm,Casting Process/Equipment,03:20 PM,03:30 PM
10-Aug-22,AAC Plant 2,1,2250-12,BC01 Transmission Case DC,12,Metal Delivery,120,cold metal,Casting Process/Equipment,06:30 AM,08:30 AM
10-Aug-22,AAC Plant 2,1,2250-6,587F Crank Case Stiffening DC,29,Die Change,0,scheduled die change,Die Related,02:00 PM,05:00 PM
10-Aug-22,AAC Plant 2,1,2250-8,984F Crankcase DC,3,Condition Check Die,45,"cond check, cold shot",Die Related,06:40 AM,07:25 AM
10-Aug-22,AAC Plant 2,1,2250-8,984F Crankcase DC,3,Clean Up,10,over start 4s+d,Casting Process/Equipment,10:00 AM,10:10 AM
10-Aug-22,AAC Plant 2,1,2250-8,984F Crankcase DC,3,Die Change,0,scheduled die change,Die Related,02:00 PM,05:00 PM
10-Aug-22,AAC Plant 2,1,2250-8,984F Crankcase DC,3,Condition Check Die,25,"cond check, cold shot",Die Related,05:55 AM,08:20 AM
10-Aug-22,AAC Plant 2,1,500-2,B700 V6 Stator Wheel DC,9,Date Stamp-ID,10,over start,Casting Process/Equipment,05:15 AM,05:25 AM
10-Aug-22,AAC Plant 2,1,800-2,744K CENTER SUPPORT DC,6,Die Change,0,scheduled die change,Die Related,08:35 AM,10:09 AM
10-Aug-22,AAC Plant 2,1,800-2,G300 CENTER SUPPORT DC,9,Condition Check Machine,9,part detect ng,Casting Process/Equipment,10:59 AM,11:08 AM
10-Aug-22,AAC Plant 2,1,800-2,G300 CENTER SUPPORT DC,9,Condition Check Die,60,cond check die,Die Related,06:16 AM,07:00 AM
10-Aug-22,AAC Plant 2,2,2250-13,G300 TRANSMISSION CASE DC,8,Metal Delivery,25,ladle return fault,Casting Process/Equipment,09:10 PM,09:35 PM
10-Aug-22,AAC Plant 2,2,2250-2,744 TA HOUSING FWD DC,2,Die Change,0,scheduled die change set awd #2,Die Related,05:15 PM,07:25 PM
10-Aug-22,AAC Plant 2,2,2250-8,19MY PTO TRANSMISSION CASE DC,3,Die Change,240,die change broke insert,Die Related,05:55 PM,10:00 PM
10-Aug-22,AAC Plant 2,2,2250-8,19MY NONPTO TRANSMISSION CASE DC,1,Condition Check Die,60,cond check on machine,Die Related,12:55 AM,01:55 AM
10-Aug-22,AAC Plant 2,2,800-1,744K CENTER SUPPORT DC,5,Die Change,60,die change cracked sprue bushing,Die Related,12:20 AM,01:20 AM
10-Aug-22,AAC Plant 2,2,800-1,744K CENTER SUPPORT DC,5,Die Change,60,finish die change dm working on repairing,Die Related,01:20 AM,02:20 AM
10-Aug-22,AAC Plant 2,2,800-2,G300 CENTER SUPPORT DC,11,Die Change,60,die change,Die Related,07:50 PM,08:50 PM
11-Aug-22,AAC Plant 2,1,800-3,G300 CENTER SUPPORT DC,12,Die Change,80,die change,Die Related,10:40 AM,12:00 PM
11-Aug-22,AAC Plant 2,1,800-3,G300 CENTER SUPPORT DC,12,Condition Check Die,30,cond check powder b/u,Die Related,09:50 AM,10:20 AM
11-Aug-22,AAC Plant 2,1,800-3,G300 CENTER SUPPORT DC,4,Condition Check Die,15,powder lube on qr code,Die Related,02:53 PM,03:08 PM
11-Aug-22,AAC Plant 2,1,800-3,G300 CENTER SUPPORT DC,4,Condition Check Die,83,powder lube on qr code,Die Related,01:13 PM,02:36 PM
11-Aug-22,AAC Plant 2,1,800-4,G300 CENTER SUPPORT DC,4,Condition Check Die,83,powder build up on qr code,Die Related,01:13 PM,02:36 PM
11-Aug-22,AAC Plant 2,1,800-4,G300 CENTER SUPPORT DC,4,Condition Check Die,15,powder build up on qr code,Die Related,02:53 PM,03:08 PM
11-Aug-22,AAC Plant 2,1,800-4,G300 CENTER SUPPORT DC,4,Condition Check Die,-83,,,,
11-Aug-22,AAC Plant 2,1,800-4,G300 CENTER SUPPORT DC,4,Condition Check Die,-15,,,,
11-Aug-22,AAC Plant 2,2,1650-1,881 Oil Pan DC,10,Metal Delivery,15,shaker backed up,Casting Process/Equipment,05:45 PM,06:00 PM
11-Aug-22,AAC Plant 2,2,2250-3,744 TA HOUSING AWD DC,1,Die Change,0,scheduled die change,Die Related,04:00 AM,04:45 AM
11-Aug-22,AAC Plant 2,2,2250-7,587F Crank Case Stiffening DC,29,Die Change,0,scheduled die change,Die Related,05:15 PM,08:15 PM
11-Aug-22,AAC Plant 2,2,800-1,744K CENTER SUPPORT DC,6,Condition Check Machine,10,high water temp,Casting Process/Equipment,05:15 PM,05:25 PM
11-Aug-22,AAC Plant 2,2,800-1,744K CENTER SUPPORT DC,6,Condition Check Machine,15,cond check,Casting Process/Equipment,03:55 AM,04:10 AM
12-Aug-22,AAC Plant 2,1,2250-10,G300 TRANSMISSION CASE DC,1,Clean Up,45,carry over 4s+d,Casting Process/Equipment,11:00 AM,11:45 AM
12-Aug-22,AAC Plant 2,1,2250-2,744 TA HOUSING AWD DC,2,Die Change,100,die change carry over set 1,Die Related,11:00 AM,12:40 PM
12-Aug-22,AAC Plant 2,1,2250-3,G300 TA HOUSING FWD DC,4,Die Change,0,scheduled die change,Die Related,05:15 AM,06:15 AM
12-Aug-22,AAC Plant 2,1,2250-9,881 Oil Pan DC,8,Condition Check Die,50,condition check,Die Related,08:40 AM,09:30 AM
12-Aug-22,AAC Plant 2,1,500-2,G904 Stator Wheel DC,3,Condition Check Die,15,cond check,Die Related,12:10 PM,12:25 PM
12-Aug-22,AAC Plant 2,2,2250-11,BC01 Transmission Case DC,11,Die Change,50,finishing die change,Die Related,02:30 AM,03:20 AM
13-Aug-22,AAC Plant 2,1,2250-3,G300 TA HOUSING FWD DC,4,Die Change,0,scheduled die change,Die Related,03:30 PM,05:00 PM
13-Aug-22,AAC Plant 2,2,2250-10,G300 TRANSMISSION CASE DC,1,Die Change,165,die change /stuck bolt boss c3,Die Related,10:50 PM,01:35 AM
13-Aug-22,AAC Plant 2,2,2250-3,744 TA HOUSING AWD DC,1,Die Change,0,scheduled die change,Die Related,05:15 PM,06:15 PM
13-Aug-22,AAC Plant 2,2,800-2,G300 CENTER SUPPORT DC,8,Metal Delivery,60,metal temp,Casting Process/Equipment,01:30 AM,02:30 AM
13-Aug-22,AAC Plant 2,2,800-2,G300 CENTER SUPPORT DC,8,Metal Delivery,20,metal temp low,Casting Process/Equipment,02:40 AM,03:00 AM
15-Aug-22,AAC Plant 2,1,2250-10,G300 TRANSMISSION CASE DC,5,Other (Indirect),20,shaker jammed,Casting Process/Equipment,04:10 PM,04:30 PM
15-Aug-22,AAC Plant 2,1,2250-13,G300 TRANSMISSION CASE DC,8,N/G Tip or Sleeve Change,145,tip change,Casting Process/Equipment,01:00 PM,03:25 PM
15-Aug-22,AAC Plant 2,1,2250-2,744 TA HOUSING FWD DC,1,Die Change,165,die change water leak s/s,Die Related,10:45 AM,01:30 PM
15-Aug-22,AAC Plant 2,1,2250-2,744 TA HOUSING AWD DC,3,Die Change,40,set s/s back in dcm,Die Related,07:00 AM,07:40 AM
15-Aug-22,AAC Plant 2,1,2250-2,744 TA HOUSING AWD DC,3,Die Change,-40,,,,
15-Aug-22,AAC Plant 2,1,2250-6,984F Crankcase DC,2,Date Stamp-ID,60,over start,Casting Process/Equipment,05:15 AM,06:15 AM
15-Aug-22,AAC Plant 2,1,2250-8,19MY PTO TRANSMISSION CASE DC,3,Die Change,0,scheduled die change,Die Related,07:00 AM,09:30 AM
15-Aug-22,AAC Plant 2,1,2250-9,881 Oil Pan DC,6,Condition Check Machine,20,shaker jammed,Casting Process/Equipment,04:10 PM,04:30 PM
15-Aug-22,AAC Plant 2,1,2250-9,881 Oil Pan DC,8,Condition Check Die,10,cond check cold shot,Die Related,10:10 AM,10:20 AM
15-Aug-22,AAC Plant 2,1,2250-9,881 Oil Pan DC,8,Die Change,190,die change ng core pin,Die Related,12:10 PM,03:20 PM
15-Aug-22,AAC Plant 2,1,500-2,B700 V6 Stator Wheel DC,9,Condition Check Die,13,cond check,Die Related,12:23 PM,12:36 PM
15-Aug-22,AAC Plant 2,1,800-1,744K CENTER SUPPORT DC,6,Condition Check Die,5,bisc drop alarm,Die Related,01:04 PM,01:09 PM
15-Aug-22,AAC Plant 2,1,800-1,744K CENTER SUPPORT DC,6,Condition Check Machine,20,e-stop,Casting Process/Equipment,05:46 AM,06:00 AM
15-Aug-22,AAC Plant 2,1,800-1,744K CENTER SUPPORT DC,6,Metal Delivery,66,cold metal,Casting Process/Equipment,02:09 PM,03:15 PM
15-Aug-22,AAC Plant 2,1,800-2,G300 CENTER SUPPORT DC,8,Condition Check Machine,75,cold metal waiting,Casting Process/Equipment,06:00 AM,07:15 AM
15-Aug-22,AAC Plant 2,1,800-3,G300 CENTER SUPPORT DC,4,Condition Check Machine,31,water leak,Casting Process/Equipment,05:15 AM,05:46 AM
15-Aug-22,AAC Plant 2,2,2250-12,BC01 Transmission Case DC,12,Die Change,190,die change,Die Related,07:40 PM,10:50 PM
15-Aug-22,AAC Plant 2,2,2250-4,946F Crankcase DC,8,Clean Up,10,over 4s+d,Casting Process/Equipment,11:35 PM,11:45 PM
15-Aug-22,AAC Plant 2,2,2250-5,G298 TA HOUSING AWD DC,5,Die Change,80,die change set g298,Die Related,06:15 PM,07:35 PM
15-Aug-22,AAC Plant 2,2,800-1,744K CENTER SUPPORT DC,6,Clean Up,70,finish sleeve change,Casting Process/Equipment,09:13 PM,10:26 PM
16-Aug-22,AAC Plant 2,1,2250-10,G300 TRANSMISSION CASE DC,5,Condition Check Die,25,cond check cold shot ss,Die Related,03:05 PM,03:30 PM
16-Aug-22,AAC Plant 2,1,2250-2,744 TA HOUSING FWD DC,3,Die Change,40,set ss back,Die Related,07:00 AM,07:40 AM
16-Aug-22,AAC Plant 2,1,2250-7,A467 Transmission Housing DC,3,Die Change,0,scheduled die change,Die Related,01:10 PM,02:10 PM
16-Aug-22,AAC Plant 2,2,2250-11,BC01 Transmission Case DC,13,Condition Check Die,25,cond check,Die Related,10:55 PM,11:20 PM
16-Aug-22,AAC Plant 2,2,2250-11,BC01 Transmission Case DC,13,Date Stamp-ID,15,wrong date stamp,Casting Process/Equipment,05:30 PM,05:45 PM
16-Aug-22,AAC Plant 2,2,2250-13,G300 TRANSMISSION CASE DC,8,Metal Delivery,25,molten metal,Casting Process/Equipment,11:30 PM,11:55 PM
16-Aug-22,AAC Plant 2,2,2250-8,G300 TA HOUSING FWD DC,4,Die Change,0,scheduled die change,Die Related,03:30 AM,04:30 AM
17-Aug-22,AAC Plant 2,1,2250-13,G300 TRANSMISSION CASE DC,8,Die Change,45,die change to #7,Die Related,02:55 PM,03:40 PM
17-Aug-22,AAC Plant 2,1,2250-13,G300 TRANSMISSION CASE DC,8,Condition Check Die,25,condition checlk,Die Related,01:30 PM,01:55 PM
17-Aug-22,AAC Plant 2,1,2250-7,A467 Extension Housing DC,1,Die Change,0,scheduled die change,Die Related,01:40 PM,02:40 PM
17-Aug-22,AAC Plant 2,1,800-1,744K CENTER SUPPORT DC,6,Condition Check Die,30,condition check die,Die Related,08:09 AM,08:39 AM
17-Aug-22,AAC Plant 2,1,800-1,744K CENTER SUPPORT DC,6,Condition Check Machine,60,SCW,Casting Process/Equipment,08:39 AM,09:39 AM
17-Aug-22,AAC Plant 2,1,800-1,744K CENTER SUPPORT DC,6,Die Change,103,die change chunk out,Die Related,01:47 PM,03:30 PM
17-Aug-22,AAC Plant 2,1,800-2,G300 CENTER SUPPORT DC,8,Die Change,54,die change cracked sprue bushing,Die Related,06:06 AM,07:00 AM
17-Aug-22,AAC Plant 2,1,800-2,G300 CENTER SUPPORT DC,9,Condition Check Machine,10,abnormal sound from shot rod,Casting Process/Equipment,01:00 PM,01:10 PM
17-Aug-22,AAC Plant 2,2,1650-1,"103E Oil Pan, No. 1  DC",1,Condition Check Die,30,e-polish qc,Die Related,12:00 AM,12:30 AM
17-Aug-22,AAC Plant 2,2,2250-12,BC01 Transmission Case DC,14,Condition Check Die,150,cond check,Die Related,09:00 PM,11:30 PM
17-Aug-22,AAC Plant 2,2,2250-12,BC01 Transmission Case DC,14,Metal Delivery,10,metal temp low,Casting Process/Equipment,01:15 AM,01:25 AM
17-Aug-22,AAC Plant 2,2,800-1,744K CENTER SUPPORT DC,5,Condition Check Machine,27,cond check,Casting Process/Equipment,02:24 AM,02:51 AM
18-Aug-22,AAC Plant 2,1,2250-12,BC01 Transmission Case DC,14,Die Change,0,scheduled die change,Die Related,08:30 AM,09:30 AM
18-Aug-22,AAC Plant 2,1,2250-7,587F Crank Case Stiffening DC,29,Die Change,0,scheduled die change,Die Related,05:15 AM,07:20 AM
18-Aug-22,AAC Plant 2,1,2250-7,587F Crank Case Stiffening DC,29,Date Stamp-ID,10,wrong date stamp,Casting Process/Equipment,08:50 AM,09:00 AM
18-Aug-22,AAC Plant 2,1,2250-8,G298 TA HOUSING AWD DC,4,Die Change,0,scheduled die change,Die Related,12:00 PM,02:20 PM
18-Aug-22,AAC Plant 2,2,2250-7,587F Crank Case Stiffening DC,29,Die Change,0,scheduled die change,Die Related,03:00 AM,04:30 AM
19-Aug-22,AAC Plant 2,1,2250-13,G300 TRANSMISSION CASE DC,7,Die Change,30,die change set 8,Die Related,11:40 AM,12:10 PM
19-Aug-22,AAC Plant 2,1,2250-2,744 TA HOUSING FWD DC,2,Condition Check Machine,80,damage on parts,Casting Process/Equipment,08:00 AM,09:20 AM
19-Aug-22,AAC Plant 2,1,2250-3,744 TA HOUSING AWD DC,2,Die Change,0,scheduled die change,Die Related,05:00 AM,10:00 AM
19-Aug-22,AAC Plant 2,1,2250-8,19MY PTO TRANSMISSION CASE DC,3,Condition Check Die,14,cond check,Die Related,02:30 PM,02:55 PM
19-Aug-22,AAC Plant 2,1,500-2,B700 V6 Stator Wheel DC,9,Condition Check Die,13,cond check die,Die Related,05:27 AM,05:40 AM
19-Aug-22,AAC Plant 2,1,800-1,744K CENTER SUPPORT DC,5,Condition Check Die,30,cnd check die,Die Related,04:00 PM,04:30 PM
19-Aug-22,AAC Plant 2,1,800-2,G300 CENTER SUPPORT DC,9,N/G Tip or Sleeve Change,51,shot monitoring,Die Related,06:12 AM,07:03 AM
19-Aug-22,AAC Plant 2,2,2250-12,BC01 Transmission Case DC,11,Ladle-ID,20,adj ladle maint wworked on ladle,Casting Process/Equipment,02:30 AM,02:50 AM
19-Aug-22,AAC Plant 2,2,2250-12,BC01 Transmission Case DC,11,Ladle-ID,30,adj ladle shot size,Casting Process/Equipment,07:50 PM,08:20 PM
19-Aug-22,AAC Plant 2,2,2250-3,744 TA HOUSING AWD DC,2,Clean Up,10,over 4sd,Casting Process/Equipment,11:40 PM,11:50 PM
19-Aug-22,AAC Plant 2,2,2250-6,946F Crankcase DC,7,Die Change,0,scheduled die change,Die Related,05:15 PM,06:30 PM
19-Aug-22,AAC Plant 2,2,800-1,744K CENTER SUPPORT DC,5,Clean Up,10,adj man power,Casting Process/Equipment,05:30 PM,05:40 PM
20-Aug-22,AAC Plant 2,2,2250-10,G300 TA HOUSING FWD DC,5,Condition Check Die,25,cond check,Die Related,12:45 AM,01:10 AM
20-Aug-22,AAC Plant 2,2,2250-10,G300 TA HOUSING FWD DC,5,Condition Check Die,35,cond check leaker,Die Related,10:10 PM,10:45 PM
20-Aug-22,AAC Plant 2,2,2250-10,G300 TRANSMISSION CASE DC,5,Condition Check Die,25,,Die Related,12:45 AM,01:10 AM
20-Aug-22,AAC Plant 2,2,2250-10,G300 TRANSMISSION CASE DC,5,Condition Check Die,35,cond check,Die Related,10:10 PM,10:45 PM
22-Aug-22,AAC Plant 2,1,2250-1,946F Crankcase DC,13,Die Change,60,set m/s back into 2250-1,Die Related,03:30 PM,04:30 PM
22-Aug-22,AAC Plant 2,1,2250-1,946F Crankcase DC,13,Date Stamp-ID,5,over start,Casting Process/Equipment,05:45 AM,05:50 AM
22-Aug-22,AAC Plant 2,1,2250-1,946F Crankcase DC,13,Other (Indirect),95,waiting on m/s,Casting Process/Equipment,01:55 PM,03:30 PM
22-Aug-22,AAC Plant 2,1,2250-10,G300 TRANSMISSION CASE DC,5,Die Change,0,scheduled die change,Die Related,05:30 AM,07:25 AM
22-Aug-22,AAC Plant 2,1,2250-2,744 TA HOUSING FWD DC,3,Condition Check Die,10,developer check,Die Related,11:45 AM,11:55 AM
22-Aug-22,AAC Plant 2,1,2250-6,946F Crankcase DC,9,Die Change,0,scheduled die change,Die Related,05:00 AM,06:30 AM
22-Aug-22,AAC Plant 2,1,2250-7,A467 Adaptor DC,3,Die Change,0,scheduled die change,Die Related,10:40 AM,01:20 PM
22-Aug-22,AAC Plant 2,1,2250-7,A467 Adaptor DC,3,Condition Check Die,20,condition check cold shot,Die Related,09:15 AM,09:35 AM
22-Aug-22,AAC Plant 2,2,2250-10,G300 TRANSMISSION CASE DC,5,Clean Up,35,carry over from 4s+d,Casting Process/Equipment,12:00 AM,12:35 AM
22-Aug-22,AAC Plant 2,2,2250-10,G300 TRANSMISSION CASE DC,5,Condition Check Die,35,condition check req,Die Related,12:55 AM,01:30 AM
22-Aug-22,AAC Plant 2,2,2250-13,G300 TRANSMISSION CASE DC,8,Condition Check Die,20,condition check,Die Related,07:45 PM,08:05 PM
22-Aug-22,AAC Plant 2,2,2250-3,G298 TA HOUSING AWD DC,4,Die Change,0,scheduled die change,Die Related,03:15 AM,04:30 AM
22-Aug-22,AAC Plant 2,2,2250-5,G298 TA HOUSING AWD DC,6,Die Change,0,scheduled die change,Die Related,05:15 PM,06:30 PM
23-Aug-22,AAC Plant 2,1,2250-10,G300 TRANSMISSION CASE DC,5,Condition Check Die,40,condition check,Die Related,02:25 PM,03:05 PM
23-Aug-22,AAC Plant 2,1,2250-12,BC01 Transmission Case DC,11,Die Change,90,die change broke pin on ss,Die Related,05:45 AM,07:15 AM
23-Aug-22,AAC Plant 2,1,2250-12,BC01 Transmission Case DC,14,Condition Check Die,30,condition check,Die Related,07:50 AM,08:20 AM
23-Aug-22,AAC Plant 2,1,2250-13,G300 TRANSMISSION CASE DC,8,Ladle-ID,10,small bisc,Casting Process/Equipment,08:25 AM,08:35 AM
23-Aug-22,AAC Plant 2,1,2250-3,744 TA HOUSING AWD DC,1,Condition Check Die,10,developer check,Die Related,01:20 PM,01:30 PM
23-Aug-22,AAC Plant 2,1,2250-5,G298 TA HOUSING AWD DC,6,Condition Check Die,15,cond check qc req,Die Related,08:15 AM,08:30 AM
23-Aug-22,AAC Plant 2,1,2250-5,G298 TA HOUSING AWD DC,6,Die Change,90,die change water leak,Die Related,08:30 AM,10:00 AM
23-Aug-22,AAC Plant 2,2,2250-1,946F Crankcase DC,9,Die Change,0,scheduled die change,Die Related,05:15 PM,07:35 PM
23-Aug-22,AAC Plant 2,2,2250-10,G300 TRANSMISSION CASE DC,5,Die Change,460,shut down die chip die change called dm,Die Related,06:35 PM,02:15 AM
23-Aug-22,AAC Plant 2,2,2250-6,587F Crank Case Stiffening DC,31,Die Change,0,scheduled die change,Die Related,05:15 PM,08:50 PM
23-Aug-22,AAC Plant 2,2,2250-7,A467 Adaptor DC,3,Die Change,0,scheduled die change,Die Related,05:15 PM,07:05 PM
24-Aug-22,AAC Plant 2,1,1650-1,"103E Oil Pan, No. 1  DC",1,Die Change,0,scheduled die change,Die Related,12:25 PM,03:10 PM
24-Aug-22,AAC Plant 2,1,2250-10,G300 TRANSMISSION CASE DC,1,Condition Check Die,15,cond check /leaker,Die Related,07:20 AM,07:35 AM
24-Aug-22,AAC Plant 2,1,2250-10,G300 TRANSMISSION CASE DC,1,Die Change,135,die change leakers,Die Related,02:45 PM,05:00 PM
24-Aug-22,AAC Plant 2,1,2250-10,G300 TRANSMISSION CASE DC,1,Condition Check Die,25,cond check,Die Related,09:05 AM,09:30 AM
24-Aug-22,AAC Plant 2,1,2250-7,A467 Adaptor DC,3,Date Stamp-ID,5,wrong date stamp,Casting Process/Equipment,05:45 AM,05:50 AM
24-Aug-22,AAC Plant 2,1,2250-9,881 Oil Pan DC,6,Condition Check Machine,20,parts lost at bsm,Casting Process/Equipment,05:15 AM,05:35 AM
24-Aug-22,AAC Plant 2,1,500-3,G903 Stator Wheel DC,4,Die Change,0,scheduled die change,Die Related,09:05 AM,01:05 PM
24-Aug-22,AAC Plant 2,1,800-2,G300 CENTER SUPPORT DC,9,Water/Die Lube Supply,10,toggle oil low,Casting Process/Equipment,02:48 PM,02:58 PM
24-Aug-22,AAC Plant 2,2,2250-4,946F Crankcase DC,10,Die Change,0,scheduled die change carry over,Die Related,05:15 PM,05:55 PM
24-Aug-22,AAC Plant 2,2,800-1,744K CENTER SUPPORT DC,5,Condition Check Die,10,cond check galling c2,Die Related,08:35 PM,08:45 PM
25-Aug-22,AAC Plant 2,1,1650-1,881 Oil Pan DC,8,Condition Check Die,25,condition check,Die Related,09:10 AM,09:35 AM
25-Aug-22,AAC Plant 2,1,2250-1,946F Crankcase DC,9,Condition Check Machine,10,ulr fault metal on ladle sensors,Casting Process/Equipment,08:20 AM,08:30 AM
25-Aug-22,AAC Plant 2,1,2250-1,946F Crankcase DC,9,Condition Check Machine,10,ulr fault metal on ladle sensors,Casting Process/Equipment,02:15 PM,02:25 PM
25-Aug-22,AAC Plant 2,1,2250-11,BC01 Transmission Case DC,12,Die Change,0,scheduled die change carry over,Die Related,05:00 AM,07:20 AM
25-Aug-22,AAC Plant 2,1,2250-12,BC01 Transmission Case DC,14,Condition Check Die,20,PE cond checl,Die Related,08:30 AM,08:50 AM
25-Aug-22,AAC Plant 2,1,2250-12,BC01 Transmission Case DC,14,Die Change,75,die change,Die Related,02:30 PM,03:45 PM
25-Aug-22,AAC Plant 2,1,2250-7,A467 Adaptor DC,3,Die Change,0,scheduled die change,Die Related,03:00 PM,04:30 PM
25-Aug-22,AAC Plant 2,1,2250-8,984F Crankcase DC,1,Date Stamp-ID,10,date stamp,Casting Process/Equipment,05:15 AM,05:25 AM
25-Aug-22,AAC Plant 2,1,500-3,G904 Stator Wheel DC,3,Die Change,30,taking trim press,Die Related,07:00 AM,07:30 AM
25-Aug-22,AAC Plant 2,1,500-3,G904 Stator Wheel DC,3,Die Change,0,scheduled die change,Die Related,04:00 PM,05:00 PM
25-Aug-22,AAC Plant 2,2,2250-10,G300 TRANSMISSION CASE DC,1,Condition Check Die,40,condition check die,Die Related,02:00 AM,02:40 AM
25-Aug-22,AAC Plant 2,2,2250-11,BC01 Transmission Case DC,12,Die Change,160,die change c3 center hub sticking,Die Related,01:20 AM,04:00 AM
25-Aug-22,AAC Plant 2,2,2250-11,BC01 Transmission Case DC,12,Condition Check Die,30,condition check,Die Related,07:10 PM,07:40 PM
25-Aug-22,AAC Plant 2,2,2250-11,BC01 Transmission Case DC,12,Condition Check Die,25,condition check c3 center hub,Die Related,11:30 PM,11:55 PM
25-Aug-22,AAC Plant 2,2,2250-3,744 TA HOUSING AWD DC,1,Die Change,0,scheduled die change,Die Related,05:55 PM,07:30 PM
25-Aug-22,AAC Plant 2,2,2250-6,587F Crank Case Stiffening DC,31,Date Stamp-ID,10,date stamp,Casting Process/Equipment,05:35 PM,05:45 PM
25-Aug-22,AAC Plant 2,2,500-3,G903 Stator Wheel DC,5,Condition Check Die,30,condition check,Die Related,07:00 PM,07:30 PM
25-Aug-22,AAC Plant 2,2,500-3,G903 Stator Wheel DC,5,Condition Check Die,15,condition check,Die Related,09:30 PM,09:45 PM
25-Aug-22,AAC Plant 2,2,800-2,G300 CENTER SUPPORT DC,9,Die Change,0,scheduled die change,Die Related,02:00 AM,05:00 AM
26-Aug-22,AAC Plant 2,1,1650-1,881 Oil Pan DC,8,Other (Indirect),15,over start op setting die in 14,Casting Process/Equipment,11:35 AM,11:50 AM
26-Aug-22,AAC Plant 2,1,1650-1,881 Oil Pan DC,8,Other (Indirect),10,shot blocker plug came out,Casting Process/Equipment,01:45 PM,01:55 PM
26-Aug-22,AAC Plant 2,1,2250-11,BC01 Transmission Case DC,7,Condition Check Die,15,condition check,Die Related,05:50 AM,06:05 AM
26-Aug-22,AAC Plant 2,1,2250-3,G300 TA HOUSING FWD DC,4,Die Change,0,scheduled die change,Die Related,03:35 PM,04:30 PM
26-Aug-22,AAC Plant 2,1,800-1,744K CENTER SUPPORT DC,5,Die Change,0,scheduled die change,Die Related,03:30 PM,04:30 PM
26-Aug-22,AAC Plant 2,2,2250-11,BC01 Transmission Case DC,7,Die Change,70,die change squeeze pin hyd line busted,Die Related,07:30 PM,08:40 PM
26-Aug-22,AAC Plant 2,2,2250-3,744 TA HOUSING AWD DC,1,Die Change,185,die change ng fg,Die Related,12:50 AM,03:10 AM
26-Aug-22,AAC Plant 2,2,2250-3,744 TA HOUSING AWD DC,1,Condition Check Die,30,condition check,Die Related,10:20 PM,10:50 PM
26-Aug-22,AAC Plant 2,2,2250-3,744 TA HOUSING AWD DC,1,Condition Check Die,20,condition check,Die Related,08:35 PM,08:55 PM
26-Aug-22,AAC Plant 2,2,2250-3,744 TA HOUSING AWD DC,1,Condition Check Die,35,condition check fg ng,Die Related,06:45 PM,07:20 PM
27-Aug-22,AAC Plant 2,1,2250-9,881 Oil Pan DC,6,Die Change,85,die change pull die,Die Related,10:45 AM,12:10 PM
27-Aug-22,AAC Plant 2,1,500-3,G903 Stator Wheel DC,5,Condition Check Machine,60,cold metal,Casting Process/Equipment,01:45 PM,02:45 PM
29-Aug-22,AAC Plant 2,1,2250-3,744 TA HOUSING FWD DC,3,Die Change,0,scheduled die change,Die Related,03:05 PM,04:30 PM
29-Aug-22,AAC Plant 2,1,2250-3,744 TA HOUSING FWD DC,3,Ladle-ID,30,hole in ladle,Casting Process/Equipment,05:35 AM,06:05 AM
29-Aug-22,AAC Plant 2,1,2250-4,946F Crankcase DC,10,Die Change,115,die change water leak ss,Die Related,01:05 PM,03:00 PM
29-Aug-22,AAC Plant 2,1,2250-4,946F Crankcase DC,10,Condition Check Die,15,condition check discoloration,Die Related,12:50 PM,01:05 PM
29-Aug-22,AAC Plant 2,1,2250-5,G298 TA HOUSING AWD DC,4,Metal Delivery,10,metal delivery,Casting Process/Equipment,07:40 AM,07:50 AM
29-Aug-22,AAC Plant 2,1,2250-5,G298 TA HOUSING AWD DC,4,Condition Check Die,20,developer check,Die Related,02:55 PM,03:15 PM
29-Aug-22,AAC Plant 2,1,2250-5,G298 TA HOUSING AWD DC,78.6,Condition Check Die,20,developer check,Die Related,02:55 PM,03:05 PM
29-Aug-22,AAC Plant 2,1,2250-5,G298 TA HOUSING AWD DC,78.6,Metal Delivery,10,metal delivery cold metal,Casting Process/Equipment,07:40 AM,07:50 AM
29-Aug-22,AAC Plant 2,1,2250-5,G298 TA HOUSING AWD DC,78.6,Metal Delivery,-10,,,,
29-Aug-22,AAC Plant 2,1,2250-5,G298 TA HOUSING AWD DC,78.6,Condition Check Die,-20,,,,
29-Aug-22,AAC Plant 2,1,2250-7,A467 Transmission Housing DC,3,Date Stamp-ID,15,start up,Casting Process/Equipment,05:30 AM,05:45 AM
29-Aug-22,AAC Plant 2,1,500-2,G904 Stator Wheel DC,3,Metal Delivery,20,ladle process t/o,Casting Process/Equipment,10:00 AM,10:20 AM
29-Aug-22,AAC Plant 2,1,500-2,G904 Stator Wheel DC,3,Metal Delivery,20,ladle process t/o,Casting Process/Equipment,07:40 AM,08:00 AM
29-Aug-22,AAC Plant 2,1,800-3,G300 CENTER SUPPORT DC,3,Die Change,30,die change,Die Related,04:00 PM,04:30 PM
29-Aug-22,AAC Plant 2,2,2250-11,BC01 Transmission Case DC,14,Die Change,110,die change main core,Die Related,11:40 PM,01:30 AM
29-Aug-22,AAC Plant 2,2,2250-12,BC01 Transmission Case DC,11,Clean Up,5,over 4s+d,Casting Process/Equipment,02:05 AM,02:10 AM
29-Aug-22,AAC Plant 2,2,2250-3,G300 TA HOUSING FWD DC,4,Die Change,0,scheduled die chaneg,Die Related,11:05 PM,02:25 AM
29-Aug-22,AAC Plant 2,2,2250-7,A467 Extension Housing DC,1,Die Change,0,scheduled die change,Die Related,05:15 AM,06:30 PM
29-Aug-22,AAC Plant 2,2,500-2,G904 Stator Wheel DC,3,Die Change,0,scheduled die change,Die Related,03:00 AM,04:00 AM
29-Aug-22,AAC Plant 2,2,800-1,744K CENTER SUPPORT DC,6,Condition Check Machine,8,cond check,Casting Process/Equipment,04:22 AM,04:30 AM
29-Aug-22,AAC Plant 2,2,800-3,G300 CENTER SUPPORT DC,10,Die Change,60,die change,Die Related,07:09 AM,08:09 PM
29-Aug-22,AAC Plant 2,2,800-3,G300 CENTER SUPPORT DC,10,Die Change,0,die change carry over,Die Related,05:15 PM,06:05 PM
30-Aug-22,AAC Plant 2,1,1650-1,881 Oil Pan DC,8,Die Change,0,scheduled die change,Die Related,03:00 PM,05:00 PM
30-Aug-22,AAC Plant 2,1,2250-11,BC01 Transmission Case DC,7,Condition Check Die,20,cond check,Die Related,05:35 AM,05:55 AM
30-Aug-22,AAC Plant 2,1,2250-13,G300 TRANSMISSION CASE DC,8,Metal Delivery,20,ladle arm return over run out of metal,Casting Process/Equipment,01:35 PM,01:55 PM
30-Aug-22,AAC Plant 2,1,2250-7,A467 Extension Housing DC,1,Die Change,0,scheduled die change,Die Related,03:00 PM,05:00 PM
30-Aug-22,AAC Plant 2,1,2250-8,19MY NONPTO TRANSMISSION CASE DC,1,Die Change,0,scheduled die change carry over,Die Related,05:15 AM,05:45 AM
30-Aug-22,AAC Plant 2,1,800-1,744K CENTER SUPPORT DC,5,Condition Check Die,14,chunk out in flow unit,Die Related,01:52 PM,02:06 PM
30-Aug-22,AAC Plant 2,1,800-1,744K CENTER SUPPORT DC,6,Die Change,117,die chip,Die Related,08:53 AM,10:50 AM
30-Aug-22,AAC Plant 2,2,2250-10,G300 TA HOUSING FWD DC,5,Condition Check Die,-60,,,,
30-Aug-22,AAC Plant 2,2,2250-10,G300 TRANSMISSION CASE DC,1,Die Change,0,scheduled die change,Die Related,01:00 AM,04:30 AM
30-Aug-22,AAC Plant 2,2,2250-11,BC01 Transmission Case DC,7,Condition Check Die,50,condition check,Die Related,07:30 PM,08:20 PM
30-Aug-22,AAC Plant 2,2,2250-3,908K TAH FWD DC,1,Die Change,0,scheduled die change,Die Related,03:15 AM,04:30 AM
30-Aug-22,AAC Plant 2,2,2250-5,G298 TA HOUSING AWD DC,4,Condition Check Die,20,condition check,Die Related,04:10 AM,04:30 AM
30-Aug-22,AAC Plant 2,2,800-3,G300 CENTER SUPPORT DC,1,Die Change,47,ng die repair,Die Related,06:38 PM,07:25 PM
31-Aug-22,AAC Plant 2,1,2250-1,946F Crankcase DC,10,Die Change,60,set 946 #10,Die Related,07:20 AM,08:20 AM
31-Aug-22,AAC Plant 2,1,2250-3,G300 TA HOUSING FWD DC,2,Die Change,0,scheduled die change,Die Related,05:00 AM,06:15 AM
31-Aug-22,AAC Plant 2,1,2250-8,19MY PTO TRANSMISSION CASE DC,3,Die Change,0,scheduled die change,Die Related,05:15 AM,06:50 AM
31-Aug-22,AAC Plant 2,1,500-2,G904 Stator Wheel DC,3,Date Stamp-ID,10,running prep over start,Casting Process/Equipment,05:15 AM,05:25 AM
31-Aug-22,AAC Plant 2,1,500-2,G904 Stator Wheel DC,3,Metal Delivery,20,waiting on metal,Casting Process/Equipment,09:50 AM,10:10 AM
31-Aug-22,AAC Plant 2,1,800-1,744K CENTER SUPPORT DC,5,Condition Check Die,28,cond check porosity,Die Related,03:42 PM,04:10 PM
31-Aug-22,AAC Plant 2,2,1650-1,"103E Oil Pan, No. 1  DC",7,Die Change,110,die change,Die Related,10:00 PM,11:50 PM
31-Aug-22,AAC Plant 2,2,2250-3,G300 TA HOUSING FWD DC,2,Clean Up,15,over 4s+d,Casting Process/Equipment,11:30 PM,11:45 PM
31-Aug-22,AAC Plant 2,2,2250-6,984F Crankcase DC,1,Die Change,0,scheduled die change,Die Related,04:00 AM,05:00 AM
31-Aug-22,AAC Plant 2,2,2250-8,19MY PTO TRANSMISSION CASE DC,3,Clean Up,10,over 4s+d,Casting Process/Equipment,12:00 AM,12:10 AM
31-Aug-22,AAC Plant 2,2,800-1,744K CENTER SUPPORT DC,5,Condition Check Machine,10,cond check,Casting Process/Equipment,02:55 AM,03:05 AM
1-Sep-22,AAC Plant 2,1,2250-10,G300 TRANSMISSION CASE DC,1,Die Change,150,die change pin leaking on ss,Die Related,02:00 PM,04:30 PM
1-Sep-22,AAC Plant 2,1,2250-3,G300 TA HOUSING FWD DC,2,Die Change,0,die change during 4+d,Die Related,10:25 AM,11:25 AM
1-Sep-22,AAC Plant 2,1,2250-5,G298 TA HOUSING AWD DC,4,Die Change,100,die change broke pin m/s,Die Related,12:50 PM,02:30 PM
1-Sep-22,AAC Plant 2,1,2250-8,19MY NONPTO TRANSMISSION CASE DC,1,Die Change,0,scheduled die change,Die Related,05:25 AM,07:10 AM
1-Sep-22,AAC Plant 2,1,800-1,744K CENTER SUPPORT DC,5,Condition Check Die,30,condition check die,Die Related,08:45 AM,09:15 AM
1-Sep-22,AAC Plant 2,2,2250-5,G298 TA HOUSING AWD DC,7,Condition Check Die,60,cond check qc req,Die Related,12:25 AM,12:35 AM
1-Sep-22,AAC Plant 2,2,2250-8,19MY PTO TRANSMISSION CASE DC,1,Metal Delivery,15,hot charger out of metal,Casting Process/Equipment,12:45 AM,01:00 AM
1-Sep-22,AAC Plant 2,2,2250-8,19MY PTO TRANSMISSION CASE DC,1,Metal Delivery,-15,,,,
1-Sep-22,AAC Plant 2,2,2250-8,19MY NONPTO TRANSMISSION CASE DC,1,Metal Delivery,15,hot charge out of metal,Casting Process/Equipment,12:45 AM,01:00 AM
2-Sep-22,AAC Plant 2,1,1650-1,"103E Oil Pan, No. 1  DC",2,Other (Indirect),5,training,Casting Process/Equipment,05:15 AM,05:20 AM
2-Sep-22,AAC Plant 2,1,2250-7,A467 Adaptor DC,3,Die Change,90,condition check s/r,Die Related,11:15 AM,12:45 PM
2-Sep-22,AAC Plant 2,1,2250-7,A467 Adaptor DC,3,Condition Check Die,30,cond check,Die Related,08:20 AM,08:50 AM
2-Sep-22,AAC Plant 2,1,2250-7,A467 Adaptor DC,3,Die Change,0,scheduled die change,Die Related,05:15 AM,07:00 AM
2-Sep-22,AAC Plant 2,1,2250-7,A467 Adaptor DC,3,Condition Check Die,10,cond check,Die Related,10:35 AM,10:45 AM
2-Sep-22,AAC Plant 2,1,2250-8,984F Crankcase DC,1,Die Change,0,scheduled die change carry over,Die Related,05:15 AM,06:50 AM
2-Sep-22,AAC Plant 2,2,1650-1,"103E Oil Pan, No. 1  DC",2,Metal Delivery,20,shaker alarm,Casting Process/Equipment,06:40 PM,07:00 PM
2-Sep-22,AAC Plant 2,2,2250-12,BC01 Transmission Case DC,11,Die Change,0,scheduled die change,Die Related,02:00 AM,04:00 AM
2-Sep-22,AAC Plant 2,2,2250-5,G298 TA HOUSING AWD DC,7,Condition Check Die,25,cond check,Die Related,12:35 AM,01:00 AM
2-Sep-22,AAC Plant 2,2,2250-6,946F Crankcase DC,7,Date Stamp-ID,80,date stamp stuck metal behind it,Casting Process/Equipment,05:15 PM,06:35 PM
2-Sep-22,AAC Plant 2,2,800-1,744K CENTER SUPPORT DC,5,Die Change,60,die change,Die Related,06:29 PM,07:29 PM
6-Sep-22,AAC Plant 2,1,2250-10,G300 TRANSMISSION CASE DC,5,Metal Delivery,35,metal low,Casting Process/Equipment,09:00 AM,09:35 AM
6-Sep-22,AAC Plant 2,1,2250-10,G300 TRANSMISSION CASE DC,5,Metal Delivery,20,metal level low,Casting Process/Equipment,02:15 PM,02:35 PM
6-Sep-22,AAC Plant 2,1,2250-10,G300 TRANSMISSION CASE DC,5,Metal Delivery,15,metal low temp,Casting Process/Equipment,08:10 AM,08:25 AM
6-Sep-22,AAC Plant 2,1,2250-11,BC01 Transmission Case DC,7,Water/Die Lube Supply,70,spray fault,Casting Process/Equipment,05:40 AM,06:50 AM
6-Sep-22,AAC Plant 2,1,2250-12,BC01 Transmission Case DC,12,Date Stamp-ID,10,wrong date stamp,Casting Process/Equipment,11:50 AM,12:00 PM
6-Sep-22,AAC Plant 2,1,2250-13,G300 TRANSMISSION CASE DC,8,Water/Die Lube Supply,40,spray fault,Casting Process/Equipment,05:40 AM,06:20 AM
6-Sep-22,AAC Plant 2,1,500-3,G903 Stator Wheel DC,5,Die Change,60,die change broke metal saver,Die Related,04:00 PM,05:00 PM
6-Sep-22,AAC Plant 2,1,800-1,744K CENTER SUPPORT DC,6,Clean Up,6,cleaned shot end,Casting Process/Equipment,10:05 AM,10:11 AM
6-Sep-22,AAC Plant 2,2,2250-12,BC01 Transmission Case DC,12,Date Stamp-ID,10,wrong date stamp,Casting Process/Equipment,05:40 PM,05:50 PM
6-Sep-22,AAC Plant 2,2,2250-2,908K TAH AWD DC,1,Condition Check Die,20,cond check,Die Related,06:15 PM,06:35 PM
6-Sep-22,AAC Plant 2,2,2250-3,G298 TA HOUSING AWD DC,5,Die Change,0,sched die change,Die Related,05:15 PM,07:40 PM
6-Sep-22,AAC Plant 2,2,2250-5,G298 TA HOUSING AWD DC,7,Condition Check Die,25,cond check,Die Related,07:00 PM,07:25 PM
6-Sep-22,AAC Plant 2,2,2250-7,A467 Adaptor DC,3,Die Change,0,scheduled die change,Die Related,03:00 AM,04:30 AM
7-Sep-22,AAC Plant 2,1,2250-1,946F Crankcase DC,10,Other (Indirect),30,carry over,Casting Process/Equipment,11:30 AM,12:00 PM
7-Sep-22,AAC Plant 2,1,2250-11,BC01 Transmission Case DC,7,Clean Up,30,carr over 4sd,Casting Process/Equipment,02:00 PM,02:30 PM
7-Sep-22,AAC Plant 2,1,2250-12,BC01 Transmission Case DC,12,Metal Delivery,20,out of metal,Casting Process/Equipment,10:45 AM,11:05 AM
7-Sep-22,AAC Plant 2,1,2250-12,BC01 Transmission Case DC,12,Condition Check Die,45,cond check thick flash,Die Related,01:35 PM,02:20 PM
7-Sep-22,AAC Plant 2,1,2250-13,G300 TRANSMISSION CASE DC,8,Metal Delivery,10,out of metal,Casting Process/Equipment,10:30 AM,10:40 AM
7-Sep-22,AAC Plant 2,1,2250-6,946F Crankcase DC,7,N/G Tip or Sleeve Change,120,ng shot tip and shot rod,Casting Process/Equipment,07:35 AM,09:35 AM
7-Sep-22,AAC Plant 2,1,2250-8,984F Crankcase DC,1,Condition Check Die,10,cond check,Die Related,09:00 AM,09:10 AM
7-Sep-22,AAC Plant 2,1,2250-9,881 Oil Pan DC,9,Other (Indirect),20,over 4s+d,Casting Process/Equipment,11:30 AM,11:50 AM
7-Sep-22,AAC Plant 2,1,500-2,B700 V6 Stator Wheel DC,9,Other (Indirect),25,running prep,Casting Process/Equipment,05:15 AM,05:40 AM
7-Sep-22,AAC Plant 2,1,500-3,G903 Stator Wheel DC,4,Other (Indirect),15,running prep,Casting Process/Equipment,05:15 AM,05:30 AM
7-Sep-22,AAC Plant 2,1,800-2,G300 CENTER SUPPORT DC,7,Condition Check Die,20,cond check,Die Related,08:23 AM,08:43 AM
7-Sep-22,AAC Plant 2,1,800-3,G300 CENTER SUPPORT DC,8,Date Stamp-ID,15,pwc #1 out of spec,Casting Process/Equipment,05:55 AM,06:10 AM
7-Sep-22,AAC Plant 2,2,2250-12,BC01 Transmission Case DC,12,Condition Check Machine,50,emerg stop,Casting Process/Equipment,01:05 AM,01:55 AM
7-Sep-22,AAC Plant 2,2,2250-12,BC01 Transmission Case DC,12,Metal Delivery,20,scrap chute,Casting Process/Equipment,05:30 PM,05:50 PM
7-Sep-22,AAC Plant 2,2,2250-13,G300 TRANSMISSION CASE DC,8,Condition Check Die,40,cond check,Die Related,12:30 AM,01:10 AM
7-Sep-22,AAC Plant 2,2,2250-2,908K TAH FWD DC,1,Die Change,0,scheduled die change,Die Related,05:15 PM,12:35 AM
7-Sep-22,AAC Plant 2,2,2250-3,G298 TA HOUSING AWD DC,3,Die Change,0,scheduled die chaneg,Die Related,05:15 PM,09:45 PM
7-Sep-22,AAC Plant 2,2,2250-6,587F Crank Case Stiffening DC,29,Die Change,0,scheduled die change,Die Related,05:15 PM,07:00 PM
7-Sep-22,AAC Plant 2,2,800-2,G300 CENTER SUPPORT DC,7,Condition Check Machine,24,cond check,Casting Process/Equipment,01:46 AM,02:10 AM
8-Sep-22,AAC Plant 2,1,2250-10,G300 TRANSMISSION CASE DC,1,Die Change,0,scheduled die chanhge,Die Related,05:15 AM,07:00 AM
8-Sep-22,AAC Plant 2,1,2250-4,946F Crankcase DC,12,Condition Check Machine,20,machine lube low,Casting Process/Equipment,06:40 AM,07:00 AM
8-Sep-22,AAC Plant 2,1,2250-8,984F Crankcase DC,1,Die Change,0,scheduled die change,Die Related,05:15 AM,06:20 AM
8-Sep-22,AAC Plant 2,1,2250-8,984F Crankcase DC,1,Condition Check Die,40,pe working on lamination,Die Related,09:05 AM,09:45 AM
8-Sep-22,AAC Plant 2,1,2250-8,984F Crankcase DC,1,Die Change,210,die change,Die Related,01:00 PM,04:30 PM
8-Sep-22,AAC Plant 2,1,800-1,744K CENTER SUPPORT DC,6,Die Change,45,die change chunk out c2 c3,Die Related,02:00 PM,02:45 PM
8-Sep-22,AAC Plant 2,1,800-1,744K CENTER SUPPORT DC,6,Condition Check Die,50,cond check,Die Related,12:41 PM,01:31 PM
8-Sep-22,AAC Plant 2,1,800-1,744K CENTER SUPPORT DC,6,Condition Check Machine,18,cond check machine,Casting Process/Equipment,11:00 AM,11:18 AM
8-Sep-22,AAC Plant 2,1,800-1,744K CENTER SUPPORT DC,6,Condition Check Die,10,cond check die,Die Related,09:39 AM,09:49 AM
8-Sep-22,AAC Plant 2,2,2250-10,G300 TRANSMISSION CASE DC,5,Die Change,460,die change ulr fault laser fault broke pin,Die Related,09:00 PM,04:45 AM
8-Sep-22,AAC Plant 2,2,2250-10,G300 TRANSMISSION CASE DC,5,Condition Check Die,15,shut down qc req,Die Related,08:45 PM,09:00 PM
8-Sep-22,AAC Plant 2,2,2250-12,BC01 Transmission Case DC,12,Die Change,45,die change broke insert,Die Related,01:00 AM,01:55 AM
8-Sep-22,AAC Plant 2,2,2250-12,BC01 Transmission Case DC,12,Condition Check Die,40,cond chekc thick flash,Die Related,10:20 PM,11:00 PM
8-Sep-22,AAC Plant 2,2,2250-2,908K TAH FWD DC,1,Condition Check Die,20,cond check,Die Related,12:20 AM,12:40 AM
8-Sep-22,AAC Plant 2,2,2250-2,908K TAH FWD DC,1,Condition Check Die,70,lamination discoloration,Die Related,01:10 AM,02:20 AM
8-Sep-22,AAC Plant 2,2,2250-3,G300 TA HOUSING FWD DC,3,Die Change,0,scheduled die change,Die Related,05:15 PM,09:15 PM
8-Sep-22,AAC Plant 2,2,2250-6,587F Crank Case Stiffening DC,29,Die Change,285,die change broke pin c3,Die Related,10:30 PM,03:15 AM
9-Sep-22,AAC Plant 2,1,2250-5,G298 TA HOUSING AWD DC,7,Condition Check Die,10,cond check developer check,Die Related,01:30 PM,01:40 PM
9-Sep-22,AAC Plant 2,1,2250-6,587F Crank Case Stiffening DC,31,Die Change,0,scheduled die change,Die Related,03:00 PM,05:00 PM
9-Sep-22,AAC Plant 2,1,2250-7,A467 Transmission Housing DC,3,Die Change,0,scheduled die change,Die Related,09:30 AM,11:30 AM
9-Sep-22,AAC Plant 2,1,2250-8,984F Crankcase DC,2,Die Change,60,die change,Die Related,03:30 PM,04:30 PM
9-Sep-22,AAC Plant 2,1,500-3,G903 Stator Wheel DC,4,Die Change,30,switching trim dies,Die Related,09:40 AM,10:10 AM
9-Sep-22,AAC Plant 2,1,800-1,744K CENTER SUPPORT DC,5,Other (Indirect),30,catcher bacjed up,Casting Process/Equipment,08:06 AM,08:36 AM
9-Sep-22,AAC Plant 2,1,800-2,G300 CENTER SUPPORT DC,1,Condition Check Die,45,porosity wate rleak,Die Related,09:09 AM,09:54 AM
9-Sep-22,AAC Plant 2,1,800-3,G300 CENTER SUPPORT DC,8,Water/Die Lube Supply,35,water lealk,Casting Process/Equipment,03:55 PM,04:30 PM
9-Sep-22,AAC Plant 2,2,2250-1,946F Crankcase DC,6,Condition Check Die,15,e-polihs,Die Related,04:15 AM,04:30 AM
9-Sep-22,AAC Plant 2,2,2250-1,946F Crankcase DC,6,Die Change,0,scheduled die change,Die Related,05:15 PM,01:30 AM
9-Sep-22,AAC Plant 2,2,2250-6,946F Crankcase DC,10,Die Change,0,scheduled die chanmge,Die Related,05:15 PM,06:20 PM
9-Sep-22,AAC Plant 2,2,2250-9,881 Oil Pan DC,9,Die Change,95,shut down  broke metal saver,Die Related,06:15 PM,07:50 PM
9-Sep-22,AAC Plant 2,2,800-2,G300 CENTER SUPPORT DC,10,Die Change,0,scheduled die change,Die Related,05:15 PM,06:15 PM
10-Sep-22,AAC Plant 2,1,800-2,G300 CENTER SUPPORT DC,10,Die Change,60,die change,Die Related,08:41 AM,09:41 AM
10-Sep-22,AAC Plant 2,2,2250-8,984F Crankcase DC,1,Die Change,0,scheduled die chnage,Die Related,01:00 AM,04:00 AM
12-Sep-22,AAC Plant 2,1,2250-13,G300 TRANSMISSION CASE DC,10,Metal Delivery,15,out of metal,Casting Process/Equipment,02:45 PM,03:00 PM
12-Sep-22,AAC Plant 2,1,2250-6,946F Crankcase DC,10,Die Change,0,scheduled die change,Die Related,09:00 AM,10:10 AM
12-Sep-22,AAC Plant 2,1,2250-8,19MY PTO TRANSMISSION CASE DC,3,Date Stamp-ID,10,wrong month stamp,Casting Process/Equipment,07:00 AM,07:10 AM
12-Sep-22,AAC Plant 2,1,2250-8,19MY PTO TRANSMISSION CASE DC,3,Die Change,0,die change carry over,Die Related,05:30 AM,06:20 AM
12-Sep-22,AAC Plant 2,1,500-1,B700 V6 Stator Wheel DC,9,Condition Check Die,10,cond check,Die Related,12:25 PM,12:35 PM
12-Sep-22,AAC Plant 2,1,500-1,B700 V6 Stator Wheel DC,9,Condition Check Die,-10,,,,
12-Sep-22,AAC Plant 2,1,500-2,B700 V6 Stator Wheel DC,9,Condition Check Die,10,cond check part gauging,Die Related,12:25 PM,12:35 PM
12-Sep-22,AAC Plant 2,1,800-2,G300 CENTER SUPPORT DC,3,Condition Check Machine,83,cond check,Casting Process/Equipment,01:57 PM,03:20 PM
12-Sep-22,AAC Plant 2,2,2250-1,946F Crankcase DC,6,Condition Check Die,65,cond check cold shot,Die Related,11:55 PM,01:00 AM
12-Sep-22,AAC Plant 2,2,2250-13,G300 TRANSMISSION CASE DC,10,Condition Check Die,15,cond check qc req,Die Related,01:50 AM,02:05 AM
12-Sep-22,AAC Plant 2,2,2250-2,908K TAH FWD DC,1,Metal Delivery,20,ct over,Casting Process/Equipment,06:40 PM,07:00 PM
12-Sep-22,AAC Plant 2,2,2250-4,946F Crankcase DC,12,Die Change,0,scheduled die change,Die Related,08:45 PM,11:45 PM
12-Sep-22,AAC Plant 2,2,2250-7,A467 Adaptor DC,3,Die Change,0,scheduled die change,Die Related,03:00 AM,04:30 AM
12-Sep-22,AAC Plant 2,2,800-1,744K CENTER SUPPORT DC,5,Condition Check Machine,28,cond check,Casting Process/Equipment,07:33 PM,08:01 PM
12-Sep-22,AAC Plant 2,2,800-1,744K CENTER SUPPORT DC,5,Condition Check Machine,15,ship ahead failed ng porosity,Casting Process/Equipment,04:15 AM,04:30 AM
13-Sep-22,AAC Plant 2,1,2250-10,G300 TRANSMISSION CASE DC,1,Condition Check Die,35,condition check,Die Related,03:00 PM,03:35 PM
13-Sep-22,AAC Plant 2,1,2250-12,BC01 Transmission Case DC,13,Condition Check Machine,10,cond check,Casting Process/Equipment,09:10 AM,09:20 AM
13-Sep-22,AAC Plant 2,1,2250-2,908K TAH FWD DC,1,Die Change,0,scheduled die change,Die Related,05:30 AM,09:00 AM
13-Sep-22,AAC Plant 2,1,2250-5,G298 TA HOUSING AWD DC,1,Condition Check Die,15,cond check,Die Related,02:15 PM,02:30 PM
13-Sep-22,AAC Plant 2,1,2250-5,G298 TA HOUSING AWD DC,1,Die Change,150,die change leaking pin,Die Related,02:30 PM,05:00 PM
13-Sep-22,AAC Plant 2,1,2250-5,G298 TA HOUSING AWD DC,7,Die Change,120,carry over die change,Die Related,11:30 AM,01:30 PM
13-Sep-22,AAC Plant 2,1,2250-8,19MY NONPTO TRANSMISSION CASE DC,1,Die Change,0,scheduled die change,Die Related,05:15 AM,07:30 AM
13-Sep-22,AAC Plant 2,1,500-2,B700 V6 Stator Wheel DC,9,Other (Indirect),15,running prep,Casting Process/Equipment,05:15 AM,05:30 AM
13-Sep-22,AAC Plant 2,1,800-3,G300 CENTER SUPPORT DC,8,Die Change,68,die flashed on start up,Die Related,08:17 AM,09:25 AM
13-Sep-22,AAC Plant 2,2,2250-11,BC01 Transmission Case DC,7,Die Change,140,die change broke locator pin,Die Related,07:10 PM,09:30 PM
13-Sep-22,AAC Plant 2,2,2250-13,G300 TRANSMISSION CASE DC,10,Ladle-ID,60,url fault small bisc,Casting Process/Equipment,05:35 PM,06:35 PM
13-Sep-22,AAC Plant 2,2,2250-4,984F Crankcase DC,3,Die Change,0,scheduled die change,Die Related,03:00 AM,04:30 AM
13-Sep-22,AAC Plant 2,2,2250-5,G298 TA HOUSING AWD DC,3,Die Change,0,scheduled die change carry over,Die Related,05:15 PM,06:10 PM
13-Sep-22,AAC Plant 2,2,2250-8,19MY NONPTO TRANSMISSION CASE DC,1,Die Change,0,scheduled die change,Die Related,12:40 AM,04:30 AM
13-Sep-22,AAC Plant 2,2,800-2,G300 CENTER SUPPORT DC,3,Condition Check Die,10,shut down cond check,Die Related,02:03 AM,02:13 AM
14-Sep-22,AAC Plant 2,1,2250-12,BC01 Transmission Case DC,13,Metal Delivery,60,cold metal cover furnace,Casting Process/Equipment,06:00 AM,07:00 AM
14-Sep-22,AAC Plant 2,1,2250-2,908K TAH AWD DC,1,Product Change,35,ulr fault tip lube not working,Casting Process/Equipment,06:55 AM,07:30 AM
14-Sep-22,AAC Plant 2,1,2250-2,908K TAH AWD DC,1,Product Change,30,ulr fault tip lube alarm,Casting Process/Equipment,06:10 AM,06:40 AM
14-Sep-22,AAC Plant 2,1,2250-3,G298 TA HOUSING AWD DC,7,Die Change,0,scheduled die change set 7 pulled 3,Die Related,05:00 AM,08:20 AM
14-Sep-22,AAC Plant 2,1,2250-4,946F Crankcase DC,10,Die Change,0,scheduled die change carry over,Die Related,05:00 AM,06:15 AM
14-Sep-22,AAC Plant 2,1,2250-5,G298 TA HOUSING AWD DC,3,Condition Check Die,10,cond check developer check,Die Related,10:30 AM,10:40 AM
14-Sep-22,AAC Plant 2,1,2250-7,587F Crank Case Stiffening DC,31,Condition Check Die,25,checking sprue core bisc bent down,Die Related,10:00 AM,10:25 AM
14-Sep-22,AAC Plant 2,1,2250-8,984F Crankcase DC,3,Die Change,0,scheduled die change,Die Related,05:15 AM,06:00 AM
14-Sep-22,AAC Plant 2,1,500-3,G903 Stator Wheel DC,4,Other (Indirect),21,over 4s+d,Casting Process/Equipment,05:15 AM,05:36 AM
14-Sep-22,AAC Plant 2,2,2250-8,984F Crankcase DC,3,Die Change,180,die change/e-polish on c3/ swap to die 2,Die Related,09:20 PM,12:30 AM
15-Sep-22,AAC Plant 2,1,2250-12,908K TAH AWD DC,1,Condition Check Machine,10,die locking force,Casting Process/Equipment,09:20 AM,09:30 AM
15-Sep-22,AAC Plant 2,1,2250-12,908K TAH AWD DC,1,Condition Check Machine,10,die locking force tonnage too high,Casting Process/Equipment,09:40 AM,09:50 AM
15-Sep-22,AAC Plant 2,1,2250-12,908K TAH AWD DC,1,Condition Check Machine,-10,,,,
15-Sep-22,AAC Plant 2,1,2250-12,908K TAH AWD DC,1,Condition Check Machine,-10,,,,
15-Sep-22,AAC Plant 2,1,2250-2,908K TAH AWD DC,1,Condition Check Machine,10,die locking force,Casting Process/Equipment,09:40 AM,09:50 AM
15-Sep-22,AAC Plant 2,1,2250-2,908K TAH AWD DC,1,Condition Check Machine,10,die locking force,Casting Process/Equipment,09:20 AM,09:30 AM
15-Sep-22,AAC Plant 2,1,2250-5,G298 TA HOUSING AWD DC,3,Condition Check Die,10,cond check,Die Related,04:20 PM,04:30 PM
15-Sep-22,AAC Plant 2,1,2250-8,984F Crankcase DC,2,Die Change,0,scheduled die change,Die Related,02:00 PM,05:00 PM
15-Sep-22,AAC Plant 2,1,800-2,G300 CENTER SUPPORT DC,3,N/G Tip or Sleeve Change,40,small bisc,Casting Process/Equipment,05:40 AM,06:20 AM
15-Sep-22,AAC Plant 2,2,2250-12,BC01 Transmission Case DC,13,Clean Up,10,clean up cage shot ebd,Casting Process/Equipment,05:15 PM,05:25 PM
15-Sep-22,AAC Plant 2,2,2250-6,G300 TA HOUSING FWD DC,3,Die Change,0,scheduled die change,Die Related,05:15 PM,12:45 AM
15-Sep-22,AAC Plant 2,2,2250-6,G300 TA HOUSING FWD DC,3,Other (Indirect),75,stop call wait,Casting Process/Equipment,12:45 AM,02:00 AM
15-Sep-22,AAC Plant 2,2,2250-6,G300 TA HOUSING FWD DC,3,Condition Check Machine,20,contamination on part,Casting Process/Equipment,03:05 AM,03:25 AM
15-Sep-22,AAC Plant 2,2,800-1,908K Center Support DC,1,Condition Check Die,19,ng floor height,Die Related,10:46 PM,11:05 PM
15-Sep-22,AAC Plant 2,2,800-2,G300 CENTER SUPPORT DC,3,Condition Check Die,5,cond check,Die Related,01:40 AM,01:45 AM
16-Sep-22,AAC Plant 2,1,2250-10,G300 TRANSMISSION CASE DC,1,Die Change,110,die change to die 3,Die Related,01:15 PM,03:05 PM
16-Sep-22,AAC Plant 2,1,2250-13,G300 TRANSMISSION CASE DC,10,Condition Check Machine,20,PE checking water,Casting Process/Equipment,10:35 AM,10:55 AM
16-Sep-22,AAC Plant 2,1,2250-13,G300 TRANSMISSION CASE DC,10,Metal Delivery,15,ladle arm return over run,Casting Process/Equipment,08:30 AM,08:45 AM
16-Sep-22,AAC Plant 2,1,2250-5,G298 TA HOUSING AWD DC,3,Condition Check Die,10,cond check,Die Related,04:00 PM,04:10 PM
16-Sep-22,AAC Plant 2,1,2250-6,G300 TA HOUSING FWD DC,3,Water/Die Lube Supply,10,pwc fault line popped off,Casting Process/Equipment,06:05 AM,06:15 AM
16-Sep-22,AAC Plant 2,2,2250-10,G300 TRANSMISSION CASE DC,3,Clean Up,30,carry over 4s+d,Casting Process/Equipment,11:35 PM,12:05 AM
16-Sep-22,AAC Plant 2,2,2250-5,G298 TA HOUSING AWD DC,7,Die Change,0,scheduled die change,Die Related,05:15 PM,10:15 PM
16-Sep-22,AAC Plant 2,2,2250-7,587F Crank Case Stiffening DC,31,Die Change,110,shot return t/o,Die Related,09:10 PM,11:00 PM
17-Sep-22,AAC Plant 2,1,2250-3,G298 TA HOUSING AWD DC,4,Date Stamp-ID,15,over start,Casting Process/Equipment,05:15 AM,05:30 AM
17-Sep-22,AAC Plant 2,1,2250-8,19MY PTO TRANSMISSION CASE DC,3,Date Stamp-ID,15,over start,Casting Process/Equipment,05:15 AM,05:30 AM
17-Sep-22,AAC Plant 2,2,2250-6,G300 TA HOUSING FWD DC,3,Die Change,0,scheduled die change,Die Related,02:00 AM,04:00 AM
17-Sep-22,AAC Plant 2,2,2250-9,881 Oil Pan DC,10,Metal Delivery,25,ladle arm over run metal level low,Casting Process/Equipment,12:20 AM,12:45 AM
19-Sep-22,AAC Plant 2,1,2250-12,BC01 Transmission Case DC,13,Die Change,125,die change bent pin,Die Related,06:50 AM,08:55 AM
19-Sep-22,AAC Plant 2,1,2250-2,908K TAH AWD DC,1,Die Change,0,scheduled die change,Die Related,01:00 PM,02:30 PM
19-Sep-22,AAC Plant 2,1,500-3,G903 Stator Wheel DC,5,Die Change,20,die change,Die Related,03:10 PM,03:30 PM
19-Sep-22,AAC Plant 2,2,2250-11,BC01 Transmission Case DC,7,Ladle-ID,10,ulr fault bisc too small,Casting Process/Equipment,02:10 AM,02:20 AM
19-Sep-22,AAC Plant 2,2,2250-4,946F Crankcase DC,10,Clean Up,10,over 4s+d,Casting Process/Equipment,11:00 PM,11:10 PM
19-Sep-22,AAC Plant 2,2,500-3,G903 Stator Wheel DC,4,Water/Die Lube Supply,5,shot fault,Casting Process/Equipment,09:25 PM,09:30 PM
19-Sep-22,AAC Plant 2,2,800-1,908K Center Support DC,1,Die Change,0,scheduled die change,Die Related,10:00 PM,11:00 PM
20-Sep-22,AAC Plant 2,1,2250-1,946F Crankcase DC,12,Condition Check Machine,30,cond check,Casting Process/Equipment,02:05 PM,02:35 PM
20-Sep-22,AAC Plant 2,1,2250-2,908K TAH AWD DC,1,Die Change,125,die change shut down flash over mount holes,Die Related,07:40 AM,09:45 AM
20-Sep-22,AAC Plant 2,1,2250-3,G298 TA HOUSING AWD DC,4,Die Change,0,scheduled die change,Die Related,03:30 PM,05:00 PM
20-Sep-22,AAC Plant 2,1,2250-7,587F Crank Case Stiffening DC,29,Die Change,0,scheduled die change,Die Related,09:20 AM,11:00 AM
20-Sep-22,AAC Plant 2,2,2250-1,946F Crankcase DC,12,Water/Die Lube Supply,75,water supply ng,Casting Process/Equipment,01:55 AM,03:20 AM
20-Sep-22,AAC Plant 2,2,2250-3,G300 TA HOUSING FWD DC,4,Die Change,0,scheduled die change carry over,Die Related,05:15 PM,06:35 PM
20-Sep-22,AAC Plant 2,2,2250-8,19MY NONPTO TRANSMISSION CASE DC,1,Clean Up,10,over 4s+d,Casting Process/Equipment,11:00 PM,11:10 PM
21-Sep-22,AAC Plant 2,1,2250-3,G300 TA HOUSING FWD DC,4,Condition Check Die,10,cond check,Die Related,03:30 PM,03:40 PM
21-Sep-22,AAC Plant 2,1,2250-9,881 Oil Pan DC,10,N/G Tip or Sleeve Change,35,bad prod metal pressure,Casting Process/Equipment,03:55 PM,04:30 PM
21-Sep-22,AAC Plant 2,1,500-2,B700 V6 Stator Wheel DC,9,Condition Check Die,20,tp jammed up,Die Related,02:20 PM,02:40 PM
21-Sep-22,AAC Plant 2,1,500-2,B700 V6 Stator Wheel DC,9,Condition Check Die,45,cond check outter band ng fg,Die Related,09:05 AM,10:00 AM
21-Sep-22,AAC Plant 2,2,2250-10,G300 TRANSMISSION CASE DC,3,Condition Check Die,35,shut down,Die Related,12:25 AM,01:00 AM
21-Sep-22,AAC Plant 2,2,2250-10,G300 TRANSMISSION CASE DC,3,Condition Check Die,25,shut down  discolor in part,Die Related,06:15 PM,06:40 PM
21-Sep-22,AAC Plant 2,2,2250-10,G300 TRANSMISSION CASE DC,3,Condition Check Die,20,cond check die,Die Related,05:15 PM,05:35 PM
21-Sep-22,AAC Plant 2,2,2250-13,G300 TRANSMISSION CASE DC,10,Die Change,75,die change leaking pwc pin ss,Die Related,12:30 AM,01:45 AM
21-Sep-22,AAC Plant 2,2,2250-13,G300 TRANSMISSION CASE DC,10,Condition Check Die,45,condition check,Die Related,08:45 PM,09:30 PM
21-Sep-22,AAC Plant 2,2,2250-8,19MY NONPTO TRANSMISSION CASE DC,1,Die Change,0,scheduled die change,Die Related,02:35 AM,04:30 AM
21-Sep-22,AAC Plant 2,2,2250-9,881 Oil Pan DC,10,N/G Tip or Sleeve Change,50,shut down missing at sleeve,Casting Process/Equipment,11:40 PM,12:30 AM
22-Sep-22,AAC Plant 2,1,2250-10,G300 TRANSMISSION CASE DC,3,Condition Check Die,60,cond check,Die Related,09:35 AM,10:35 AM
22-Sep-22,AAC Plant 2,1,2250-10,G300 TRANSMISSION CASE DC,3,Die Change,130,die change,Die Related,12:55 PM,03:10 PM
22-Sep-22,AAC Plant 2,1,2250-12,BC01 Transmission Case DC,13,N/G Tip or Sleeve Change,40,part broke off bisc,Casting Process/Equipment,07:20 AM,08:00 AM
22-Sep-22,AAC Plant 2,1,2250-3,G300 TA HOUSING FWD DC,4,Condition Check Machine,10,cond check lamination,Casting Process/Equipment,02:35 PM,02:45 PM
22-Sep-22,AAC Plant 2,1,2250-3,G300 TA HOUSING FWD DC,4,Condition Check Die,20,cond check,Die Related,01:15 PM,01:35 PM
22-Sep-22,AAC Plant 2,1,2250-8,19MY PTO TRANSMISSION CASE DC,3,Die Change,0,scheduled die chnage,Die Related,05:15 AM,06:00 AM
22-Sep-22,AAC Plant 2,1,2250-9,881 Oil Pan DC,10,Date Stamp-ID,10,over start,Casting Process/Equipment,05:15 AM,05:25 AM
22-Sep-22,AAC Plant 2,1,500-3,G903 Stator Wheel DC,4,N/G Tip or Sleeve Change,45,broke shot tip u,Casting Process/Equipment,03:15 PM,04:00 PM
22-Sep-22,AAC Plant 2,1,800-1,908K Center Support DC,2,Condition Check Die,90,called pe for floor height,Die Related,10:00 AM,11:30 AM
22-Sep-22,AAC Plant 2,1,800-2,G300 CENTER SUPPORT DC,8,Other (Indirect),10,extractor fault no scrap hoppers called melt,Casting Process/Equipment,06:48 AM,06:58 AM
22-Sep-22,AAC Plant 2,1,800-2,G300 CENTER SUPPORT DC,8,Die Change,0,scheduled die cahnge,Die Related,10:00 AM,11:20 AM
22-Sep-22,AAC Plant 2,1,800-3,G300 CENTER SUPPORT DC,7,Die Change,120,water leak,Die Related,09:50 AM,11:50 AM
22-Sep-22,AAC Plant 2,2,2250-10,G300 TRANSMISSION CASE DC,1,Condition Check Die,25,condition check,Die Related,04:05 AM,04:30 AM
22-Sep-22,AAC Plant 2,2,2250-10,G300 TRANSMISSION CASE DC,5,Die Change,230,die change shut down broke pin c4,Die Related,08:45 PM,12:35 AM
22-Sep-22,AAC Plant 2,2,2250-12,BC01 Transmission Case DC,13,Condition Check Die,80,condition check,Die Related,10:40 PM,12:00 AM
22-Sep-22,AAC Plant 2,2,2250-13,G300 TRANSMISSION CASE DC,8,Condition Check Die,35,cond check,Die Related,07:45 PM,08:20 PM
22-Sep-22,AAC Plant 2,2,2250-13,G300 TRANSMISSION CASE DC,8,Condition Check Die,40,cond check failed leak,Die Related,10:10 PM,10:50 PM
22-Sep-22,AAC Plant 2,2,2250-4,946F Crankcase DC,10,Clean Up,30,over 4s+f,Casting Process/Equipment,11:00 AM,11:30 PM
22-Sep-22,AAC Plant 2,2,2250-6,587F Crank Case Stiffening DC,29,Die Change,0,scheduled die change,Die Related,05:15 PM,07:40 PM
22-Sep-22,AAC Plant 2,2,2250-6,587F Crank Case Stiffening DC,29,Die Change,165,cond check wall too thin,Die Related,08:15 PM,11:00 PM
22-Sep-22,AAC Plant 2,2,2250-8,19MY PTO TRANSMISSION CASE DC,3,Die Change,0,scheduled die change,Die Related,02:00 AM,05:00 AM
22-Sep-22,AAC Plant 2,2,2250-8,19MY PTO TRANSMISSION CASE DC,3,Clean Up,20,over 4s+f,Casting Process/Equipment,12:00 AM,12:20 AM
22-Sep-22,AAC Plant 2,2,800-1,908K Center Support DC,2,Condition Check Machine,48,cond check,Casting Process/Equipment,07:12 PM,08:05 PM
22-Sep-22,AAC Plant 2,2,800-1,908K Center Support DC,2,Condition Check Machine,22,cond check,Casting Process/Equipment,09:38 PM,10:00 PM
22-Sep-22,AAC Plant 2,2,800-1,908K Center Support DC,2,Die Change,75,die change,Die Related,10:00 PM,11:15 PM
22-Sep-22,AAC Plant 2,2,800-1,908K Center Support DC,2,Condition Check Machine,44,cond check,Casting Process/Equipment,08:29 PM,09:13 PM
22-Sep-22,AAC Plant 2,2,800-1,908K Center Support DC,2,Condition Check Machine,26,cond check,Casting Process/Equipment,06:31 PM,06:57 PM
22-Sep-22,AAC Plant 2,2,800-1,908K Center Support DC,3,Condition Check Machine,25,cond check floor height ng,Casting Process/Equipment,04:20 AM,04:45 AM
23-Sep-22,AAC Plant 2,1,2250-10,G300 TRANSMISSION CASE DC,1,Condition Check Die,25,cond check,Die Related,07:45 AM,08:10 AM
23-Sep-22,AAC Plant 2,1,2250-3,G300 TA HOUSING FWD DC,4,Other (Indirect),10,shut down fabrication working under deck,Casting Process/Equipment,07:00 AM,07:10 AM
23-Sep-22,AAC Plant 2,1,2250-4,946F Crankcase DC,10,Die Change,110,die change /shut down broke metal saver ms,Die Related,01:30 PM,03:20 PM
23-Sep-22,AAC Plant 2,1,2250-7,A467 Adaptor DC,3,Die Change,0,scheduled die change,Die Related,05:15 AM,07:15 AM
23-Sep-22,AAC Plant 2,1,500-3,G903 Stator Wheel DC,4,Metal Delivery,40,melt dept cleaning furnace,Casting Process/Equipment,05:15 AM,05:55 AM
23-Sep-22,AAC Plant 2,1,800-1,908K Center Support DC,3,Die Change,27,"Die change pulled 3 set 1, hyd leak c1",Die Related,06:02 AM,07:29 AM
23-Sep-22,AAC Plant 2,1,800-2,G300 CENTER SUPPORT DC,10,Die Change,65,die change,Die Related,12:57 PM,02:02 PM
23-Sep-22,AAC Plant 2,2,2250-10,G300 TRANSMISSION CASE DC,1,Condition Check Die,10,shut down parts not passing leak test,Die Related,10:05 PM,10:15 PM
23-Sep-22,AAC Plant 2,2,2250-10,G300 TRANSMISSION CASE DC,1,Metal Delivery,10,hot charge fault ct over,Casting Process/Equipment,01:40 AM,01:50 AM
23-Sep-22,AAC Plant 2,2,2250-10,G300 TRANSMISSION CASE DC,1,Metal Delivery,25,shut down /leakers 2/3,Casting Process/Equipment,02:55 AM,03:20 AM
23-Sep-22,AAC Plant 2,2,2250-13,G300 TRANSMISSION CASE DC,8,Metal Delivery,10,metal fault,Casting Process/Equipment,06:00 PM,06:10 PM
23-Sep-22,AAC Plant 2,2,2250-9,881 Oil Pan DC,10,Metal Delivery,15,ladle arm over run,Casting Process/Equipment,01:35 AM,01:50 AM
24-Sep-22,AAC Plant 2,2,2250-13,G300 TRANSMISSION CASE DC,8,Condition Check Die,35,cond check,Die Related,10:00 PM,10:35 PM
25-Sep-22,AAC Plant 2,1,2250-13,G300 TRANSMISSION CASE DC,8,Die Change,135,die change /shut down broke pin ms main core,Die Related,12:00 PM,02:15 PM
26-Sep-22,AAC Plant 2,1,2250-1,946F Crankcase DC,12,Water/Die Lube Supply,40,water line on ss,Casting Process/Equipment,06:10 AM,06:50 AM
26-Sep-22,AAC Plant 2,1,2250-10,G300 TRANSMISSION CASE DC,1,Die Change,0,sched die change,Die Related,05:30 AM,06:30 AM
26-Sep-22,AAC Plant 2,1,2250-12,BC01 Transmission Case DC,13,Condition Check Machine,20,spray fault ss no good,Casting Process/Equipment,08:00 AM,08:20 AM
26-Sep-22,AAC Plant 2,1,2250-13,G300 TRANSMISSION CASE DC,6,Condition Check Die,45,pe cond check,Die Related,11:15 AM,12:00 PM
26-Sep-22,AAC Plant 2,1,2250-9,881 Oil Pan DC,10,Metal Delivery,25,low meral,Casting Process/Equipment,01:30 PM,01:55 PM
26-Sep-22,AAC Plant 2,1,800-2,G300 CENTER SUPPORT DC,12,Die Change,60,die change cracked sprue bushing,Die Related,06:21 AM,07:21 AM
26-Sep-22,AAC Plant 2,2,1650-1,881 Oil Pan DC,8,Die Change,0,scheduled die change,Die Related,05:15 PM,07:15 PM
26-Sep-22,AAC Plant 2,2,2250-11,BC01 Transmission Case DC,12,Condition Check Die,20,cond check,Die Related,11:40 PM,12:00 AM
26-Sep-22,AAC Plant 2,2,2250-11,BC01 Transmission Case DC,7,Die Change,105,die change broke pin c4 leaking pin c1,Die Related,06:30 PM,08:15 PM
26-Sep-22,AAC Plant 2,2,2250-12,BC01 Transmission Case DC,13,Condition Check Die,15,cond check,Die Related,07:00 PM,07:15 PM
26-Sep-22,AAC Plant 2,2,2250-8,984F Crankcase DC,2,Die Change,0,scheduled die change,Die Related,04:00 AM,04:45 AM
27-Sep-22,AAC Plant 2,1,2250-1,946F Crankcase DC,12,Other (Indirect),15,op on other dcm,Casting Process/Equipment,11:30 AM,11:45 AM
27-Sep-22,AAC Plant 2,1,2250-1,BC01 Transmission Case DC,17,Date Stamp-ID,10,replace date stamp,Casting Process/Equipment,10:30 AM,10:40 AM
27-Sep-22,AAC Plant 2,1,2250-1,BC01 Transmission Case DC,17,Condition Check Die,25,cold shot,Die Related,12:35 PM,01:00 PM
27-Sep-22,AAC Plant 2,1,2250-1,BC01 Transmission Case DC,17,Date Stamp-ID,10,date stamp loose,Casting Process/Equipment,10:10 AM,10:20 AM
27-Sep-22,AAC Plant 2,1,2250-1,BC01 Transmission Case DC,7,Date Stamp-ID,-10,,,,
27-Sep-22,AAC Plant 2,1,2250-1,BC01 Transmission Case DC,7,Date Stamp-ID,-10,,,,
27-Sep-22,AAC Plant 2,1,2250-1,BC01 Transmission Case DC,7,Condition Check Die,-25,,,,
27-Sep-22,AAC Plant 2,1,2250-1,BC01 Transmission Case DC,7,Date Stamp-ID,-25,,,,
27-Sep-22,AAC Plant 2,1,2250-1,BC01 Transmission Case DC,7,Date Stamp-ID,-10,,,,
27-Sep-22,AAC Plant 2,1,2250-1,BC01 Transmission Case DC,7,Date Stamp-ID,-10,,,,
27-Sep-22,AAC Plant 2,1,2250-11,BC01 Transmission Case DC,7,Condition Check Die,25,cold shot insert,Die Related,12:35 PM,01:00 PM
27-Sep-22,AAC Plant 2,1,2250-11,BC01 Transmission Case DC,7,Date Stamp-ID,10,replace date stamp,Casting Process/Equipment,10:30 AM,10:40 AM
27-Sep-22,AAC Plant 2,1,2250-11,BC01 Transmission Case DC,7,Date Stamp-ID,10,date stamp loose,Casting Process/Equipment,10:10 AM,10:20 AM
27-Sep-22,AAC Plant 2,1,2250-11,BC01 Transmission Case DC,7,Date Stamp-ID,10,date stamp,Casting Process/Equipment,10:10 AM,10:20 AM
27-Sep-22,AAC Plant 2,1,2250-11,BC01 Transmission Case DC,7,Date Stamp-ID,10,replace date stamp,Casting Process/Equipment,10:30 AM,10:40 AM
27-Sep-22,AAC Plant 2,1,2250-11,BC01 Transmission Case DC,7,Condition Check Die,25,cold shot on insert,Die Related,12:35 PM,01:00 PM
27-Sep-22,AAC Plant 2,1,2250-12,BC01 Transmission Case DC,13,Condition Check Die,15,cond check cold shot on parts,Die Related,03:15 PM,03:30 PM
27-Sep-22,AAC Plant 2,1,2250-3,G300 TA HOUSING FWD DC,4,N/G Tip or Sleeve Change,230,shot pressure tip joint broke,Casting Process/Equipment,07:20 AM,11:10 AM
27-Sep-22,AAC Plant 2,1,500-3,G903 Stator Wheel DC,4,Condition Check Die,30,floor height measuring ng,Die Related,06:30 AM,07:00 AM
27-Sep-22,AAC Plant 2,2,2250-1,946F Crankcase DC,12,Condition Check Die,10,condition check,Die Related,12:30 AM,12:40 AM
27-Sep-22,AAC Plant 2,2,2250-4,946F Crankcase DC,6,Die Change,0,scheduled die change,Die Related,01:45 AM,04:45 AM
27-Sep-22,AAC Plant 2,2,2250-6,587F Crank Case Stiffening DC,31,Die Change,0,scheduled die change,Die Related,03:00 AM,04:45 AM
27-Sep-22,AAC Plant 2,2,2250-8,984F Crankcase DC,2,Die Change,0,scheduled die change,Die Related,03:00 AM,04:45 AM
27-Sep-22,AAC Plant 2,2,800-1,908K Center Support DC,1,Condition Check Machine,11,cond check galling c4,Casting Process/Equipment,09:35 PM,09:46 PM
28-Sep-22,AAC Plant 2,1,2250-10,G300 TRANSMISSION CASE DC,1,Die Change,180,die change,Die Related,11:30 AM,02:30 PM
28-Sep-22,AAC Plant 2,1,2250-10,G300 TRANSMISSION CASE DC,1,Condition Check Die,30,cond check,Die Related,08:50 AM,09:20 AM
28-Sep-22,AAC Plant 2,1,2250-12,BC01 Transmission Case DC,13,Condition Check Die,15,cond check,Die Related,06:00 AM,06:15 AM
28-Sep-22,AAC Plant 2,1,2250-12,BC01 Transmission Case DC,13,Clean Up,15,over 4s+f,Casting Process/Equipment,02:00 PM,02:15 PM
28-Sep-22,AAC Plant 2,1,2250-13,G300 TRANSMISSION CASE DC,6,Die Change,310,die change,Die Related,09:30 AM,02:40 PM
28-Sep-22,AAC Plant 2,1,2250-13,G300 TRANSMISSION CASE DC,6,Condition Check Die,20,cond check,Die Related,09:00 AM,09:20 AM
28-Sep-22,AAC Plant 2,1,2250-2,908K TAH AWD DC,2,Condition Check Machine,10,water not flowout of shot sleeve,Casting Process/Equipment,01:15 PM,01:25 PM
28-Sep-22,AAC Plant 2,1,2250-3,G300 TA HOUSING FWD DC,4,Die Change,0,scheduled die change,Die Related,03:00 PM,05:00 PM
28-Sep-22,AAC Plant 2,1,2250-4,946F Crankcase DC,11,Die Change,0,scheduled die change,Die Related,05:00 AM,07:20 AM
28-Sep-22,AAC Plant 2,1,2250-6,984F Crankcase DC,2,Die Change,0,scheduled die change carry over,Die Related,05:15 AM,07:25 AM
28-Sep-22,AAC Plant 2,2,2250-2,908K TAH AWD DC,2,Condition Check Die,10,cycle stop per PE,Die Related,01:30 AM,01:40 AM
28-Sep-22,AAC Plant 2,2,2250-3,G298 TA HOUSING AWD DC,3,Die Change,0,scheduled die change,Die Related,05:15 PM,08:15 PM
28-Sep-22,AAC Plant 2,2,2250-3,G298 TA HOUSING AWD DC,3,Die Change,95,die change broke metal saver,Die Related,03:10 AM,04:45 AM
28-Sep-22,AAC Plant 2,2,2250-6,984F Crankcase DC,2,Die Change,10,carry over from 4s+d,Die Related,11:20 PM,11:30 PM
28-Sep-22,AAC Plant 2,2,2250-7,A467 Transmission Housing DC,3,Condition Check Die,15,cond check cold shot,Die Related,09:35 PM,09:50 PM
28-Sep-22,AAC Plant 2,2,2250-7,A467 Transmission Housing DC,3,Condition Check Die,15,condition check,Die Related,08:55 PM,09:10 PM
28-Sep-22,AAC Plant 2,2,2250-7,A467 Transmission Housing DC,3,Die Change,0,scheduled die change,Die Related,05:15 PM,08:00 PM
28-Sep-22,AAC Plant 2,2,800-1,908K Center Support DC,3,Clean Up,285,stop call wait,Casting Process/Equipment,06:45 PM,11:30 PM
28-Sep-22,AAC Plant 2,2,800-1,908K Center Support DC,3,Condition Check Machine,21,condition check,Casting Process/Equipment,06:24 PM,06:45 PM
28-Sep-22,AAC Plant 2,2,800-2,G300 CENTER SUPPORT DC,10,Die Change,25,finish setting die,Die Related,12:00 AM,12:25 AM
29-Sep-22,AAC Plant 2,1,2250-10,G300 TRANSMISSION CASE DC,5,Condition Check Die,10,developer check,Die Related,11:40 AM,11:50 AM
29-Sep-22,AAC Plant 2,1,2250-3,G298 TA HOUSING AWD DC,4,Die Change,0,scheduled die change from prev shift,Die Related,05:15 AM,05:35 AM
29-Sep-22,AAC Plant 2,1,500-3,G903 Stator Wheel DC,4,Die Change,16,die change to 5,Die Related,08:50 AM,09:06 AM
29-Sep-22,AAC Plant 2,1,800-2,G300 CENTER SUPPORT DC,10,Condition Check Machine,30,ditch line filling with water,Casting Process/Equipment,07:23 AM,07:53 AM
29-Sep-22,AAC Plant 2,2,2250-10,G300 TRANSMISSION CASE DC,5,Die Change,190,die change broke pin,Die Related,07:20 PM,10:30 PM
29-Sep-22,AAC Plant 2,2,2250-2,908K TAH AWD DC,2,Die Change,0,scheduled die change,Die Related,04:00 AM,04:45 AM
29-Sep-22,AAC Plant 2,2,2250-8,19MY NONPTO TRANSMISSION CASE DC,1,Die Change,0,schedule die change,Die Related,05:15 PM,07:50 PM
29-Sep-22,AAC Plant 2,2,2250-8,19MY NONPTO TRANSMISSION CASE DC,1,Die Change,200,cond check broken pin ss,Die Related,08:10 PM,11:30 PM
29-Sep-22,AAC Plant 2,2,800-1,908K Center Support DC,2,Ladle-ID,21,cond chck,Casting Process/Equipment,07:42 PM,08:03 PM
29-Sep-22,AAC Plant 2,2,800-2,G300 CENTER SUPPORT DC,10,Clean Up,20,scrap coinfeyor,Casting Process/Equipment,05:15 PM,05:35 PM
29-Sep-22,AAC Plant 2,2,800-3,G300 CENTER SUPPORT DC,9,Clean Up,70,scrap conveyor wont move,Casting Process/Equipment,05:15 PM,06:25 PM
30-Sep-22,AAC Plant 2,1,2250-13,G300 TRANSMISSION CASE DC,7,Die Change,65,die change,Die Related,09:00 AM,10:05 AM
30-Sep-22,AAC Plant 2,1,2250-2,908K TAH FWD DC,2,Condition Check Machine,30,cond check ng lamination on parts,Casting Process/Equipment,04:00 PM,04:30 PM
30-Sep-22,AAC Plant 2,1,800-1,908K Center Support DC,2,Clean Up,30,cleaning shot end,Casting Process/Equipment,04:00 PM,04:30 PM
30-Sep-22,AAC Plant 2,1,800-2,G300 CENTER SUPPORT DC,10,Clean Up,30,cleaning shot ends,Casting Process/Equipment,04:00 PM,04:30 PM
30-Sep-22,AAC Plant 2,1,800-3,G300 CENTER SUPPORT DC,9,Clean Up,30,cleaning oil,Casting Process/Equipment,06:12 AM,06:42 AM
30-Sep-22,AAC Plant 2,2,2250-10,G300 TRANSMISSION CASE DC,3,Condition Check Die,25,shut down shrinkage crack c4,Die Related,01:45 AM,02:10 AM
30-Sep-22,AAC Plant 2,2,2250-8,19MY NONPTO TRANSMISSION CASE DC,1,Die Change,0,scheduled die change,Die Related,05:15 PM,04:00 AM
30-Sep-22,AAC Plant 2,2,500-3,G903 Stator Wheel DC,5,Condition Check Die,20,cond check,Die Related,10:00 PM,10:20 PM
1-Oct-22,AAC Plant 2,2,2250-13,G300 TRANSMISSION CASE DC,9,Metal Delivery,20,molten metal fault,Casting Process/Equipment,06:40 PM,07:00 PM
1-Oct-22,AAC Plant 2,2,2250-8,19MY NONPTO TRANSMISSION CASE DC,1,Die Change,0,scheduled die change carry over,Die Related,05:15 PM,06:15 PM
3-Oct-22,AAC Plant 2,1,2250-13,G300 TRANSMISSION CASE DC,9,Die Change,330,die change,Die Related,10:30 AM,04:00 PM
3-Oct-22,AAC Plant 2,1,2250-3,G300 TRANSMISSION CASE DC,3,Die Change,0,scheduled die change,Die Related,05:00 AM,08:00 AM
3-Oct-22,AAC Plant 2,1,2250-8,19MY NONPTO TRANSMISSION CASE DC,1,Die Change,110,center hub leak,Die Related,12:15 PM,02:05 PM
3-Oct-22,AAC Plant 2,1,500-3,G903 Stator Wheel DC,5,Condition Check Die,10,cond check,Die Related,12:00 AM,12:10 AM
3-Oct-22,AAC Plant 2,1,500-3,G903 Stator Wheel DC,5,Condition Check Die,-10,,,,
3-Oct-22,AAC Plant 2,2,2250-11,BC01 Transmission Case DC,11,Die Change,130,die change squeeze pin,Die Related,06:50 PM,09:00 PM
3-Oct-22,AAC Plant 2,2,2250-7,587F Crank Case Stiffening DC,31,Die Change,0,scheduled die change,Die Related,05:15 PM,07:10 PM
4-Oct-22,AAC Plant 2,1,2250-12,BC01 Transmission Case DC,13,Ladle-ID,10,ulr dropped part at servo,Casting Process/Equipment,08:00 AM,08:10 AM
4-Oct-22,AAC Plant 2,1,2250-4,946F Crankcase DC,11,Other (Indirect),15,operator on other dcm,Casting Process/Equipment,05:15 AM,05:30 AM
4-Oct-22,AAC Plant 2,1,2250-8,19MY PTO TRANSMISSION CASE DC,3,Condition Check Die,5,pe shut down,Die Related,07:15 AM,07:20 AM
4-Oct-22,AAC Plant 2,1,2250-9,881 Oil Pan DC,10,Metal Delivery,10,low metal,Casting Process/Equipment,06:00 AM,06:10 AM
4-Oct-22,AAC Plant 2,2,2250-11,BC01 Transmission Case DC,7,Metal Delivery,10,low metal temp,Casting Process/Equipment,04:00 AM,04:10 AM
4-Oct-22,AAC Plant 2,2,2250-11,BC01 Transmission Case DC,7,Metal Delivery,50,alum temp too low,Casting Process/Equipment,02:00 AM,02:50 AM
4-Oct-22,AAC Plant 2,2,2250-13,G300 TRANSMISSION CASE DC,9,Metal Delivery,20,molten metal low level,Casting Process/Equipment,10:50 PM,11:10 PM
4-Oct-22,AAC Plant 2,2,2250-4,946F Crankcase DC,11,Clean Up,5,over 4s+d,Casting Process/Equipment,09:55 PM,10:00 PM
4-Oct-22,AAC Plant 2,2,2250-4,946F Crankcase DC,11,Other (Indirect),15,operator on other dcm,Casting Process/Equipment,05:15 AM,05:30 AM
4-Oct-22,AAC Plant 2,2,2250-4,946F Crankcase DC,11,Other (Indirect),-15,,,,
4-Oct-22,AAC Plant 2,2,2250-6,984F Crankcase DC,2,Die Change,35,stuck part,Die Related,01:20 AM,01:55 AM
4-Oct-22,AAC Plant 2,2,2250-7,587F Crank Case Stiffening DC,31,Die Change,25,carry over 4s+d,Die Related,11:05 PM,11:30 PM
4-Oct-22,AAC Plant 2,2,500-3,G903 Stator Wheel DC,6,Die Change,45,die change,Die Related,06:00 PM,06:45 PM
5-Oct-22,AAC Plant 2,1,2250-10,G300 TRANSMISSION CASE DC,3,Condition Check Die,10,cond check,Die Related,11:50 AM,12:00 PM
5-Oct-22,AAC Plant 2,1,2250-10,G300 TRANSMISSION CASE DC,3,Die Change,0,scheduled die change,Die Related,02:10 PM,05:00 PM
5-Oct-22,AAC Plant 2,1,2250-2,908K TAH FWD DC,2,Die Change,0,scheduled die change,Die Related,05:00 AM,08:05 AM
5-Oct-22,AAC Plant 2,1,2250-6,984F Crankcase DC,2,Condition Check Die,25,cond check discoloration on part,Die Related,06:45 AM,07:10 AM
5-Oct-22,AAC Plant 2,1,2250-6,984F Crankcase DC,2,Condition Check Die,25,cond check discoloration,Die Related,06:45 AM,07:10 AM
5-Oct-22,AAC Plant 2,1,2250-6,984F Crankcase DC,2,Condition Check Die,-25,,,,
5-Oct-22,AAC Plant 2,1,2250-7,587F Crank Case Stiffening DC,31,Die Change,0,scheduled die change,Die Related,03:00 PM,05:00 PM
5-Oct-22,AAC Plant 2,1,500-3,G903 Stator Wheel DC,5,Clean Up,20,tray under shot end clogged,Casting Process/Equipment,07:00 AM,07:20 AM
5-Oct-22,AAC Plant 2,2,2250-8,19MY NONPTO TRANSMISSION CASE DC,1,Die Change,0,scheduled die change,Die Related,06:20 PM,08:55 PM
5-Oct-22,AAC Plant 2,2,800-1,908K Center Support DC,2,Condition Check Machine,11,cond check,Casting Process/Equipment,02:29 AM,02:40 AM
5-Oct-22,AAC Plant 2,2,800-1,908K Center Support DC,2,Die Change,60,die change,Die Related,02:40 AM,03:40 AM
5-Oct-22,AAC Plant 2,2,800-2,G300 CENTER SUPPORT DC,10,Condition Check Machine,10,cond check parts ng,Casting Process/Equipment,09:35 PM,09:45 PM
5-Oct-22,AAC Plant 2,2,800-3,G300 CENTER SUPPORT DC,8,Condition Check Die,60,water leak line busted,Die Related,08:56 PM,09:56 PM
5-Oct-22,AAC Plant 2,2,800-3,G300 CENTER SUPPORT DC,9,Die Change,30,die change c5 cylinder,Die Related,06:46 PM,07:16 PM
6-Oct-22,AAC Plant 2,1,2250-10,G300 TA HOUSING FWD DC,1,Condition Check Die,10,cond check,Die Related,11:05 AM,11:15 AM
6-Oct-22,AAC Plant 2,1,2250-11,BC01 Transmission Case DC,7,Condition Check Die,35,e-polish,Die Related,06:10 AM,06:45 AM
6-Oct-22,AAC Plant 2,1,2250-12,BC01 Transmission Case DC,13,Die Change,35,die change die chip,Die Related,03:55 PM,04:30 PM
6-Oct-22,AAC Plant 2,1,2250-13,G300 TRANSMISSION CASE DC,9,Metal Delivery,15,out of metal,Casting Process/Equipment,01:45 AM,02:00 AM
6-Oct-22,AAC Plant 2,1,2250-13,G300 TRANSMISSION CASE DC,9,Metal Delivery,25,out of metal,Casting Process/Equipment,08:25 AM,08:50 AM
6-Oct-22,AAC Plant 2,1,2250-5,G298 TA HOUSING AWD DC,5,Die Change,100,die change pwc fault broke pin c2,Die Related,07:20 AM,09:00 AM
6-Oct-22,AAC Plant 2,1,2250-6,587F Crank Case Stiffening DC,31,N/G Tip or Sleeve Change,45,peener famage,Casting Process/Equipment,06:45 AM,07:30 AM
6-Oct-22,AAC Plant 2,1,500-2,B700 V6 Stator Wheel DC,10,Die Change,30,die change,Die Related,07:05 AM,07:35 AM
6-Oct-22,AAC Plant 2,1,500-2,B700 V6 Stator Wheel DC,10,Condition Check Die,5,cond check,Die Related,05:50 AM,05:55 AM
6-Oct-22,AAC Plant 2,2,2250-10,G300 TRANSMISSION CASE DC,1,Clean Up,30,carry over 4s+d,Casting Process/Equipment,12:00 AM,12:30 AM
6-Oct-22,AAC Plant 2,2,2250-11,BC01 Transmission Case DC,7,Die Change,155,die change mold cool water flow fault,Die Related,12:25 AM,03:00 AM
6-Oct-22,AAC Plant 2,2,2250-12,BC01 Transmission Case DC,11,Die Change,0,scheduled die change,Die Related,05:15 PM,07:15 PM
6-Oct-22,AAC Plant 2,2,2250-13,G300 TRANSMISSION CASE DC,7,Die Change,0,scheduled die change,Die Related,05:15 PM,08:25 AM
6-Oct-22,AAC Plant 2,2,2250-13,G300 TRANSMISSION CASE DC,7,N/G Tip or Sleeve Change,30,changing ng fitting on shot sleeve,Casting Process/Equipment,02:20 AM,02:50 AM
6-Oct-22,AAC Plant 2,2,2250-13,G300 TRANSMISSION CASE DC,7,N/G Tip or Sleeve Change,30,cond monitor fault,Casting Process/Equipment,01:00 AM,01:30 AM
6-Oct-22,AAC Plant 2,2,2250-4,946F Crankcase DC,11,Die Change,0,scheduled die chaneg,Die Related,03:00 AM,04:45 AM
6-Oct-22,AAC Plant 2,2,2250-7,A467 Adaptor DC,3,Die Change,0,scheduled die change,Die Related,05:15 PM,06:50 PM
7-Oct-22,AAC Plant 2,1,2250-1,946F Crankcase DC,12,N/G Tip or Sleeve Change,100,ulr fault bisc broke,Casting Process/Equipment,09:05 AM,10:45 AM
7-Oct-22,AAC Plant 2,1,2250-10,G300 TRANSMISSION CASE DC,1,Die Change,60,waiting on die,Die Related,03:30 PM,04:30 PM
7-Oct-22,AAC Plant 2,1,2250-10,G300 TRANSMISSION CASE DC,1,Die Change,90,die change,Die Related,02:00 PM,03:30 PM
7-Oct-22,AAC Plant 2,1,2250-10,G300 TRANSMISSION CASE DC,1,Condition Check Die,20,cond check,Die Related,12:00 PM,12:20 PM
7-Oct-22,AAC Plant 2,1,2250-10,G300 TRANSMISSION CASE DC,1,Condition Check Die,35,condition check,Die Related,01:25 PM,02:00 PM
7-Oct-22,AAC Plant 2,1,2250-12,BC01 Transmission Case DC,11,Condition Check Die,15,condition check,Die Related,09:05 AM,09:20 AM
7-Oct-22,AAC Plant 2,1,2250-13,G300 TRANSMISSION CASE DC,7,Die Change,40,die change stuck partial pulled 7 set 10,Die Related,08:20 AM,09:00 AM
7-Oct-22,AAC Plant 2,1,2250-4,984F Crankcase DC,1,Die Change,105,die change flash out,Die Related,12:50 PM,02:35 AM
7-Oct-22,AAC Plant 2,1,2250-5,G298 TA HOUSING AWD DC,1,Die Change,45,die change carry over,Die Related,11:30 AM,12:15 PM
7-Oct-22,AAC Plant 2,1,2250-8,19MY PTO TRANSMISSION CASE DC,3,Clean Up,5,over 4s+d,Casting Process/Equipment,11:30 AM,11:35 AM
7-Oct-22,AAC Plant 2,1,500-2,B700 V6 Stator Wheel DC,4,Die Change,50,die change set 9,Die Related,12:15 PM,01:05 PM
7-Oct-22,AAC Plant 2,1,800-1,908K Center Support DC,1,Die Change,90,"die change flash between a,b",Die Related,06:00 AM,07:30 AM
7-Oct-22,AAC Plant 2,1,800-2,G300 CENTER SUPPORT DC,10,Condition Check Die,20,cond check cracks,Die Related,04:10 PM,04:30 PM
7-Oct-22,AAC Plant 2,1,800-3,G300 CENTER SUPPORT DC,8,Other (Indirect),6,no man power catching up parts,Casting Process/Equipment,12:59 PM,01:05 PM
7-Oct-22,AAC Plant 2,2,2250-12,BC01 Transmission Case DC,11,Die Change,185,die change sensor vac fault stuck partial c3,Die Related,07:05 PM,10:10 PM
7-Oct-22,AAC Plant 2,2,2250-12,BC01 Transmission Case DC,7,Condition Check Die,35,cond check,Die Related,04:10 AM,04:45 AM
7-Oct-22,AAC Plant 2,2,2250-5,G298 TA HOUSING AWD DC,4,Condition Check Machine,45,die chip,Casting Process/Equipment,12:15 AM,01:00 AM
7-Oct-22,AAC Plant 2,2,2250-7,A467 Adaptor DC,3,Die Change,0,scheduled die change,Die Related,11:00 PM,05:00 AM
7-Oct-22,AAC Plant 2,2,800-2,G300 CENTER SUPPORT DC,10,Condition Check Die,10,cond check,Die Related,06:16 PM,06:26 PM
8-Oct-22,AAC Plant 2,1,2250-10,G300 TRANSMISSION CASE DC,3,Clean Up,15,over 4s+d,Casting Process/Equipment,01:35 PM,01:50 PM
8-Oct-22,AAC Plant 2,1,2250-8,19MY PTO TRANSMISSION CASE DC,3,Die Change,0,scheduled die change,Die Related,12:40 PM,02:00 PM
8-Oct-22,AAC Plant 2,1,2250-8,19MY NONPTO TRANSMISSION CASE DC,1,Condition Check Die,15,cold shot cond check,Die Related,03:35 PM,03:50 PM
8-Oct-22,AAC Plant 2,2,2250-12,BC01 Transmission Case DC,7,Condition Check Die,55,cond check,Die Related,10:15 PM,11:10 PM
8-Oct-22,AAC Plant 2,2,2250-12,BC01 Transmission Case DC,7,Condition Check Die,115,cond check,Die Related,07:45 PM,09:40 PM
8-Oct-22,AAC Plant 2,2,2250-12,BC01 Transmission Case DC,7,Die Change,35,die change,Die Related,04:10 AM,04:45 AM
8-Oct-22,AAC Plant 2,2,2250-4,984F Crankcase DC,2,Condition Check Die,40,condition check,Die Related,06:15 PM,06:55 PM
8-Oct-22,AAC Plant 2,2,2250-4,984F Crankcase DC,2,Condition Check Die,260,cond check ss leaking pin,Die Related,08:15 PM,12:35 AM
9-Oct-22,AAC Plant 2,1,2250-12,BC01 Transmission Case DC,11,Condition Check Die,60,cracks on oarts,Die Related,02:00 PM,03:00 PM
9-Oct-22,AAC Plant 2,1,2250-12,BC01 Transmission Case DC,11,Condition Check Machine,60,cracks on parts,Casting Process/Equipment,03:00 PM,04:00 PM
9-Oct-22,AAC Plant 2,1,2250-4,984F Crankcase DC,3,Condition Check Die,40,cond check,Die Related,05:50 AM,06:30 AM
9-Oct-22,AAC Plant 2,2,2250-4,984F Crankcase DC,2,Condition Check Die,35,cond check,Die Related,04:10 AM,04:45 AM
9-Oct-22,AAC Plant 2,2,2250-4,984F Crankcase DC,3,Condition Check Die,75,cond check,Die Related,11:25 PM,12:40 AM
9-Oct-22,AAC Plant 2,2,2250-4,984F Crankcase DC,3,Die Change,130,condition check,Die Related,06:40 PM,08:50 PM
9-Oct-22,AAC Plant 2,2,2250-8,19MY NONPTO TRANSMISSION CASE DC,1,Clean Up,10,over 4s+d,Casting Process/Equipment,11:40 PM,11:50 PM
10-Oct-22,AAC Plant 2,1,2250-1,946F Crankcase DC,12,Metal Delivery,10,no metal,Casting Process/Equipment,01:35 AM,01:45 AM
10-Oct-22,AAC Plant 2,1,2250-4,984F Crankcase DC,2,Condition Check Die,10,cond check discoloration,Die Related,06:55 AM,07:05 AM
10-Oct-22,AAC Plant 2,1,2250-4,984F Crankcase DC,2,Condition Check Die,50,cond check developer check,Die Related,12:55 PM,01:45 PM
10-Oct-22,AAC Plant 2,1,2250-4,984F Crankcase DC,2,Condition Check Die,10,cond check,Die Related,08:20 AM,08:30 AM
10-Oct-22,AAC Plant 2,1,2250-6,587F Crank Case Stiffening DC,31,Die Change,0,scheduled die change,Die Related,09:30 AM,10:30 AM
10-Oct-22,AAC Plant 2,1,2250-7,A467 Transmission Housing DC,3,Metal Delivery,100,metal issue,Casting Process/Equipment,09:25 AM,11:05 AM
10-Oct-22,AAC Plant 2,1,2250-9,881 Oil Pan DC,10,Metal Delivery,10,metal low,Casting Process/Equipment,03:00 PM,03:10 PM
10-Oct-22,AAC Plant 2,1,800-1,908K Center Support DC,3,Die Change,75,die change,Die Related,03:15 PM,04:30 PM
10-Oct-22,AAC Plant 2,2,2250-12,BC01 Transmission Case DC,11,Die Change,90,die change,Die Related,02:00 AM,03:30 AM
10-Oct-22,AAC Plant 2,2,2250-3,G300 TA HOUSING FWD DC,4,Condition Check Die,50,cond check die,Die Related,07:50 PM,08:40 PM
10-Oct-22,AAC Plant 2,2,2250-4,946F Crankcase DC,11,Die Change,0,scheduled die change,Die Related,05:15 PM,10:00 PM
10-Oct-22,AAC Plant 2,2,2250-7,A467 Adaptor DC,3,Die Change,0,scheduled die change,Die Related,05:15 PM,10:55 PM
10-Oct-22,AAC Plant 2,2,2250-8,19MY PTO TRANSMISSION CASE DC,3,Condition Check Die,20,cond check ng fg,Die Related,04:25 AM,04:45 AM
11-Oct-22,AAC Plant 2,1,2250-10,G300 TRANSMISSION CASE DC,3,Die Change,180,die change,Die Related,01:00 PM,04:00 PM
11-Oct-22,AAC Plant 2,1,2250-13,G300 TRANSMISSION CASE DC,10,Condition Check Machine,15,cond fault mov. water lower limits,Casting Process/Equipment,07:10 AM,07:25 AM
11-Oct-22,AAC Plant 2,1,2250-13,G300 TRANSMISSION CASE DC,10,Clean Up,15,cleaning shot end,Casting Process/Equipment,05:15 AM,05:30 AM
11-Oct-22,AAC Plant 2,1,2250-3,G300 TA HOUSING FWD DC,2,Die Change,120,die change,Die Related,12:15 PM,02:15 PM
11-Oct-22,AAC Plant 2,1,2250-3,G300 TA HOUSING FWD DC,4,Die Change,45,die change to g300 die 2,Die Related,11:30 AM,12:15 PM
11-Oct-22,AAC Plant 2,1,2250-6,984F Crankcase DC,3,Condition Check Die,10,ocnd check qc req,Die Related,07:05 AM,07:15 AM
11-Oct-22,AAC Plant 2,1,2250-6,984F Crankcase DC,3,Condition Check Die,-10,,,,
11-Oct-22,AAC Plant 2,1,2250-6,984F Crankcase DC,3,Condition Check Die,10,cond check,Die Related,07:05 AM,07:15 AM
11-Oct-22,AAC Plant 2,1,2250-7,A467 Adaptor DC,3,Die Change,0,scheduled die chaneg,Die Related,03:30 PM,05:00 PM
11-Oct-22,AAC Plant 2,1,2250-8,19MY PTO TRANSMISSION CASE DC,3,Die Change,0,schedulded die change,Die Related,01:00 PM,04:30 PM
11-Oct-22,AAC Plant 2,1,500-2,B700 V6 Stator Wheel DC,9,Metal Delivery,10,metal temp,Casting Process/Equipment,10:20 AM,10:30 AM
11-Oct-22,AAC Plant 2,1,500-2,B700 V6 Stator Wheel DC,9,Other (Indirect),20,running prep,Casting Process/Equipment,05:10 AM,05:30 AM
11-Oct-22,AAC Plant 2,2,2250-10,G300 TRANSMISSION CASE DC,5,Condition Check Die,20,shut down cold shot,Die Related,02:25 AM,02:45 AM
11-Oct-22,AAC Plant 2,2,2250-3,908K TAH AWD DC,2,Clean Up,20,over 4sd,Casting Process/Equipment,01:40 AM,02:00 AM
11-Oct-22,AAC Plant 2,2,2250-4,946F Crankcase DC,11,Condition Check Die,70,condition check,Die Related,06:00 PM,07:10 PM
11-Oct-22,AAC Plant 2,2,2250-4,946F Crankcase DC,11,Condition Check Die,30,condition check die,Die Related,07:30 PM,08:00 PM
11-Oct-22,AAC Plant 2,2,2250-4,946F Crankcase DC,11,Die Change,420,die change /condition check die,Die Related,08:15 PM,03:15 AM
11-Oct-22,AAC Plant 2,2,2250-6,984F Crankcase DC,3,Condition Check Die,225,cond check,Die Related,07:55 PM,11:40 PM
11-Oct-22,AAC Plant 2,2,2250-6,984F Crankcase DC,3,Condition Check Die,30,cond check cold shot on part,Die Related,05:45 PM,06:15 PM
11-Oct-22,AAC Plant 2,2,2250-7,A467 Extension Housing DC,1,Die Change,80,crackd insert die change,Die Related,07:40 PM,09:00 PM
11-Oct-22,AAC Plant 2,2,2250-7,A467 Extension Housing DC,1,Condition Check Die,25,condition check,Die Related,06:40 PM,07:05 PM
12-Oct-22,AAC Plant 2,1,2250-10,G300 TRANSMISSION CASE DC,5,Metal Delivery,10,hot charge alarm,Casting Process/Equipment,08:40 AM,08:50 AM
12-Oct-22,AAC Plant 2,1,2250-13,G300 TRANSMISSION CASE DC,10,Die Change,45,die change pulled die 10,Die Related,03:00 PM,03:45 PM
12-Oct-22,AAC Plant 2,1,800-1,908K Center Support DC,1,Die Change,84,"die change flash between a,b",Die Related,12:44 PM,02:08 PM
12-Oct-22,AAC Plant 2,1,800-1,908K Center Support DC,1,Condition Check Die,15,cycle stop bisc too big,Die Related,11:00 AM,11:15 AM
12-Oct-22,AAC Plant 2,1,800-1,908K Center Support DC,2,Die Change,55,die change no water at bush,Die Related,08:15 AM,09:10 AM
12-Oct-22,AAC Plant 2,2,2250-1,946F Crankcase DC,8,Die Change,0,scheduled die change carry over,Die Related,05:15 PM,06:30 PM
12-Oct-22,AAC Plant 2,2,2250-10,G300 TRANSMISSION CASE DC,5,Condition Check Die,20,shut down,Die Related,02:45 AM,03:05 AM
12-Oct-22,AAC Plant 2,2,2250-12,BC01 Transmission Case DC,12,Condition Check Die,60,cond check,Die Related,03:10 AM,04:10 AM
12-Oct-22,AAC Plant 2,2,2250-6,984F Crankcase DC,3,Die Change,0,scheduled die change,Die Related,06:00 PM,08:00 PM
12-Oct-22,AAC Plant 2,2,2250-7,A467 Transmission Housing DC,3,Die Change,0,scheduled die change,Die Related,06:50 PM,08:15 PM
12-Oct-22,AAC Plant 2,2,500-3,G903 Stator Wheel DC,4,Die Change,0,scheduled die change,Die Related,05:15 PM,05:50 PM
12-Oct-22,AAC Plant 2,2,800-2,G300 CENTER SUPPORT DC,7,Die Change,60,die change,Die Related,08:04 PM,09:04 PM
13-Oct-22,AAC Plant 2,1,1650-1,"103E Oil Pan, No. 1  DC",1,Die Change,0,sched die change,Die Related,03:00 PM,05:00 PM
13-Oct-22,AAC Plant 2,1,2250-12,BC01 Transmission Case DC,12,Die Change,60,die change,Die Related,09:10 AM,10:10 AM
13-Oct-22,AAC Plant 2,1,2250-9,881 Oil Pan DC,10,Other (Indirect),20,shaker backed up,Casting Process/Equipment,09:20 AM,09:40 AM
13-Oct-22,AAC Plant 2,1,500-3,G903 Stator Wheel DC,4,Condition Check Die,30,cond check thick flash,Die Related,08:00 AM,08:30 AM
13-Oct-22,AAC Plant 2,2,1650-1,881 Oil Pan DC,8,Condition Check Die,15,cond check,Die Related,11:20 PM,11:35 PM
13-Oct-22,AAC Plant 2,2,1650-1,881 Oil Pan DC,8,Die Change,0,schedule die change carry over,Die Related,05:15 PM,06:50 PM
13-Oct-22,AAC Plant 2,2,1650-1,881 Oil Pan DC,8,Condition Check Die,20,cond check lamination,Die Related,12:20 AM,12:40 AM
13-Oct-22,AAC Plant 2,2,2250-2,908K TAH FWD DC,2,Die Change,0,scheduled die change,Die Related,02:30 AM,04:45 AM
13-Oct-22,AAC Plant 2,2,2250-3,908K TAH AWD DC,2,Die Change,0,scheduled die change,Die Related,02:20 AM,04:45 AM
13-Oct-22,AAC Plant 2,2,500-3,G903 Stator Wheel DC,4,Clean Up,30,spray fault,Casting Process/Equipment,05:15 PM,05:45 PM
14-Oct-22,AAC Plant 2,1,2250-10,G300 TRANSMISSION CASE DC,3,Condition Check Die,20,developer check,Die Related,12:15 PM,12:35 PM
14-Oct-22,AAC Plant 2,1,2250-10,G300 TRANSMISSION CASE DC,5,Die Change,195,die change ng condition check cold shot,Die Related,06:45 AM,10:00 AM
14-Oct-22,AAC Plant 2,1,2250-11,BC01 Transmission Case DC,14,Condition Check Machine,10,cond check on servo,Casting Process/Equipment,10:45 AM,10:55 AM
14-Oct-22,AAC Plant 2,1,2250-3,G300 TA HOUSING FWD DC,2,Die Change,55,die change water leak on c3,Die Related,09:35 AM,10:30 AM
14-Oct-22,AAC Plant 2,1,2250-6,587F Crank Case Stiffening DC,31,Water/Die Lube Supply,10,condition check water flow on die,Casting Process/Equipment,03:30 PM,03:40 PM
14-Oct-22,AAC Plant 2,1,2250-8,984F Crankcase DC,2,Die Change,180,die change sprue core leaking ulr fault,Die Related,06:20 AM,09:20 AM
14-Oct-22,AAC Plant 2,1,500-3,G903 Stator Wheel DC,4,Condition Check Die,15,cond check,Die Related,11:55 AM,12:10 PM
14-Oct-22,AAC Plant 2,2,2250-10,G300 TRANSMISSION CASE DC,5,Clean Up,25,ct over,Casting Process/Equipment,12:20 AM,12:45 AM
14-Oct-22,AAC Plant 2,2,2250-4,946F Crankcase DC,13,Clean Up,20,over 4s+d,Casting Process/Equipment,09:30 PM,09:50 PM
14-Oct-22,AAC Plant 2,2,2250-7,A467 Adaptor DC,3,Die Change,0,scheduled die change,Die Related,07:25 PM,08:55 PM
14-Oct-22,AAC Plant 2,2,2250-8,984F Crankcase DC,1,Die Change,0,scheduled die change,Die Related,12:50 AM,05:00 AM
15-Oct-22,AAC Plant 2,1,2250-8,19MY PTO TRANSMISSION CASE DC,3,Die Change,0,scheduled die change,Die Related,05:15 AM,05:55 AM
15-Oct-22,AAC Plant 2,2,2250-6,587F Crank Case Stiffening DC,31,Die Change,0,scheduled die change,Die Related,03:30 AM,04:00 AM
17-Oct-22,AAC Plant 2,1,2250-10,G300 TRANSMISSION CASE DC,3,Die Change,150,die change,Die Related,01:00 PM,04:30 PM
17-Oct-22,AAC Plant 2,1,2250-2,908K TAH AWD DC,2,Other (Indirect),25,over start,Casting Process/Equipment,05:30 AM,05:55 AM
17-Oct-22,AAC Plant 2,1,2250-6,946F Crankcase DC,6,Die Change,0,scheduled die change carry over finishing die change,Die Related,05:00 AM,07:30 AM
17-Oct-22,AAC Plant 2,1,2250-8,19MY NONPTO TRANSMISSION CASE DC,1,Die Change,0,scheduled die change,Die Related,05:15 AM,07:45 AM
17-Oct-22,AAC Plant 2,1,500-3,G903 Stator Wheel DC,4,Condition Check Die,20,cond check,Die Related,01:25 PM,01:45 PM
17-Oct-22,AAC Plant 2,1,500-3,G903 Stator Wheel DC,4,Die Change,30,die change parts not seating on finishing trim die,Die Related,02:25 PM,02:55 PM
17-Oct-22,AAC Plant 2,2,1650-1,881 Oil Pan DC,8,Condition Check Die,15,condition check lamination ms,Die Related,02:40 AM,02:55 AM
17-Oct-22,AAC Plant 2,2,1650-1,881 Oil Pan DC,8,Condition Check Die,20,condition check lamination,Die Related,06:50 PM,07:10 PM
17-Oct-22,AAC Plant 2,2,2250-6,946F Crankcase DC,7,Condition Check Die,10,cond check chunk out on part,Die Related,04:10 AM,04:20 AM
18-Oct-22,AAC Plant 2,1,1650-1,881 Oil Pan DC,8,Condition Check Die,30,lamination on tab,Die Related,10:30 AM,11:00 AM
18-Oct-22,AAC Plant 2,1,1650-1,881 Oil Pan DC,8,Condition Check Die,15,lamination on tab,Die Related,10:00 AM,10:15 AM
18-Oct-22,AAC Plant 2,1,2250-13,G300 TRANSMISSION CASE DC,9,Clean Up,25,cleaning shot end from prev shift,Casting Process/Equipment,05:15 AM,05:40 AM
18-Oct-22,AAC Plant 2,1,2250-2,908K TAH FWD DC,2,Die Change,0,scheduled die change,Die Related,05:15 AM,06:25 AM
18-Oct-22,AAC Plant 2,1,2250-7,A467 Transmission Housing DC,3,Die Change,0,scheduled die change,Die Related,03:00 PM,05:00 PM
18-Oct-22,AAC Plant 2,1,2250-8,19MY PTO TRANSMISSION CASE DC,3,Die Change,0,scheduled die change set 3,Die Related,05:15 AM,06:40 AM
18-Oct-22,AAC Plant 2,1,2250-9,881 Oil Pan DC,10,Clean Up,20,over 4s+d,Casting Process/Equipment,11:30 AM,11:50 AM
18-Oct-22,AAC Plant 2,2,2250-11,BC01 Transmission Case DC,14,Condition Check Die,110,cond check,Die Related,02:55 AM,04:45 AM
18-Oct-22,AAC Plant 2,2,2250-13,G300 TRANSMISSION CASE DC,9,Condition Check Die,20,cond check,Die Related,06:00 PM,06:20 PM
18-Oct-22,AAC Plant 2,2,2250-13,G300 TRANSMISSION CASE DC,9,Condition Check Die,45,cond check,Die Related,02:45 AM,03:30 AM
18-Oct-22,AAC Plant 2,2,2250-4,984F Crankcase DC,1,Die Change,0,scheduled die change,Die Related,05:15 PM,09:25 PM
18-Oct-22,AAC Plant 2,2,2250-4,984F Crankcase DC,1,Die Change,130,die change core pin,Die Related,02:00 AM,04:10 AM
18-Oct-22,AAC Plant 2,2,2250-6,946F Crankcase DC,7,Die Change,0,scheduled die change,Die Related,09:00 PM,10:20 PM
18-Oct-22,AAC Plant 2,2,800-2,G300 CENTER SUPPORT DC,1,Die Change,75,die change broke metal saver,Die Related,12:30 AM,01:45 AM
18-Oct-22,AAC Plant 2,2,800-2,G300 CENTER SUPPORT DC,7,Die Change,60,die change ng loose material,Die Related,03:40 AM,04:40 AM
19-Oct-22,AAC Plant 2,1,2250-11,BC01 Transmission Case DC,14,Die Change,140,die change,Die Related,07:40 AM,10:00 AM
19-Oct-22,AAC Plant 2,1,2250-13,G300 TRANSMISSION CASE DC,9,Die Change,80,die change,Die Related,06:45 AM,08:05 AM
19-Oct-22,AAC Plant 2,1,2250-5,G298 TA HOUSING AWD DC,4,Condition Check Die,15,cond check,Die Related,04:15 PM,04:30 PM
19-Oct-22,AAC Plant 2,1,500-3,G903 Stator Wheel DC,6,Metal Delivery,45,melt dept cleaned furnace,Casting Process/Equipment,09:40 AM,10:25 AM
19-Oct-22,AAC Plant 2,1,800-1,908K Center Support DC,3,Die Change,480,die change stop call wait,Die Related,05:58 AM,01:58 PM
19-Oct-22,AAC Plant 2,2,2250-1,946F Crankcase DC,8,Die Change,70,die change leaking power cool,Die Related,09:10 PM,10:20 PM
19-Oct-22,AAC Plant 2,2,2250-10,G300 TRANSMISSION CASE DC,3,Condition Check Die,30,shut down,Die Related,08:30 PM,09:00 PM
19-Oct-22,AAC Plant 2,2,2250-11,BC01 Transmission Case DC,14,Condition Check Die,180,cond check parts cracking ss,Die Related,10:35 PM,01:35 AM
19-Oct-22,AAC Plant 2,2,2250-3,908K TAH AWD DC,2,Die Change,0,scheduled die change,Die Related,05:15 PM,07:15 PM
19-Oct-22,AAC Plant 2,2,2250-5,G298 TA HOUSING AWD DC,5,Condition Check Die,30,cond check ng cnvm data,Die Related,02:40 AM,03:10 AM
19-Oct-22,AAC Plant 2,2,2250-7,A467 Adaptor DC,3,Clean Up,40,carry over ls polishj,Casting Process/Equipment,01:00 AM,01:40 AM
19-Oct-22,AAC Plant 2,2,2250-8,19MY NONPTO TRANSMISSION CASE DC,1,Clean Up,60,carry over polish,Casting Process/Equipment,10:00 PM,11:00 PM
20-Oct-22,AAC Plant 2,1,2250-1,946F Crankcase DC,13,Die Change,115,die change/pwc fault,Die Related,06:10 AM,08:05 AM
20-Oct-22,AAC Plant 2,1,2250-5,G298 TA HOUSING AWD DC,5,Condition Check Die,10,condition check qc req,Die Related,03:00 PM,03:10 PM
20-Oct-22,AAC Plant 2,1,2250-6,587F Crank Case Stiffening DC,31,Die Change,0,scheduled die change,Die Related,03:00 PM,05:00 PM
20-Oct-22,AAC Plant 2,1,2250-7,A467 Adaptor DC,3,Die Change,0,scheduled die change,Die Related,03:00 PM,05:00 PM
20-Oct-22,AAC Plant 2,1,800-2,G300 CENTER SUPPORT DC,10,Die Change,115,stuck shot,Die Related,05:30 AM,07:25 AM
20-Oct-22,AAC Plant 2,2,2250-11,BC01 Transmission Case DC,14,Die Change,0,sched die change,Die Related,05:15 PM,08:30 PM
20-Oct-22,AAC Plant 2,2,2250-11,BC01 Transmission Case DC,14,Condition Check Die,35,cond check,Die Related,09:05 PM,09:40 PM
20-Oct-22,AAC Plant 2,2,500-2,B700 V6 Stator Wheel DC,10,Die Change,40,finish die change,Die Related,11:20 PM,12:00 AM
21-Oct-22,AAC Plant 2,1,1650-1,881 Oil Pan DC,8,Die Change,0,scheduled die change,Die Related,09:00 AM,12:15 PM
21-Oct-22,AAC Plant 2,1,2250-11,BC01 Transmission Case DC,14,Condition Check Die,115,cond check rib cracks,Die Related,10:05 AM,12:00 PM
21-Oct-22,AAC Plant 2,1,2250-7,587F Crank Case Stiffening DC,31,Ladle-ID,15,clean belly pan,Casting Process/Equipment,05:15 AM,05:30 AM
21-Oct-22,AAC Plant 2,1,2250-8,19MY NONPTO TRANSMISSION CASE DC,1,Die Change,0,scheduled die change,Die Related,08:10 AM,10:00 AM
21-Oct-22,AAC Plant 2,1,2250-9,881 Oil Pan DC,10,Clean Up,15,carry over 4s+d,Casting Process/Equipment,11:10 AM,11:25 AM
21-Oct-22,AAC Plant 2,2,2250-1,946F Crankcase DC,7,Die Change,85,die change,Die Related,10:35 PM,12:00 AM
21-Oct-22,AAC Plant 2,2,500-3,G903 Stator Wheel DC,6,Condition Check Die,7,condition check,Die Related,06:05 PM,06:12 PM
22-Oct-22,AAC Plant 2,1,500-3,G903 Stator Wheel DC,6,Metal Delivery,20,metal temp low,Casting Process/Equipment,12:30 PM,12:50 PM
24-Oct-22,AAC Plant 2,1,2250-10,G300 TRANSMISSION CASE DC,3,Condition Check Die,30,developer check ng pin leakin,Die Related,11:05 AM,11:35 AM
24-Oct-22,AAC Plant 2,1,2250-10,G300 TRANSMISSION CASE DC,3,Metal Delivery,245,metal temp low,Casting Process/Equipment,05:30 AM,09:35 AM
24-Oct-22,AAC Plant 2,1,2250-12,BC01 Transmission Case DC,11,Die Change,135,die change,Die Related,09:30 AM,11:45 AM
24-Oct-22,AAC Plant 2,1,2250-13,G300 TRANSMISSION CASE DC,10,Die Change,35,die change,Die Related,06:40 AM,07:15 AM
24-Oct-22,AAC Plant 2,1,2250-2,908K TAH FWD DC,2,Condition Check Machine,15,pe check process datum pitch,Casting Process/Equipment,11:30 AM,11:45 AM
24-Oct-22,AAC Plant 2,1,2250-7,A467 Adaptor DC,3,Clean Up,10,carry over,Casting Process/Equipment,10:00 AM,10:10 AM
24-Oct-22,AAC Plant 2,1,2250-7,A467 Adaptor DC,3,Die Change,0,scheduled die change,Die Related,05:30 AM,07:10 AM
24-Oct-22,AAC Plant 2,1,2250-9,881 Oil Pan DC,10,Clean Up,10,over 4s+d,Casting Process/Equipment,11:30 AM,11:40 AM
24-Oct-22,AAC Plant 2,1,800-1,908K Center Support DC,2,Condition Check Die,25,cond check,Die Related,04:20 PM,04:45 PM
24-Oct-22,AAC Plant 2,2,2250-12,BC01 Transmission Case DC,7,Die Change,0,scheduled die change,Die Related,07:50 PM,11:15 PM
24-Oct-22,AAC Plant 2,2,2250-7,587F Crank Case Stiffening DC,31,Die Change,0,scheduled die change,Die Related,05:15 PM,07:35 PM
24-Oct-22,AAC Plant 2,2,2250-8,984F Crankcase DC,2,Die Change,45,die change broke ej pin,Die Related,04:00 AM,04:45 AM
24-Oct-22,AAC Plant 2,2,2250-8,19MY PTO TRANSMISSION CASE DC,3,Die Change,0,scheduled die change,Die Related,06:00 PM,11:00 PM
24-Oct-22,AAC Plant 2,2,500-2,B700 V6 Stator Wheel DC,10,Condition Check Die,20,cond check,Die Related,12:00 AM,12:20 AM
24-Oct-22,AAC Plant 2,2,800-1,908K Center Support DC,2,Clean Up,600,die maint water leak on ms waiting for back up,Casting Process/Equipment,07:00 PM,05:00 AM
24-Oct-22,AAC Plant 2,2,800-3,G300 CENTER SUPPORT DC,8,Die Change,45,pull ss pwc,Die Related,04:00 AM,04:45 AM
25-Oct-22,AAC Plant 2,1,2250-10,G300 TRANSMISSION CASE DC,1,Condition Check Die,20,developer check,Die Related,11:55 AM,12:15 PM
25-Oct-22,AAC Plant 2,1,2250-10,G300 TRANSMISSION CASE DC,14,Condition Check Die,20,developer check,Die Related,11:55 AM,12:15 PM
25-Oct-22,AAC Plant 2,1,2250-10,G300 TRANSMISSION CASE DC,14,Condition Check Die,-20,,,,
25-Oct-22,AAC Plant 2,1,2250-11,BC01 Transmission Case DC,14,Condition Check Die,10,sample part for front office,Die Related,11:40 AM,11:50 AM
25-Oct-22,AAC Plant 2,1,2250-3,G300 TA HOUSING FWD DC,3,Die Change,0,scheduled die change,Die Related,06:00 AM,09:00 AM
25-Oct-22,AAC Plant 2,2,2250-2,908K TAH AWD DC,2,Die Change,0,scheduled die change,Die Related,05:15 PM,08:15 PM
25-Oct-22,AAC Plant 2,2,2250-3,G300 TA HOUSING FWD DC,3,Clean Up,10,over start 4s+d,Casting Process/Equipment,03:45 AM,03:55 AM
25-Oct-22,AAC Plant 2,2,2250-7,587F Crank Case Stiffening DC,31,Die Change,0,scheduled die change,Die Related,12:50 AM,01:20 AM
25-Oct-22,AAC Plant 2,2,2250-7,A467 Adaptor DC,3,Condition Check Machine,30,cracked parts m/s main core,Casting Process/Equipment,02:00 AM,02:30 AM
25-Oct-22,AAC Plant 2,2,2250-7,A467 Adaptor DC,3,Ladle-ID,30,ladle splashing out,Casting Process/Equipment,02:30 AM,03:00 AM
25-Oct-22,AAC Plant 2,2,800-3,G300 CENTER SUPPORT DC,13,Die Change,0,scheduled die change,Die Related,10:00 PM,11:45 PM
26-Oct-22,AAC Plant 2,1,2250-10,G300 TRANSMISSION CASE DC,5,Condition Check Die,25,developer check,Die Related,10:30 AM,10:55 AM
26-Oct-22,AAC Plant 2,1,2250-11,BC01 Transmission Case DC,14,Condition Check Die,20,cond check water flow,Die Related,08:45 AM,09:05 AM
26-Oct-22,AAC Plant 2,1,2250-7,A467 Adaptor DC,3,Clean Up,15,clean belly pan,Casting Process/Equipment,12:45 PM,01:00 PM
26-Oct-22,AAC Plant 2,1,2250-7,A467 Adaptor DC,3,Condition Check Die,15,cond check,Die Related,03:40 PM,03:55 PM
26-Oct-22,AAC Plant 2,2,2250-4,946F Crankcase DC,7,Die Change,0,scheduled die change carry over,Die Related,05:45 PM,07:10 PM
26-Oct-22,AAC Plant 2,2,2250-4,946F Crankcase DC,7,Die Change,0,scheduled die change,Die Related,03:50 AM,04:45 AM
26-Oct-22,AAC Plant 2,2,2250-5,G298 TA HOUSING AWD DC,5,Condition Check Die,25,condition check cold shot,Die Related,12:05 AM,12:30 AM
26-Oct-22,AAC Plant 2,2,2250-7,A467 Adaptor DC,3,Other (Indirect),30,water line busted,Casting Process/Equipment,11:30 PM,12:00 AM
26-Oct-22,AAC Plant 2,2,2250-8,984F Crankcase DC,1,Die Change,0,scheduled die change,Die Related,08:00 PM,11:00 PM
26-Oct-22,AAC Plant 2,2,2250-8,19MY PTO TRANSMISSION CASE DC,3,Condition Check Machine,70,cracked part c1 cracked rib,Casting Process/Equipment,02:40 AM,03:50 AM
26-Oct-22,AAC Plant 2,2,2250-9,881 Oil Pan DC,10,Clean Up,15,ulr fault bisc too small,Casting Process/Equipment,11:40 PM,11:55 PM
26-Oct-22,AAC Plant 2,2,800-2,G300 CENTER SUPPORT DC,10,Die Change,91,die change water leak ms,Die Related,05:54 PM,07:25 PM
27-Oct-22,AAC Plant 2,1,2250-10,G300 TRANSMISSION CASE DC,5,Condition Check Die,15,carry over 4s+d,Die Related,11:40 AM,11:55 AM
27-Oct-22,AAC Plant 2,1,2250-11,BC01 Transmission Case DC,14,Die Change,0,scheduled die change,Die Related,07:20 AM,08:40 AM
27-Oct-22,AAC Plant 2,1,2250-2,908K TAH AWD DC,2,Condition Check Die,25,pe working on trim die,Die Related,11:30 AM,11:55 AM
27-Oct-22,AAC Plant 2,1,2250-2,908K TAH AWD DC,2,Other (Indirect),10,over start,Casting Process/Equipment,05:15 AM,05:25 AM
27-Oct-22,AAC Plant 2,1,2250-7,A467 Transmission Housing DC,3,Die Change,0,scheduled die change,Die Related,05:15 AM,07:45 AM
27-Oct-22,AAC Plant 2,1,500-2,B700 V6 Stator Wheel DC,10,Other (Indirect),55,running prep,Casting Process/Equipment,05:15 AM,06:10 AM
27-Oct-22,AAC Plant 2,1,500-2,B700 V6 Stator Wheel DC,10,Condition Check Die,30,cond check b cavity not gauging,Die Related,06:30 AM,07:00 AM
27-Oct-22,AAC Plant 2,2,2250-3,908K TAH FWD DC,2,Die Change,0,scheduled die change,Die Related,05:15 PM,06:15 PM
28-Oct-22,AAC Plant 2,2,2250-4,946F Crankcase DC,7,Other (Indirect),15,fg ng pin,Casting Process/Equipment,08:00 PM,08:15 PM
28-Oct-22,AAC Plant 2,2,800-2,G300 CENTER SUPPORT DC,11,Condition Check Die,20,cond check,Die Related,12:50 AM,01:10 AM
29-Oct-22,AAC Plant 2,1,2250-11,BC01 Transmission Case DC,14,Condition Check Die,15,condition check,Die Related,07:20 AM,07:35 AM
29-Oct-22,AAC Plant 2,1,800-2,G300 CENTER SUPPORT DC,11,Condition Check Die,33,condition check die and machine,Die Related,06:31 AM,07:04 AM
29-Oct-22,AAC Plant 2,2,2250-10,G300 TRANSMISSION CASE DC,3,Condition Check Die,20,cond check 1 out of 5,Die Related,02:00 AM,02:20 AM
29-Oct-22,AAC Plant 2,2,800-2,G300 CENTER SUPPORT DC,11,Clean Up,15,scrap conv fault,Casting Process/Equipment,05:15 PM,05:30 PM
31-Oct-22,AAC Plant 2,1,2250-11,BC01 Transmission Case DC,14,Condition Check Machine,30,condition check cold on c1,Casting Process/Equipment,06:15 AM,06:45 AM
31-Oct-22,AAC Plant 2,1,2250-2,908K TAH FWD DC,2,Condition Check Die,10,condition check cold shot on parts,Die Related,06:30 AM,06:40 AM
31-Oct-22,AAC Plant 2,1,2250-2,908K TAH FWD DC,2,Condition Check Machine,25,pe workingon ng cold shot,Casting Process/Equipment,08:55 AM,09:20 AM
31-Oct-22,AAC Plant 2,1,2250-2,908K TAH FWD DC,2,Condition Check Die,60,cond check ng cold shot,Die Related,07:30 AM,08:30 AM
31-Oct-22,AAC Plant 2,1,2250-7,A467 Adaptor DC,3,Die Change,0,sched die cahneg,Die Related,03:00 PM,05:00 PM
31-Oct-22,AAC Plant 2,1,2250-8,19MY PTO TRANSMISSION CASE DC,3,Date Stamp-ID,5,wronge date stamp,Casting Process/Equipment,12:50 PM,12:55 PM
31-Oct-22,AAC Plant 2,2,2250-10,G300 TRANSMISSION CASE DC,3,Condition Check Die,10,cond check,Die Related,09:10 AM,09:20 PM
31-Oct-22,AAC Plant 2,2,2250-12,BC01 Transmission Case DC,11,Clean Up,15,dm polishing,Casting Process/Equipment,12:10 AM,12:25 AM
31-Oct-22,AAC Plant 2,2,2250-7,A467 Extension Housing DC,1,Other (Indirect),20,die clamp leaked off,Die Related,02:20 AM,02:40 AM
31-Oct-22,AAC Plant 2,2,2250-7,A467 Extension Housing DC,1,Other (Indirect),15,die clamp leaked off,Casting Process/Equipment,12:30 AM,12:45 AM
31-Oct-22,AAC Plant 2,2,800-1,908K Center Support DC,2,Condition Check Machine,18,condition check,Casting Process/Equipment,03:32 AM,03:50 AM
1-Nov-22,AAC Plant 2,1,2250-1,946F Crankcase DC,11,Other (Indirect),80,waiting on hyd fluid,Casting Process/Equipment,12:45 PM,02:05 PM
1-Nov-22,AAC Plant 2,1,2250-12,BC01 Transmission Case DC,11,Die Change,70,die change,Die Related,09:00 AM,10:10 AM
1-Nov-22,AAC Plant 2,1,2250-13,G300 TRANSMISSION CASE DC,7,Ladle-ID,15,metal detection fault,Casting Process/Equipment,10:35 AM,10:50 AM
1-Nov-22,AAC Plant 2,1,2250-3,G300 TA HOUSING FWD DC,3,Die Change,120,cooling water fault,Die Related,12:25 PM,02:25 PM
1-Nov-22,AAC Plant 2,1,2250-4,946F Crankcase DC,7,Die Change,60,die change water leak,Die Related,09:30 AM,10:30 AM
1-Nov-22,AAC Plant 2,1,2250-4,946F Crankcase DC,8,Condition Check Die,10,cond check per qc codl shot,Die Related,12:50 PM,01:00 PM
1-Nov-22,AAC Plant 2,1,2250-5,G298 TA HOUSING AWD DC,6,Die Change,120,die change broke pin c3,Die Related,05:50 AM,07:50 AM
1-Nov-22,AAC Plant 2,1,2250-6,587F Crank Case Stiffening DC,29,Condition Check Die,20,condition check,Die Related,04:20 PM,04:40 PM
1-Nov-22,AAC Plant 2,1,2250-7,A467 Extension Housing DC,1,Die Change,0,scheduled die change,Die Related,09:10 AM,10:00 AM
1-Nov-22,AAC Plant 2,1,2250-8,19MY NONPTO TRANSMISSION CASE DC,1,Date Stamp-ID,5,over start,Casting Process/Equipment,05:15 AM,05:20 AM
1-Nov-22,AAC Plant 2,1,2250-9,881 Oil Pan DC,10,Clean Up,10,over 4s+d,Casting Process/Equipment,11:30 AM,11:40 AM
1-Nov-22,AAC Plant 2,1,2250-9,881 Oil Pan DC,10,Date Stamp-ID,25,month stamp stuck,Casting Process/Equipment,05:15 AM,05:40 AM
1-Nov-22,AAC Plant 2,1,500-2,B700 V6 Stator Wheel DC,10,Condition Check Die,15,cond check,Die Related,11:50 AM,12:05 PM
1-Nov-22,AAC Plant 2,1,800-1,908K Center Support DC,2,Condition Check Machine,30,cond check water leak,Casting Process/Equipment,06:15 AM,06:45 AM
1-Nov-22,AAC Plant 2,2,2250-1,946F Crankcase DC,11,N/G Tip or Sleeve Change,85,ng tip,Casting Process/Equipment,09:20 PM,10:45 PM
1-Nov-22,AAC Plant 2,2,2250-10,G300 TRANSMISSION CASE DC,3,Clean Up,25,carry over 4sd,Casting Process/Equipment,11:50 PM,12:15 AM
1-Nov-22,AAC Plant 2,2,2250-10,G300 TRANSMISSION CASE DC,3,Condition Check Die,40,shut down 2/3 leakers,Die Related,08:15 PM,08:55 PM
1-Nov-22,AAC Plant 2,2,2250-12,BC01 Transmission Case DC,12,Die Change,0,scheduled die change,Die Related,09:00 PM,12:30 AM
1-Nov-22,AAC Plant 2,2,2250-2,908K TAH AWD DC,2,Die Change,0,scheduled die change,Die Related,05:15 PM,06:30 PM
1-Nov-22,AAC Plant 2,2,2250-6,587F Crank Case Stiffening DC,29,Die Change,0,scheduled die change,Die Related,08:40 PM,11:50 PM
1-Nov-22,AAC Plant 2,2,2250-8,984F Crankcase DC,1,Clean Up,30,over 4s+d,Casting Process/Equipment,12:00 AM,12:30 AM
1-Nov-22,AAC Plant 2,2,2250-8,984F Crankcase DC,1,Other (Indirect),10,bisc small ulr,Casting Process/Equipment,12:40 AM,12:50 AM
1-Nov-22,AAC Plant 2,2,800-1,908K Center Support DC,2,Other (Indirect),45,water leak,Casting Process/Equipment,12:15 AM,01:00 AM
2-Nov-22,AAC Plant 2,1,2250-11,BC01 Transmission Case DC,14,Clean Up,30,over 4s+d,Casting Process/Equipment,02:00 PM,02:30 PM
2-Nov-22,AAC Plant 2,1,2250-13,G300 TRANSMISSION CASE DC,7,Condition Check Die,20,condition check,Die Related,11:40 AM,12:00 PM
2-Nov-22,AAC Plant 2,1,2250-13,G300 TRANSMISSION CASE DC,7,Die Change,35,die change c1 sticking parts,Die Related,12:00 PM,12:35 PM
2-Nov-22,AAC Plant 2,1,2250-3,G300 TA HOUSING FWD DC,4,Die Change,0,scheduled die change during 4s+d,Die Related,10:30 AM,11:30 AM
2-Nov-22,AAC Plant 2,1,2250-7,A467 Transmission Housing DC,3,Die Change,0,scheduled die change,Die Related,01:15 PM,02:30 PM
2-Nov-22,AAC Plant 2,1,2250-8,984F Crankcase DC,1,Condition Check Die,25,condition check lamination on parts in FI,Die Related,07:50 AM,08:15 AM
2-Nov-22,AAC Plant 2,1,500-2,B700 V6 Stator Wheel DC,10,N/G Tip or Sleeve Change,65,shot rod broken tip joint,Casting Process/Equipment,11:15 AM,12:20 PM
2-Nov-22,AAC Plant 2,2,2250-1,946F Crankcase DC,8,Condition Check Die,15,condition check,Die Related,11:45 PM,12:00 AM
2-Nov-22,AAC Plant 2,2,2250-1,946F Crankcase DC,8,Die Change,0,scheduled die change carry over,Die Related,05:15 PM,07:35 PM
2-Nov-22,AAC Plant 2,2,2250-12,BC01 Transmission Case DC,11,Condition Check Die,10,condition check,Die Related,01:40 AM,01:50 AM
2-Nov-22,AAC Plant 2,2,2250-12,BC01 Transmission Case DC,11,Water/Die Lube Supply,25,ulr fault broke bisc,Casting Process/Equipment,06:15 PM,06:40 PM
2-Nov-22,AAC Plant 2,2,2250-3,908K TAH FWD DC,2,Clean Up,10,over 4s+d,Casting Process/Equipment,11:30 PM,11:40 PM
2-Nov-22,AAC Plant 2,2,2250-4,946F Crankcase DC,13,Condition Check Die,10,cold shot die lube,Die Related,12:30 AM,12:40 AM
2-Nov-22,AAC Plant 2,2,2250-4,946F Crankcase DC,13,Clean Up,10,over 4s+d,Casting Process/Equipment,11:30 PM,11:40 PM
2-Nov-22,AAC Plant 2,2,2250-4,946F Crankcase DC,13,Condition Check Die,10,cold shot,Die Related,08:10 PM,08:20 PM
3-Nov-22,AAC Plant 2,1,2250-10,G300 TRANSMISSION CASE DC,1,Die Change,60,die change pin on c4 still ng,Die Related,04:00 PM,05:00 PM
3-Nov-22,AAC Plant 2,1,2250-2,908K TAH AWD DC,2,Die Change,130,"die change, stuck part,crack pin c3",Die Related,01:45 PM,03:55 PM
3-Nov-22,AAC Plant 2,1,2250-3,908K TAH FWD DC,2,Die Change,205,die change shut down broke pin ms main core,Die Related,08:05 AM,11:30 AM
3-Nov-22,AAC Plant 2,1,2250-5,G298 TA HOUSING AWD DC,4,Die Change,120,ng developer,Die Related,11:30 AM,01:30 PM
3-Nov-22,AAC Plant 2,1,2250-6,946F Crankcase DC,7,Clean Up,5,over 4s+d,Casting Process/Equipment,11:30 AM,11:35 AM
3-Nov-22,AAC Plant 2,1,2250-8,984F Crankcase DC,2,Die Change,0,scheduled die change,Die Related,02:00 PM,05:00 PM
3-Nov-22,AAC Plant 2,1,2250-8,984F Crankcase DC,2,Date Stamp-ID,10,wrong month stamp,Casting Process/Equipment,11:00 AM,11:10 AM
3-Nov-22,AAC Plant 2,2,1650-1,"103E Oil Pan, No. 1  DC",1,Date Stamp-ID,10,wrong date stamp,Casting Process/Equipment,10:00 PM,10:10 PM
3-Nov-22,AAC Plant 2,2,2250-2,908K TAH AWD DC,3,Condition Check Die,10,cond check qc req,Die Related,03:15 AM,03:25 AM
3-Nov-22,AAC Plant 2,2,2250-2,908K TAH AWD DC,3,Condition Check Die,-10,,,,
3-Nov-22,AAC Plant 2,2,2250-2,908K TAH AWD DC,3,Condition Check Die,10,cond check qc req,Die Related,03:15 AM,03:25 AM
3-Nov-22,AAC Plant 2,2,2250-3,G300 TA HOUSING FWD DC,3,Die Change,0,scheduled die change,Die Related,05:15 PM,08:10 PM
3-Nov-22,AAC Plant 2,2,2250-7,A467 Adaptor DC,3,Condition Check Die,10,cold shot ms main coire,Die Related,11:35 PM,11:45 PM
3-Nov-22,AAC Plant 2,2,2250-7,A467 Adaptor DC,3,Water/Die Lube Supply,10,toggle oil low,Casting Process/Equipment,12:50 AM,01:00 AM
3-Nov-22,AAC Plant 2,2,800-3,G300 CENTER SUPPORT DC,9,Die Change,0,scheduled die change,Die Related,06:25 PM,07:25 PM
4-Nov-22,AAC Plant 2,1,2250-13,G300 TRANSMISSION CASE DC,9,N/G Tip or Sleeve Change,210,shot tip broke,Casting Process/Equipment,12:30 PM,04:00 PM
4-Nov-22,AAC Plant 2,1,2250-4,946F Crankcase DC,13,Condition Check Die,10,condition check per qc,Die Related,03:00 PM,03:10 PM
4-Nov-22,AAC Plant 2,1,2250-6,984F Crankcase DC,2,Die Change,0,scheduled die chaneg,Die Related,05:15 AM,09:30 AM
4-Nov-22,AAC Plant 2,1,2250-8,19MY PTO TRANSMISSION CASE DC,3,Condition Check Die,25,flash out,Die Related,05:15 AM,05:40 AM
4-Nov-22,AAC Plant 2,1,800-1,908K Center Support DC,2,Condition Check Die,20,e-stop,Die Related,01:03 PM,01:23 PM
4-Nov-22,AAC Plant 2,1,800-3,G300 CENTER SUPPORT DC,10,Condition Check Die,15,cond check,Die Related,07:25 AM,07:40 AM
4-Nov-22,AAC Plant 2,2,1650-1,881 Oil Pan DC,8,Die Change,0,scheduled die change,Die Related,05:15 PM,06:20 PM
4-Nov-22,AAC Plant 2,2,2250-3,G300 TA HOUSING FWD DC,3,Die Change,0,scheduled die change,Die Related,05:15 PM,07:15 PM
4-Nov-22,AAC Plant 2,2,2250-8,19MY PTO TRANSMISSION CASE DC,3,Die Change,0,scheduled die change,Die Related,02:40 AM,05:00 AM
4-Nov-22,AAC Plant 2,2,800-1,908K Center Support DC,2,Condition Check Machine,19,condition check 3 ng ship ahead,Die Related,12:33 AM,12:52 AM
4-Nov-22,AAC Plant 2,2,800-2,G300 CENTER SUPPORT DC,11,Metal Delivery,245,metal temp dropped,Casting Process/Equipment,12:25 AM,04:30 AM
5-Nov-22,AAC Plant 2,1,2250-2,908K TAH FWD DC,1,Die Change,0,scheduled die change,Die Related,05:00 AM,06:20 AM
5-Nov-22,AAC Plant 2,1,800-2,G300 CENTER SUPPORT DC,11,Condition Check Die,11,e-stop safety door ls,Die Related,10:13 AM,10:24 AM
5-Nov-22,AAC Plant 2,2,2250-11,BC01 Transmission Case DC,14,Clean Up,65,die chip c4 chunk out c4,Casting Process/Equipment,02:50 AM,03:55 AM
5-Nov-22,AAC Plant 2,2,2250-3,G300 TA HOUSING FWD DC,3,Condition Check Die,20,cold shot,Die Related,07:50 PM,08:10 PM
7-Nov-22,AAC Plant 2,1,2250-11,BC01 Transmission Case DC,14,Water/Die Lube Supply,30,sleeve and tip change,Casting Process/Equipment,02:00 PM,02:30 PM
7-Nov-22,AAC Plant 2,1,2250-12,BC01 Transmission Case DC,11,Metal Delivery,45,cold metal / furnace,Casting Process/Equipment,12:15 PM,01:00 PM
7-Nov-22,AAC Plant 2,1,2250-14,BC01 Transmission Case DC,14,Water/Die Lube Supply,30,sleeve and tip change,Casting Process/Equipment,02:00 PM,02:30 PM
7-Nov-22,AAC Plant 2,1,2250-14,BC01 Transmission Case DC,14,Water/Die Lube Supply,-30,,,,
7-Nov-22,AAC Plant 2,1,2250-3,G300 TA HOUSING FWD DC,3,Die Change,0,scheduled die change,Die Related,03:10 PM,05:00 PM
7-Nov-22,AAC Plant 2,1,2250-4,946F Crankcase DC,13,Die Change,120,die change broke ejectot pin,Die Related,07:15 AM,09:15 AM
7-Nov-22,AAC Plant 2,1,2250-5,G298 TA HOUSING AWD DC,6,Condition Check Die,30,cold shot cond check,Die Related,06:55 AM,07:25 AM
7-Nov-22,AAC Plant 2,1,500-2,B700 V6 Stator Wheel DC,10,Other (Indirect),55,running prep,Casting Process/Equipment,05:15 AM,06:10 AM
7-Nov-22,AAC Plant 2,1,500-3,G903 Stator Wheel DC,6,Clean Up,30,running prep,Casting Process/Equipment,05:15 AM,05:45 AM
7-Nov-22,AAC Plant 2,1,500-3,G903 Stator Wheel DC,6,Metal Delivery,30,metal temp low,Casting Process/Equipment,09:50 AM,10:20 AM
7-Nov-22,AAC Plant 2,2,1650-1,881 Oil Pan DC,8,Die Change,0,scheduld die change  103e,Die Related,07:00 PM,08:30 PM
7-Nov-22,AAC Plant 2,2,2250-1,946F Crankcase DC,7,Die Change,0,scheduled die change,Die Related,01:45 AM,04:45 AM
7-Nov-22,AAC Plant 2,2,2250-10,G300 TRANSMISSION CASE DC,3,Clean Up,15,scrap chute backed up fault,Casting Process/Equipment,08:30 PM,08:45 PM
7-Nov-22,AAC Plant 2,2,2250-11,BC01 Transmission Case DC,13,Condition Check Die,20,condition check parts cracking on ss,Die Related,02:25 AM,02:45 AM
7-Nov-22,AAC Plant 2,2,2250-11,BC01 Transmission Case DC,13,Condition Check Die,-20,,,,
7-Nov-22,AAC Plant 2,2,2250-11,BC01 Transmission Case DC,13,Condition Check Die,85,stop call wait parts cracking,Die Related,03:20 AM,04:45 AM
7-Nov-22,AAC Plant 2,2,2250-11,BC01 Transmission Case DC,13,Condition Check Die,20,condition chck,Die Related,02:25 AM,02:45 AM
7-Nov-22,AAC Plant 2,2,2250-11,BC01 Transmission Case DC,14,Die Change,130,die change,Die Related,08:50 PM,11:00 PM
7-Nov-22,AAC Plant 2,2,2250-11,BC01 Transmission Case DC,14,Condition Check Die,55,condition check  parts cracking ss,Die Related,07:55 PM,08:50 PM
7-Nov-22,AAC Plant 2,2,2250-11,BC01 Transmission Case DC,14,Condition Check Die,-55,,,,
7-Nov-22,AAC Plant 2,2,2250-11,BC01 Transmission Case DC,14,Die Change,-130,,,,
7-Nov-22,AAC Plant 2,2,2250-11,BC01 Transmission Case DC,14,Condition Check Die,55,cond check,Die Related,07:55 PM,08:50 PM
7-Nov-22,AAC Plant 2,2,800-1,908K Center Support DC,2,Condition Check Machine,23,condition check ng porosity,Casting Process/Equipment,02:21 AM,02:44 AM
8-Nov-22,AAC Plant 2,1,2250-10,G300 TRANSMISSION CASE DC,3,Clean Up,10,carry over 4s+d,Casting Process/Equipment,11:30 AM,11:40 AM
8-Nov-22,AAC Plant 2,1,2250-11,BC01 Transmission Case DC,11,Clean Up,20,water flow fault,Casting Process/Equipment,04:40 PM,05:00 PM
8-Nov-22,AAC Plant 2,1,2250-11,BC01 Transmission Case DC,13,Clean Up,15,stop call; wait crack in parts,Casting Process/Equipment,11:30 AM,11:45 AM
8-Nov-22,AAC Plant 2,1,2250-11,BC01 Transmission Case DC,13,Die Change,0,scheduled die change / per vice-president,Die Related,11:45 AM,01:45 PM
8-Nov-22,AAC Plant 2,1,2250-12,BC01 Transmission Case DC,11,Die Change,80,die change,Die Related,12:45 PM,02:05 PM
8-Nov-22,AAC Plant 2,1,2250-6,984F Crankcase DC,2,N/G Tip or Sleeve Change,25,busted shot tip ulr,Casting Process/Equipment,08:45 AM,09:10 AM
8-Nov-22,AAC Plant 2,1,2250-7,A467 Transmission Housing DC,3,Die Change,0,scheduled die change,Die Related,10:00 AM,11:45 AM
8-Nov-22,AAC Plant 2,1,800-1,908K Center Support DC,2,Condition Check Die,60,cond check porosity,Die Related,12:20 PM,01:20 PM
8-Nov-22,AAC Plant 2,2,2250-11,BC01 Transmission Case DC,11,Water/Die Lube Supply,35,parts cracking maint working die lube tank,Casting Process/Equipment,01:20 AM,01:55 AM
8-Nov-22,AAC Plant 2,2,2250-12,BC01 Transmission Case DC,13,Water/Die Lube Supply,45,spray robot fault maint working,Casting Process/Equipment,03:25 AM,04:10 AM
8-Nov-22,AAC Plant 2,2,2250-4,946F Crankcase DC,10,N/G Tip or Sleeve Change,60,shot fwd time over,Die Related,11:35 PM,12:35 AM
8-Nov-22,AAC Plant 2,2,2250-4,946F Crankcase DC,10,Clean Up,25,over 4sd,Casting Process/Equipment,11:00 PM,11:25 PM
8-Nov-22,AAC Plant 2,2,2250-6,984F Crankcase DC,2,Die Change,0,scheduled die change,Die Related,04:00 AM,04:45 AM
8-Nov-22,AAC Plant 2,2,2250-8,19MY PTO TRANSMISSION CASE DC,3,Die Change,0,scheduled die change carry over,Die Related,05:15 PM,09:50 PM
9-Nov-22,AAC Plant 2,1,1650-1,"103E Oil Pan, No. 1  DC",1,Die Change,210,broke pin c1 die change,Die Related,11:45 AM,03:15 PM
9-Nov-22,AAC Plant 2,1,2250-1,946F Crankcase DC,10,Condition Check Die,5,condition check cold shut,Die Related,02:40 PM,02:45 PM
9-Nov-22,AAC Plant 2,1,2250-10,G300 TRANSMISSION CASE DC,3,Die Change,0,scheduled die change,Die Related,10:00 AM,01:00 PM
9-Nov-22,AAC Plant 2,1,2250-11,946F Crankcase DC,10,Condition Check Die,5,condition check,Die Related,02:40 PM,02:45 PM
9-Nov-22,AAC Plant 2,1,2250-11,946F Crankcase DC,10,Condition Check Die,-5,,,,
9-Nov-22,AAC Plant 2,1,2250-11,BC01 Transmission Case DC,11,Condition Check Die,10,condition check crack in part,Die Related,09:10 AM,09:20 AM
9-Nov-22,AAC Plant 2,1,2250-13,G300 TRANSMISSION CASE DC,9,Clean Up,15,cleaned  shot end,Casting Process/Equipment,05:45 AM,06:00 AM
9-Nov-22,AAC Plant 2,1,2250-2,908K TAH FWD DC,1,Die Change,0,scheduled die change,Die Related,12:50 PM,02:00 PM
9-Nov-22,AAC Plant 2,1,2250-2,908K TAH FWD DC,1,Other (Indirect),10,over start u[,Casting Process/Equipment,05:15 AM,05:25 AM
9-Nov-22,AAC Plant 2,1,2250-3,908K TAH AWD DC,3,Die Change,0,scheduled die change,Die Related,12:50 PM,02:45 PM
9-Nov-22,AAC Plant 2,1,2250-7,A467 Extension Housing DC,1,Die Change,0,scheduled die change,Die Related,02:30 PM,04:30 PM
9-Nov-22,AAC Plant 2,1,800-1,908K Center Support DC,2,Condition Check Die,90,condition check,Die Related,01:00 PM,02:30 PM
9-Nov-22,AAC Plant 2,2,2250-11,BC01 Transmission Case DC,11,Condition Check Die,10,cond check cold shut,Die Related,03:35 AM,03:45 AM
9-Nov-22,AAC Plant 2,2,2250-12,BC01 Transmission Case DC,12,Condition Check Die,20,dm fit checking die,Die Related,10:30 PM,10:50 PM
9-Nov-22,AAC Plant 2,2,2250-12,BC01 Transmission Case DC,12,Water/Die Lube Supply,20,bisc too big shot fwd t/o,Casting Process/Equipment,03:20 AM,03:40 AM
9-Nov-22,AAC Plant 2,2,2250-12,BC01 Transmission Case DC,13,Die Change,30,die change,Die Related,08:30 PM,09:00 PM
9-Nov-22,AAC Plant 2,2,2250-12,BC01 Transmission Case DC,13,Die Change,20,waiting on dm to deliver die,Die Related,09:00 PM,09:20 PM
9-Nov-22,AAC Plant 2,2,2250-12,BC01 Transmission Case DC,13,Die Change,70,cont die change,Die Related,09:20 PM,10:30 PM
9-Nov-22,AAC Plant 2,2,2250-4,946F Crankcase DC,7,Clean Up,15,over 4s+d,Casting Process/Equipment,11:40 PM,11:55 PM
9-Nov-22,AAC Plant 2,2,2250-6,984F Crankcase DC,2,Die Change,0,scheduled die change,Die Related,05:15 PM,06:25 PM
9-Nov-22,AAC Plant 2,2,2250-8,19MY PTO TRANSMISSION CASE DC,3,Die Change,0,scheduled die change,Die Related,06:00 PM,09:05 PM
10-Nov-22,AAC Plant 2,1,2250-14,G300 TRANSMISSION CASE DC,6,Die Change,30,die change thick flash c1 and c4,Die Related,08:30 AM,09:00 AM
10-Nov-22,AAC Plant 2,1,2250-7,A467 Transmission Housing DC,3,Die Change,0,scheduled die change,Die Related,03:00 PM,05:00 PM
10-Nov-22,AAC Plant 2,1,800-1,908K Center Support DC,2,Die Change,174,die change set 3 cond check ng floor height no pwd ms bottom core,Die Related,06:44 AM,09:32 AM
10-Nov-22,AAC Plant 2,1,800-1,908K Center Support DC,3,Die Change,84,die change pull 3 ng spline gauge /hyd leak,Die Related,01:36 PM,03:04 PM
10-Nov-22,AAC Plant 2,2,2250-11,BC01 Transmission Case DC,11,Die Change,30,die change,Die Related,12:00 AM,12:30 AM
10-Nov-22,AAC Plant 2,2,2250-14,G300 TRANSMISSION CASE DC,8,Condition Check Die,10,condition check cold shot,Die Related,06:20 PM,06:30 PM
10-Nov-22,AAC Plant 2,2,2250-6,984F Crankcase DC,2,Clean Up,30,over 4sd,Casting Process/Equipment,02:05 AM,02:35 AM
10-Nov-22,AAC Plant 2,2,2250-7,A467 Adaptor DC,3,Condition Check Die,15,lamination on part,Die Related,02:20 AM,02:35 AM
10-Nov-22,AAC Plant 2,2,2250-8,G298 TA HOUSING AWD DC,4,Die Change,0,scheduled die change,Die Related,03:00 AM,04:45 AM
11-Nov-22,AAC Plant 2,1,2250-14,G300 TRANSMISSION CASE DC,8,Condition Check Die,55,condition check shrinkage crack,Die Related,10:05 AM,11:00 AM
11-Nov-22,AAC Plant 2,1,2250-14,G300 TRANSMISSION CASE DC,8,Other (Indirect),15,"over start, starting other dcms",Casting Process/Equipment,05:15 AM,05:30 AM
11-Nov-22,AAC Plant 2,1,2250-2,908K TAH AWD DC,3,Die Change,0,scheduled die change,Die Related,03:25 PM,04:30 PM
11-Nov-22,AAC Plant 2,1,2250-8,19MY PTO TRANSMISSION CASE DC,3,Die Change,0,die change during 4+sd,Die Related,09:25 AM,10:25 AM
11-Nov-22,AAC Plant 2,1,2250-8,19MY PTO TRANSMISSION CASE DC,3,Die Change,20,check die and water,Die Related,05:15 AM,05:35 AM
11-Nov-22,AAC Plant 2,2,2250-13,G300 TRANSMISSION CASE DC,9,Ladle-ID,25,ulr fault broke bisc due to not getting tip lube,Casting Process/Equipment,05:20 PM,05:45 PM
11-Nov-22,AAC Plant 2,2,2250-4,946F Crankcase DC,7,Clean Up,5,over 4s+d,Casting Process/Equipment,12:55 AM,01:00 AM
11-Nov-22,AAC Plant 2,2,2250-8,19MY NONPTO TRANSMISSION CASE DC,1,Die Change,45,scheduled die change  pulled 1 set 4,Die Related,04:00 AM,04:45 AM
11-Nov-22,AAC Plant 2,2,800-2,G300 CENTER SUPPORT DC,11,Condition Check Machine,43,condition check 3 ng porosity on s/a,Casting Process/Equipment,01:30 AM,02:13 AM
12-Nov-22,AAC Plant 2,2,2250-8,19MY PTO TRANSMISSION CASE DC,4,Die Change,0,scheduled die change,Die Related,03:00 AM,04:00 AM
12-Nov-22,AAC Plant 2,2,800-2,G300 CENTER SUPPORT DC,11,Die Change,60,die change ss still leaking,Die Related,12:40 AM,01:40 AM
14-Nov-22,AAC Plant 2,1,2250-11,BC01 Transmission Case DC,13,Condition Check Machine,40,drag marks on ss,Casting Process/Equipment,09:10 AM,09:50 AM
14-Nov-22,AAC Plant 2,1,2250-13,G300 TRANSMISSION CASE DC,9,Other (Indirect),30,operator busy 2250-14,Casting Process/Equipment,09:15 AM,09:45 AM
14-Nov-22,AAC Plant 2,1,2250-13,G300 TRANSMISSION CASE DC,9,Condition Check Die,45,developer check,Die Related,12:15 PM,12:50 PM
14-Nov-22,AAC Plant 2,1,2250-13,G300 TRANSMISSION CASE DC,9,Die Change,50,"die change called dm, to put bolts back in",Die Related,02:30 PM,03:20 PM
14-Nov-22,AAC Plant 2,1,2250-5,G298 TA HOUSING AWD DC,6,Die Change,165,die change crack core pin c2,Die Related,11:40 AM,02:05 PM
14-Nov-22,AAC Plant 2,1,2250-7,A467 Adaptor DC,3,Condition Check Die,10,cond check,Die Related,10:10 AM,10:20 AM
14-Nov-22,AAC Plant 2,1,2250-8,G300 TA HOUSING FWD DC,4,Die Change,365,die change broke pin,Die Related,07:35 AM,01:30 PM
14-Nov-22,AAC Plant 2,1,2250-9,881 Oil Pan DC,9,Condition Check Die,70,condition check,Die Related,08:50 AM,10:00 AM
14-Nov-22,AAC Plant 2,1,2250-9,881 Oil Pan DC,9,Condition Check Die,25,tab height out of spec,Die Related,02:55 PM,03:20 PM
14-Nov-22,AAC Plant 2,1,500-2,B700 V6 Stator Wheel DC,10,Condition Check Die,15,cond check b-cavity,Die Related,03:50 PM,04:05 PM
14-Nov-22,AAC Plant 2,1,500-2,B700 V6 Stator Wheel DC,10,Condition Check Die,30,cond check part not gauging,Die Related,09:35 AM,10:05 AM
14-Nov-22,AAC Plant 2,1,500-2,B700 V6 Stator Wheel DC,10,Condition Check Die,10,cond check b cavity distortion,Die Related,12:20 PM,12:30 PM
14-Nov-22,AAC Plant 2,2,2250-11,BC01 Transmission Case DC,13,Clean Up,65,cond check parts cracking ss,Casting Process/Equipment,02:10 AM,03:15 AM
14-Nov-22,AAC Plant 2,2,2250-11,BC01 Transmission Case DC,13,Clean Up,55,cond check parts cracking ss,Casting Process/Equipment,11:35 PM,12:30 AM
14-Nov-22,AAC Plant 2,2,2250-4,946F Crankcase DC,7,Clean Up,5,over 4s+d,Casting Process/Equipment,10:10 PM,10:15 PM
14-Nov-22,AAC Plant 2,2,2250-7,A467 Adaptor DC,3,Clean Up,15,clean bellty pan,Casting Process/Equipment,03:10 AM,03:25 AM
14-Nov-22,AAC Plant 2,2,800-1,908K Center Support DC,2,Condition Check Machine,24,cond check,Casting Process/Equipment,11:25 PM,11:49 PM
15-Nov-22,AAC Plant 2,1,2250-5,G298 TA HOUSING AWD DC,1,Die Change,160,die change to 6 leaking pin ng developer check,Die Related,11:40 AM,02:20 AM
15-Nov-22,AAC Plant 2,1,2250-5,G298 TA HOUSING AWD DC,6,Die Change,180,ng developer leaking on ss,Die Related,11:40 AM,02:20 PM
15-Nov-22,AAC Plant 2,1,2250-5,G298 TA HOUSING AWD DC,6,Die Change,-180,,,,
15-Nov-22,AAC Plant 2,1,2250-7,881 Oil Pan DC,8,Die Change,0,scheduled die change,Die Related,11:10 AM,02:20 PM
15-Nov-22,AAC Plant 2,1,2250-7,A467 Adaptor DC,3,Die Change,0,scheduled die change,Die Related,08:05 AM,09:35 AM
15-Nov-22,AAC Plant 2,1,800-1,908K Center Support DC,2,Condition Check Die,40,cond check floor height ng,Die Related,08:10 AM,08:50 AM
15-Nov-22,AAC Plant 2,1,800-3,G300 CENTER SUPPORT DC,10,Clean Up,36,cleaned shot end,Casting Process/Equipment,08:17 AM,08:53 AM
15-Nov-22,AAC Plant 2,2,2250-11,BC01 Transmission Case DC,12,Water/Die Lube Supply,15,ulr fault,Casting Process/Equipment,11:10 PM,11:25 PM
15-Nov-22,AAC Plant 2,2,2250-11,BC01 Transmission Case DC,12,Die Change,35,setting and hooking up die,Die Related,06:30 PM,07:05 PM
15-Nov-22,AAC Plant 2,2,2250-11,BC01 Transmission Case DC,12,Die Change,30,die changing pulling die,Die Related,05:15 PM,05:45 PM
15-Nov-22,AAC Plant 2,2,2250-13,G300 TRANSMISSION CASE DC,7,Water/Die Lube Supply,20,cycle over shot return process t/o,Casting Process/Equipment,02:45 AM,03:05 AM
15-Nov-22,AAC Plant 2,2,2250-13,G300 TRANSMISSION CASE DC,7,Water/Die Lube Supply,10,ulr fault broke bisc,Casting Process/Equipment,01:30 AM,01:40 AM
15-Nov-22,AAC Plant 2,2,2250-13,G300 TRANSMISSION CASE DC,7,Water/Die Lube Supply,10,ul fault broke bisc,Casting Process/Equipment,12:05 AM,12:15 AM
15-Nov-22,AAC Plant 2,2,2250-4,946F Crankcase DC,7,Clean Up,10,over 4s+d,Casting Process/Equipment,10:00 PM,10:10 PM
15-Nov-22,AAC Plant 2,2,800-1,908K Center Support DC,2,Condition Check Machine,26,condition check,Casting Process/Equipment,01:18 AM,01:44 AM
16-Nov-22,AAC Plant 2,1,2250-10,946F Crankcase DC,11,Die Change,0,scheduled die change,Die Related,07:50 AM,09:00 AM
16-Nov-22,AAC Plant 2,1,2250-3,908K TAH AWD DC,3,Die Change,0,scheduled die change,Die Related,07:00 AM,09:15 AM
16-Nov-22,AAC Plant 2,1,2250-5,G298 TA HOUSING AWD DC,6,Condition Check Die,20,condition check,Die Related,04:10 PM,04:30 PM
16-Nov-22,AAC Plant 2,1,2250-6,984F Crankcase DC,3,Condition Check Die,15,cond check cold shot,Die Related,12:50 PM,01:05 PM
16-Nov-22,AAC Plant 2,1,2250-7,881 Oil Pan DC,8,Condition Check Die,35,condition check ng fg,Die Related,06:45 AM,07:20 AM
16-Nov-22,AAC Plant 2,1,500-3,G903 Stator Wheel DC,6,Condition Check Die,20,cond check,Die Related,07:55 AM,08:15 AM
16-Nov-22,AAC Plant 2,1,800-1,908K Center Support DC,2,Condition Check Die,27,cond check nc floor height,Die Related,08:37 AM,09:04 AM
16-Nov-22,AAC Plant 2,1,800-1,908K Center Support DC,2,Condition Check Die,23,cond check ng floor height,Die Related,04:04 PM,04:27 PM
16-Nov-22,AAC Plant 2,2,2250-13,G300 TRANSMISSION CASE DC,7,Water/Die Lube Supply,15,ulr fault broke bisc,Casting Process/Equipment,11:50 PM,12:05 AM
16-Nov-22,AAC Plant 2,2,2250-13,G300 TRANSMISSION CASE DC,7,Water/Die Lube Supply,10,ulr fault broke bisc,Casting Process/Equipment,10:30 PM,10:40 PM
16-Nov-22,AAC Plant 2,2,2250-13,G300 TRANSMISSION CASE DC,7,Water/Die Lube Supply,20,ulr fault broke bisc,Casting Process/Equipment,07:40 PM,08:00 PM
16-Nov-22,AAC Plant 2,2,2250-3,G298 TA HOUSING AWD DC,4,Clean Up,20,over 4s+d,Casting Process/Equipment,12:05 AM,12:25 AM
16-Nov-22,AAC Plant 2,2,2250-4,946F Crankcase DC,7,Clean Up,10,over 4s+d,Casting Process/Equipment,09:45 PM,09:55 PM
16-Nov-22,AAC Plant 2,2,2250-8,19MY PTO TRANSMISSION CASE DC,3,Die Change,0,scheduled die change,Die Related,05:15 PM,05:45 PM
16-Nov-22,AAC Plant 2,2,2250-8,19MY PTO TRANSMISSION CASE DC,3,Condition Check Die,15,ng fg qc,Die Related,08:50 PM,09:05 PM
16-Nov-22,AAC Plant 2,2,500-3,G903 Stator Wheel DC,6,Condition Check Die,16,cond check,Die Related,01:00 AM,01:16 AM
16-Nov-22,AAC Plant 2,2,800-1,908K Center Support DC,2,Condition Check Machine,22,condition check ng porosity on s/a,Casting Process/Equipment,12:42 AM,01:04 AM
17-Nov-22,AAC Plant 2,1,2250-2,908K TAH FWD DC,2,Die Change,0,scheduled die change,Die Related,03:00 PM,05:00 PM
17-Nov-22,AAC Plant 2,1,2250-3,G298 TA HOUSING AWD DC,1,Condition Check Die,10,condition check per qe,Die Related,09:20 AM,09:30 AM
17-Nov-22,AAC Plant 2,1,2250-3,G298 TA HOUSING AWD DC,1,Condition Check Die,10,condition check,Die Related,04:35 PM,04:45 PM
17-Nov-22,AAC Plant 2,1,2250-8,19MY PTO TRANSMISSION CASE DC,3,Die Change,0,scheduled die change,Die Related,07:25 AM,12:00 PM
17-Nov-22,AAC Plant 2,1,800-1,908K Center Support DC,2,Die Change,110,floor height upper limit,Die Related,12:00 PM,01:50 PM
17-Nov-22,AAC Plant 2,1,800-3,G300 CENTER SUPPORT DC,10,Clean Up,75,cleaning ditches,Casting Process/Equipment,10:45 AM,11:55 AM
17-Nov-22,AAC Plant 2,2,2250-4,946F Crankcase DC,7,Clean Up,10,over 4s+d,Casting Process/Equipment,11:50 PM,12:00 PM
17-Nov-22,AAC Plant 2,2,2250-6,984F Crankcase DC,3,Condition Check Die,60,condition check qc req,Die Related,12:40 AM,01:40 AM
18-Nov-22,AAC Plant 2,1,2250-10,984F Crankcase DC,2,Other (Indirect),25,over 4s+d,Casting Process/Equipment,11:15 AM,11:40 AM
18-Nov-22,AAC Plant 2,1,2250-13,G300 TRANSMISSION CASE DC,7,Die Change,60,die change stuck on c4 /water leak,Die Related,10:35 AM,11:35 AM
18-Nov-22,AAC Plant 2,1,2250-14,G300 TRANSMISSION CASE DC,6,Metal Delivery,20,out of metal,Casting Process/Equipment,03:30 PM,03:50 PM
18-Nov-22,AAC Plant 2,1,2250-3,G298 TA HOUSING AWD DC,4,Condition Check Die,20,cond check per,Die Related,07:40 AM,08:00 AM
18-Nov-22,AAC Plant 2,1,2250-6,984F Crankcase DC,3,Condition Check Die,25,condition check,Die Related,12:50 PM,01:15 PM
18-Nov-22,AAC Plant 2,1,2250-6,984F Crankcase DC,3,Condition Check Die,20,condition check qc req,Die Related,07:10 AM,07:30 AM
18-Nov-22,AAC Plant 2,1,2250-7,G300 TRANSMISSION CASE DC,7,Die Change,60,die change /stuck pn c4 found water leak,Die Related,10:35 AM,11:35 AM
18-Nov-22,AAC Plant 2,1,2250-7,G300 TRANSMISSION CASE DC,7,Die Change,-60,,,,
18-Nov-22,AAC Plant 2,1,800-3,G300 CENTER SUPPORT DC,10,Clean Up,5,over start,Casting Process/Equipment,05:15 AM,05:20 AM
18-Nov-22,AAC Plant 2,2,2250-7,A467 Transmission Housing DC,3,Die Change,0,scheduled die change,Die Related,05:15 PM,06:50 PM
19-Nov-22,AAC Plant 2,1,800-1,908K Center Support DC,2,Die Change,60,die change pulled die 1 set die 2,Die Related,02:25 PM,03:25 PM
19-Nov-22,AAC Plant 2,2,2250-14,G300 TRANSMISSION CASE DC,6,Metal Delivery,40,shaker backed up,Casting Process/Equipment,08:15 PM,08:55 PM
19-Nov-22,AAC Plant 2,2,800-1,908K Center Support DC,2,Condition Check Machine,11,PE checking ms powder for confirmation for 8002,Casting Process/Equipment,09:32 PM,09:43 PM
19-Nov-22,AAC Plant 2,2,800-2,G300 CENTER SUPPORT DC,12,Condition Check Machine,46,m/s powder still ng maint working,Casting Process/Equipment,03:14 AM,04:00 AM
19-Nov-22,AAC Plant 2,2,800-2,G300 CENTER SUPPORT DC,9,Condition Check Machine,314,waiting on pe ms powder ng,Casting Process/Equipment,06:56 PM,12:10 AM
19-Nov-22,AAC Plant 2,2,800-2,G300 CENTER SUPPORT DC,9,Condition Check Machine,34,condition check,Casting Process/Equipment,06:10 PM,06:44 PM
19-Nov-22,AAC Plant 2,2,800-2,G300 CENTER SUPPORT DC,9,Condition Check Machine,180,pe working on ms powder /with maint,Casting Process/Equipment,12:14 AM,03:14 AM
20-Nov-22,AAC Plant 2,1,2250-14,G300 TRANSMISSION CASE DC,6,Clean Up,20,cleaning die,Casting Process/Equipment,05:20 AM,05:40 AM
20-Nov-22,AAC Plant 2,2,2250-13,G300 TRANSMISSION CASE DC,9,Metal Delivery,10,ladle arm return over run,Casting Process/Equipment,08:25 PM,08:35 PM
21-Nov-22,AAC Plant 2,1,1650-1,"103E Oil Pan, No. 1  DC",2,Die Change,150,die change broke pin c1,Die Related,06:10 AM,08:40 AM
21-Nov-22,AAC Plant 2,1,2250-10,984F Crankcase DC,2,Condition Check Die,30,cond check,Die Related,06:20 AM,06:50 AM
21-Nov-22,AAC Plant 2,1,2250-10,984F Crankcase DC,2,Die Change,0,sched die change,Die Related,01:50 PM,03:50 PM
21-Nov-22,AAC Plant 2,1,2250-10,984F Crankcase DC,2,Other (Indirect),15,over start,Casting Process/Equipment,05:15 AM,05:30 AM
21-Nov-22,AAC Plant 2,1,2250-12,BC01 Transmission Case DC,13,Clean Up,60,stuck part,Casting Process/Equipment,12:20 PM,01:20 PM
21-Nov-22,AAC Plant 2,1,2250-13,G300 TRANSMISSION CASE DC,9,Condition Check Die,10,cond check,Die Related,06:50 AM,07:00 AM
21-Nov-22,AAC Plant 2,1,2250-3,908K TAH FWD DC,1,Die Change,0,scheduled die change,Die Related,05:00 AM,06:40 AM
21-Nov-22,AAC Plant 2,1,2250-6,984F Crankcase DC,3,Condition Check Die,10,cond check,Die Related,07:10 AM,07:20 AM
21-Nov-22,AAC Plant 2,1,2250-8,G300 TA HOUSING FWD DC,4,Condition Check Die,20,cond check lamination,Die Related,01:00 PM,01:20 PM
21-Nov-22,AAC Plant 2,1,800-3,G300 CENTER SUPPORT DC,10,Clean Up,20,over start,Casting Process/Equipment,02:10 PM,02:30 PM
21-Nov-22,AAC Plant 2,2,2250-7,A467 Transmission Housing DC,3,Die Change,0,scheduled die change,Die Related,03:00 AM,04:45 AM
22-Nov-22,AAC Plant 2,1,2250-1,946F Crankcase DC,10,Clean Up,25,main drain over flowe,Casting Process/Equipment,11:30 AM,11:55 AM
22-Nov-22,AAC Plant 2,1,2250-12,BC01 Transmission Case DC,13,Condition Check Die,15,cond check crack parts,Die Related,08:50 AM,09:05 AM
22-Nov-22,AAC Plant 2,1,2250-2,908K TAH AWD DC,3,Clean Up,20,shut down,Casting Process/Equipment,05:40 AM,06:00 AM
22-Nov-22,AAC Plant 2,1,2250-4,946F Crankcase DC,8,Die Change,90,flash out die change,Die Related,09:15 AM,10:45 AM
22-Nov-22,AAC Plant 2,1,2250-6,984F Crankcase DC,3,Die Change,0,scheduled die change,Die Related,02:40 PM,05:00 PM
22-Nov-22,AAC Plant 2,1,2250-7,A467 Adaptor DC,3,Die Change,45,carry over ng vac ladle drain,Die Related,05:15 AM,06:00 AM
22-Nov-22,AAC Plant 2,1,500-3,G903 Stator Wheel DC,6,Metal Delivery,30,metal temp low,Casting Process/Equipment,11:30 AM,12:00 PM
22-Nov-22,AAC Plant 2,2,1650-1,"103E Oil Pan, No. 1  DC",3,Condition Check Die,10,oil spots,Die Related,08:35 PM,08:45 PM
22-Nov-22,AAC Plant 2,2,2250-1,946F Crankcase DC,10,Condition Check Die,20,qc req cond check,Die Related,06:25 PM,06:45 PM
22-Nov-22,AAC Plant 2,2,2250-1,946F Crankcase DC,10,N/G Tip or Sleeve Change,300,ng sleeve tip,Casting Process/Equipment,10:05 PM,03:05 AM
22-Nov-22,AAC Plant 2,2,2250-13,G300 TRANSMISSION CASE DC,9,Condition Check Die,25,cond check,Die Related,07:40 PM,08:05 PM
22-Nov-22,AAC Plant 2,2,2250-7,A467 Adaptor DC,3,Water/Die Lube Supply,90,shut down bsm belt broke,Casting Process/Equipment,05:20 PM,06:50 PM
23-Nov-22,AAC Plant 2,1,2250-12,BC01 Transmission Case DC,13,Condition Check Machine,65,crack on parts,Casting Process/Equipment,06:10 AM,07:15 AM
23-Nov-22,AAC Plant 2,1,2250-14,G300 TRANSMISSION CASE DC,6,Other (Indirect),20,runner prep; overstart,Casting Process/Equipment,05:15 AM,05:35 AM
23-Nov-22,AAC Plant 2,1,2250-4,946F Crankcase DC,7,N/G Tip or Sleeve Change,70,hyd pump motor overload; shot tip stuck in sleeve,Die Related,08:30 AM,09:40 AM
23-Nov-22,AAC Plant 2,1,2250-8,G300 TA HOUSING FWD DC,4,Condition Check Die,10,developer check,Die Related,10:30 AM,10:40 AM
23-Nov-22,AAC Plant 2,1,500-2,B700 V6 Stator Wheel DC,10,Other (Indirect),25,running prep over start up,Casting Process/Equipment,05:15 AM,05:40 AM
23-Nov-22,AAC Plant 2,1,500-3,G903 Stator Wheel DC,6,Condition Check Die,25,floor height,Die Related,05:55 AM,06:20 AM
23-Nov-22,AAC Plant 2,2,2250-4,946F Crankcase DC,7,Water/Die Lube Supply,20,tip lube hose came loose,Die Related,12:10 AM,12:30 AM
23-Nov-22,AAC Plant 2,2,2250-8,19MY PTO TRANSMISSION CASE DC,3,Condition Check Die,15,crack on parts; ck for water leaks,Die Related,08:15 PM,08:30 PM
28-Nov-22,AAC Plant 2,1,2250-12,BC01 Transmission Case DC,13,Metal Delivery,15,out of metal,Casting Process/Equipment,10:05 AM,10:20 AM
28-Nov-22,AAC Plant 2,1,2250-12,BC01 Transmission Case DC,13,Metal Delivery,10,out of metal,Casting Process/Equipment,04:15 PM,04:25 PM
28-Nov-22,AAC Plant 2,1,2250-3,908K TAH FWD DC,1,Die Change,0,scheduled die change,Die Related,03:00 PM,04:45 PM
28-Nov-22,AAC Plant 2,1,2250-6,984F Crankcase DC,1,N/G Tip or Sleeve Change,70,changing sleeve tp,Casting Process/Equipment,06:50 AM,08:00 AM
28-Nov-22,AAC Plant 2,1,2250-7,A467 Adaptor DC,3,Condition Check Die,35,cond check cold shut,Die Related,08:55 AM,09:30 AM
28-Nov-22,AAC Plant 2,1,2250-9,881 Oil Pan DC,9,Die Change,120,die change broke metal saver,Die Related,08:10 AM,10:10 AM
28-Nov-22,AAC Plant 2,1,800-1,908K Center Support DC,2,Water/Die Lube Supply,22,pwd lueb fault,Casting Process/Equipment,06:52 AM,07:14 AM
28-Nov-22,AAC Plant 2,1,800-3,G300 CENTER SUPPORT DC,10,Die Change,0,scheduled die change /o-ring,Die Related,11:10 AM,12:45 PM
28-Nov-22,AAC Plant 2,1,800-3,G300 CENTER SUPPORT DC,10,Metal Delivery,9,low metal level,Casting Process/Equipment,09:18 AM,09:27 AM
28-Nov-22,AAC Plant 2,2,2250-11,BC01 Transmission Case DC,12,Die Change,65,die change,Die Related,01:55 AM,03:00 AM
28-Nov-22,AAC Plant 2,2,2250-11,BC01 Transmission Case DC,14,Condition Check Die,15,cond check,Die Related,03:45 AM,04:00 AM
28-Nov-22,AAC Plant 2,2,500-3,G903 Stator Wheel DC,6,Condition Check Die,30,condition check floor height,Die Related,12:30 AM,01:00 AM
28-Nov-22,AAC Plant 2,2,800-1,908K Center Support DC,2,Die Change,84,die change set 3,Die Related,02:54 AM,04:18 AM
29-Nov-22,AAC Plant 2,1,2250-11,BC01 Transmission Case DC,12,Condition Check Die,20,developer check,Die Related,04:10 PM,04:30 PM
29-Nov-22,AAC Plant 2,1,2250-11,BC01 Transmission Case DC,14,Die Change,30,die change,Die Related,02:05 PM,02:35 PM
29-Nov-22,AAC Plant 2,1,2250-14,G300 TRANSMISSION CASE DC,6,Die Change,35,die change thick flash c1 c4,Die Related,07:00 AM,07:35 AM
29-Nov-22,AAC Plant 2,1,2250-14,G300 TRANSMISSION CASE DC,8,Metal Delivery,15,low metal /out,Casting Process/Equipment,08:30 AM,08:45 AM
29-Nov-22,AAC Plant 2,1,500-3,G903 Stator Wheel DC,6,Condition Check Die,15,condition check,Die Related,02:50 PM,03:05 PM
29-Nov-22,AAC Plant 2,1,500-3,G903 Stator Wheel DC,6,Clean Up,25,over 4s+d,Casting Process/Equipment,12:10 PM,12:35 PM
29-Nov-22,AAC Plant 2,1,500-3,G903 Stator Wheel DC,6,Condition Check Die,40,condition check training operator,Die Related,08:15 AM,08:55 AM
29-Nov-22,AAC Plant 2,1,800-1,908K Center Support DC,3,Clean Up,5,RUN PREP,Casting Process/Equipment,05:15 AM,05:20 AM
29-Nov-22,AAC Plant 2,1,800-2,G300 CENTER SUPPORT DC,7,Clean Up,5,running prep,Casting Process/Equipment,05:15 AM,05:20 AM
29-Nov-22,AAC Plant 2,1,800-3,G300 CENTER SUPPORT DC,12,Clean Up,15,over 4sd,Casting Process/Equipment,03:45 PM,04:00 PM
29-Nov-22,AAC Plant 2,2,2250-3,G298 TA HOUSING AWD DC,7,Condition Check Machine,15,condition check qc req discoloration,Casting Process/Equipment,12:10 AM,12:25 AM
29-Nov-22,AAC Plant 2,2,2250-3,G298 TA HOUSING AWD DC,7,Die Change,0,scheduled die change,Die Related,05:15 PM,08:15 PM
29-Nov-22,AAC Plant 2,2,2250-7,A467 Transmission Housing DC,3,Die Change,0,schduled die change,Die Related,05:15 PM,06:00 PM
29-Nov-22,AAC Plant 2,2,800-1,908K Center Support DC,3,Condition Check Machine,20,condition check ng s/a,Casting Process/Equipment,02:40 AM,03:00 AM
30-Nov-22,AAC Plant 2,1,2250-10,984F Crankcase DC,1,Die Change,0,scheduled die change,Die Related,01:30 PM,03:20 PM
30-Nov-22,AAC Plant 2,1,2250-10,946F Crankcase DC,11,Die Change,0,scheduled die change,Die Related,01:30 PM,03:20 PM
30-Nov-22,AAC Plant 2,1,2250-12,BC01 Transmission Case DC,13,Condition Check Die,75,condition check crack on parts,Die Related,02:35 PM,03:50 PM
30-Nov-22,AAC Plant 2,1,2250-12,BC01 Transmission Case DC,13,Condition Check Die,15,condition check cold shot on parts,Die Related,08:50 AM,09:05 AM
30-Nov-22,AAC Plant 2,1,2250-12,BC01 Transmission Case DC,13,Condition Check Die,30,cracks on parts,Die Related,12:30 PM,01:00 PM
30-Nov-22,AAC Plant 2,1,2250-13,G300 TRANSMISSION CASE DC,7,Clean Up,35,ditch not draining,Casting Process/Equipment,07:30 AM,08:05 AM
30-Nov-22,AAC Plant 2,1,2250-2,908K TAH AWD DC,2,Die Change,0,scheduled die change,Die Related,03:30 PM,05:00 PM
30-Nov-22,AAC Plant 2,1,2250-3,G298 TA HOUSING AWD DC,7,Die Change,0,scheduled die change,Die Related,10:10 AM,11:10 AM
30-Nov-22,AAC Plant 2,1,800-2,G300 CENTER SUPPORT DC,7,Condition Check Die,85,cond check,Die Related,06:35 AM,07:57 AM
30-Nov-22,AAC Plant 2,1,800-2,G300 CENTER SUPPORT DC,7,Clean Up,32,e-polish chunk out polished die,Casting Process/Equipment,08:25 AM,08:57 AM
30-Nov-22,AAC Plant 2,2,2250-12,BC01 Transmission Case DC,13,Condition Check Die,40, cond check c2 cold shot,Die Related,09:50 PM,10:30 PM
30-Nov-22,AAC Plant 2,2,2250-12,BC01 Transmission Case DC,13,Condition Check Die,70,condition c2 cold shut,Die Related,10:50 PM,12:00 AM
30-Nov-22,AAC Plant 2,2,2250-14,G300 TRANSMISSION CASE DC,8,Clean Up,150,core not reading die closed,Casting Process/Equipment,05:15 PM,07:45 PM
30-Nov-22,AAC Plant 2,2,2250-4,946F Crankcase DC,7,Clean Up,15,over 4s,Casting Process/Equipment,09:40 PM,09:55 PM
30-Nov-22,AAC Plant 2,2,2250-5,G298 TA HOUSING AWD DC,6,Condition Check Die,20,condition check,Die Related,08:50 PM,09:10 PM
30-Nov-22,AAC Plant 2,2,2250-7,881 Oil Pan DC,10,Die Change,0,scheduled die change,Die Related,04:20 AM,05:00 AM
30-Nov-22,AAC Plant 2,2,2250-8,19MY PTO TRANSMISSION CASE DC,3,Die Change,0,scheduled die change,Die Related,05:15 PM,07:20 PM
30-Nov-22,AAC Plant 2,2,500-3,G903 Stator Wheel DC,6,Condition Check Die,10,condition check,Die Related,10:30 PM,10:40 PM
1-Dec-22,AAC Plant 2,1,2250-10,984F Crankcase DC,1,Condition Check Die,25,condition check  shrinkage,Die Related,06:20 AM,06:45 AM
1-Dec-22,AAC Plant 2,1,2250-2,908K TAH FWD DC,1,Condition Check Machine,35,shut down core pin flash not getting knocked out,Casting Process/Equipment,01:00 PM,01:35 PM
1-Dec-22,AAC Plant 2,1,2250-7,587F Crank Case Stiffening DC,29,Die Change,0,scheduled die change,Die Related,03:30 PM,05:00 PM
1-Dec-22,AAC Plant 2,1,2250-7,587F Crank Case Stiffening DC,29,Die Change,0,scheduled carry over die change,Die Related,05:15 AM,06:25 AM
1-Dec-22,AAC Plant 2,1,500-3,G903 Stator Wheel DC,6,Clean Up,10,running prep train operator,Casting Process/Equipment,05:15 AM,05:25 AM
1-Dec-22,AAC Plant 2,1,800-1,908K Center Support DC,3,Clean Up,15,build up on shot area,Casting Process/Equipment,09:15 AM,09:30 AM
1-Dec-22,AAC Plant 2,1,800-3,G300 CENTER SUPPORT DC,12,Die Change,130,die change due to stuck part,Die Related,05:55 AM,08:05 AM
1-Dec-22,AAC Plant 2,2,800-1,908K Center Support DC,3,Clean Up,6,bisc fault no detect,Casting Process/Equipment,02:38 AM,02:44 AM
2-Dec-22,AAC Plant 2,1,2250-13,G300 TRANSMISSION CASE DC,7,Clean Up,15, cleaning shot end from prev shift,Casting Process/Equipment,05:15 AM,05:30 AM
2-Dec-22,AAC Plant 2,1,2250-9,881 Oil Pan DC,8,Die Change,40,finish die change,Die Related,03:45 PM,04:25 PM
2-Dec-22,AAC Plant 2,1,2250-9,881 Oil Pan DC,8,Metal Delivery,20,ladle over ran fault low metal,Casting Process/Equipment,09:25 AM,09:45 AM
2-Dec-22,AAC Plant 2,1,500-2,B700 V6 Stator Wheel DC,10,Metal Delivery,30,metal level low,Casting Process/Equipment,08:10 AM,08:40 AM
2-Dec-22,AAC Plant 2,1,500-2,B700 V6 Stator Wheel DC,10,Metal Delivery,10,metal temp high,Casting Process/Equipment,08:40 AM,08:50 AM
2-Dec-22,AAC Plant 2,2,2250-13,G300 TRANSMISSION CASE DC,7,Condition Check Die,60,condition check,Die Related,12:40 AM,01:40 AM
2-Dec-22,AAC Plant 2,2,2250-14,G300 TRANSMISSION CASE DC,8,Condition Check Machine,20,condition check machine,Casting Process/Equipment,03:20 AM,03:40 AM
2-Dec-22,AAC Plant 2,2,2250-9,881 Oil Pan DC,10,Date Stamp-ID,5,shut down ng month stamp,Casting Process/Equipment,05:35 PM,05:40 PM
3-Dec-22,AAC Plant 2,1,800-2,G300 CENTER SUPPORT DC,7,Die Change,40,water leak under ms,Die Related,08:20 AM,09:00 AM
3-Dec-22,AAC Plant 2,1,800-2,G300 CENTER SUPPORT DC,9,Condition Check Machine,30,powder build up qr code,Casting Process/Equipment,11:05 AM,11:35 AM
3-Dec-22,AAC Plant 2,1,800-3,G300 CENTER SUPPORT DC,10,Condition Check Die,18,no bisc fall fault,Die Related,03:57 PM,04:15 PM
5-Dec-22,AAC Plant 2,1,1650-1,"103E Oil Pan, No. 1  DC",3,Other (Indirect),10,e-stop hit,Casting Process/Equipment,05:50 AM,06:00 AM
5-Dec-22,AAC Plant 2,1,2250-14,G300 TRANSMISSION CASE DC,8,Metal Delivery,10,ladle over ran,Casting Process/Equipment,03:20 PM,03:30 PM
5-Dec-22,AAC Plant 2,1,2250-6,984F Crankcase DC,3,Condition Check Die,10,condition check cold shot,Die Related,02:40 PM,02:50 PM
5-Dec-22,AAC Plant 2,1,2250-8,G300 TA HOUSING FWD DC,4,Condition Check Die,15,developer check,Die Related,10:30 AM,10:45 AM
5-Dec-22,AAC Plant 2,1,2250-9,881 Oil Pan DC,10,Die Change,0,scheduled die change,Die Related,05:30 AM,06:30 AM
5-Dec-22,AAC Plant 2,1,800-1,908K Center Support DC,2,Clean Up,7,running prep,Casting Process/Equipment,05:15 AM,05:22 AM
5-Dec-22,AAC Plant 2,1,800-3,G300 CENTER SUPPORT DC,10,Clean Up,70,build up on slide cores die dirty,Casting Process/Equipment,06:05 AM,07:15 AM
5-Dec-22,AAC Plant 2,1,800-3,G300 CENTER SUPPORT DC,10,Die Change,52,die change ejector return process time over,Die Related,08:38 AM,09:30 AM
5-Dec-22,AAC Plant 2,2,1650-1,"103E Oil Pan, No. 1  DC",1,Condition Check Die,10,condition check,Die Related,12:05 AM,12:15 AM
5-Dec-22,AAC Plant 2,2,1650-1,"103E Oil Pan, No. 1  DC",3,Die Change,100,die change,Die Related,09:40 PM,11:20 PM
5-Dec-22,AAC Plant 2,2,2250-1,946F Crankcase DC,10,Metal Delivery,15,ladle return process time over,Casting Process/Equipment,02:35 AM,02:50 AM
5-Dec-22,AAC Plant 2,2,2250-1,946F Crankcase DC,10,Metal Delivery,20,ladle return process time over,Casting Process/Equipment,02:00 AM,02:20 AM
5-Dec-22,AAC Plant 2,2,800-1,908K Center Support DC,2,Clean Up,8,bisc fall no detect,Casting Process/Equipment,12:15 AM,12:23 AM
6-Dec-22,AAC Plant 2,1,2250-10,984F Crankcase DC,1,Water/Die Lube Supply,140,spray fault,Casting Process/Equipment,01:15 PM,03:35 PM
6-Dec-22,AAC Plant 2,1,2250-12,BC01 Transmission Case DC,13,Water/Die Lube Supply,95,spray fault,Casting Process/Equipment,01:55 PM,03:30 PM
6-Dec-22,AAC Plant 2,1,2250-14,G300 TRANSMISSION CASE DC,8,Metal Delivery,20,out of metal,Casting Process/Equipment,11:20 AM,11:40 AM
6-Dec-22,AAC Plant 2,1,2250-2,908K TAH FWD DC,1,Die Change,0, scheduled die change,Die Related,01:00 PM,02:30 PM
6-Dec-22,AAC Plant 2,1,2250-4,946F Crankcase DC,8,Die Change,105,shut down bent pins .,Die Related,06:30 AM,08:15 AM
6-Dec-22,AAC Plant 2,1,2250-6,984F Crankcase DC,3,Condition Check Die,35,condition check qc req,Die Related,06:05 AM,06:40 AM
6-Dec-22,AAC Plant 2,1,2250-7,A467 Transmission Housing DC,3,Die Change,0,scheduled die changhe,Die Related,05:15 AM,06:35 AM
6-Dec-22,AAC Plant 2,1,2250-8,G300 TA HOUSING FWD DC,1,Die Change,0,scheduled die change,Die Related,07:30 AM,09:40 AM
6-Dec-22,AAC Plant 2,1,2250-8,19MY PTO TRANSMISSION CASE DC,3,Water/Die Lube Supply,35,ng spray die lube,Casting Process/Equipment,02:25 PM,03:00 PM
6-Dec-22,AAC Plant 2,1,2250-9,881 Oil Pan DC,10,Water/Die Lube Supply,120,spray fault,Casting Process/Equipment,01:20 PM,03:20 PM
6-Dec-22,AAC Plant 2,1,500-2,B700 V6 Stator Wheel DC,10,Date Stamp-ID,25,running prep,Casting Process/Equipment,05:15 AM,05:40 AM
6-Dec-22,AAC Plant 2,1,800-2,G300 CENTER SUPPORT DC,10,Condition Check Die,15,parts crack no m/s powder,Die Related,12:22 PM,12:37 PM
6-Dec-22,AAC Plant 2,1,800-2,G300 CENTER SUPPORT DC,10,Die Change,53,die change/pull die,Die Related,12:37 PM,01:30 PM
7-Dec-22,AAC Plant 2,1,1650-1,"103E Oil Pan, No. 1  DC",1,Metal Delivery,15,scrap chute backed up,Casting Process/Equipment,06:15 AM,06:30 AM
7-Dec-22,AAC Plant 2,1,2250-10,984F Crankcase DC,1,Die Change,0,scheduled die change,Die Related,09:50 AM,11:00 AM
7-Dec-22,AAC Plant 2,1,2250-12,BC01 Transmission Case DC,13,Condition Check Die,20,condition check cold shot on parts,Die Related,06:20 AM,06:40 AM
7-Dec-22,AAC Plant 2,1,2250-8,19MY PTO TRANSMISSION CASE DC,3,Die Change,0,scheduled die change,Die Related,03:05 PM,05:00 PM
7-Dec-22,AAC Plant 2,1,500-2,B700 V6 Stator Wheel DC,10,Date Stamp-ID,35,running prep,Casting Process/Equipment,05:15 AM,05:50 AM
7-Dec-22,AAC Plant 2,1,500-3,G903 Stator Wheel DC,5,Condition Check Die,10,condition check  part not gauging,Die Related,07:00 AM,07:10 AM
7-Dec-22,AAC Plant 2,1,500-3,G903 Stator Wheel DC,5,Date Stamp-ID,10,running prep,Casting Process/Equipment,05:15 AM,05:25 AM
7-Dec-22,AAC Plant 2,1,800-1,908K Center Support DC,2,Die Change,105,die change water leak,Die Related,01:00 PM,02:45 PM
7-Dec-22,AAC Plant 2,1,800-3,G300 CENTER SUPPORT DC,1,Condition Check Die,20,chunk out e-polish,Die Related,06:15 AM,06:35 AM
7-Dec-22,AAC Plant 2,2,2250-11,BC01 Transmission Case DC,14,Die Change,0,scheduled die change,Die Related,05:15 PM,09:15 PM
7-Dec-22,AAC Plant 2,2,2250-13,G300 TRANSMISSION CASE DC,7,Condition Check Die,35,cond check bolt boss c3 high,Die Related,07:00 PM,07:35 PM
7-Dec-22,AAC Plant 2,2,2250-8,19MY NONPTO TRANSMISSION CASE DC,1,Clean Up,35,carry over for 4sd,Casting Process/Equipment,10:55 PM,11:30 PM
7-Dec-22,AAC Plant 2,2,2250-9,881 Oil Pan DC,10,Clean Up,10,die repair,Casting Process/Equipment,05:15 PM,05:25 PM
7-Dec-22,AAC Plant 2,2,500-3,G903 Stator Wheel DC,5,Condition Check Machine,15,cond check A cavity spinning,Casting Process/Equipment,10:10 PM,10:25 PM
8-Dec-22,AAC Plant 2,1,2250-11,BC01 Transmission Case DC,14,Die Change,0,scheduled die change,Die Related,03:10 PM,05:00 PM
8-Dec-22,AAC Plant 2,1,2250-8,19MY NONPTO TRANSMISSION CASE DC,1,Clean Up,5,over 4s+d,Casting Process/Equipment,11:30 AM,11:35 AM
8-Dec-22,AAC Plant 2,1,2250-8,19MY NONPTO TRANSMISSION CASE DC,1,Date Stamp-ID,35,date stamp,Casting Process/Equipment,05:15 AM,05:50 AM
8-Dec-22,AAC Plant 2,2,2250-8,G300 TA HOUSING FWD DC,4,Die Change,0,scheduled die change pulled my19 3,Die Related,05:15 PM,06:40 PM
9-Dec-22,AAC Plant 2,1,2250-10,946F Crankcase DC,11,Metal Delivery,55,cold metal temp,Casting Process/Equipment,02:20 AM,03:15 AM
12-Dec-22,AAC Plant 2,1,2250-1,946F Crankcase DC,10,Die Change,0,scheduled die change,Die Related,05:30 AM,07:30 AM
12-Dec-22,AAC Plant 2,1,2250-10,946F Crankcase DC,11,Other (Indirect),10,shaker down,Casting Process/Equipment,05:30 AM,05:40 AM
12-Dec-22,AAC Plant 2,1,2250-10,946F Crankcase DC,11,Die Change,0,scheduled die change,Die Related,03:30 PM,04:00 PM
12-Dec-22,AAC Plant 2,1,2250-11,BC01 Transmission Case DC,12,Date Stamp-ID,135,date stamp ng spray,Die Related,05:00 AM,07:15 AM
12-Dec-22,AAC Plant 2,1,2250-11,BC01 Transmission Case DC,12,Date Stamp-ID,-135,,,,
12-Dec-22,AAC Plant 2,1,2250-12,BC01 Transmission Case DC,13,Die Change,30,die change carry over 4s+d,Die Related,02:00 PM,02:30 PM
12-Dec-22,AAC Plant 2,1,2250-14,G300 TRANSMISSION CASE DC,8,Die Change,50,die repair ng,Die Related,12:40 PM,01:30 PM
12-Dec-22,AAC Plant 2,1,2250-14,G300 TRANSMISSION CASE DC,8,Die Change,-50,,,,
12-Dec-22,AAC Plant 2,1,2250-4,946F Crankcase DC,8,Condition Check Die,15,cond check discoloration,Die Related,01:00 PM,01:15 PM
12-Dec-22,AAC Plant 2,1,500-3,G903 Stator Wheel DC,5,Water/Die Lube Supply,4,spray lube,Casting Process/Equipment,12:53 PM,12:57 PM
12-Dec-22,AAC Plant 2,1,800-1,908K Center Support DC,2,Die Change,35,stuck bisc,Die Related,08:10 AM,08:45 AM
12-Dec-22,AAC Plant 2,2,2250-14,G300 TRANSMISSION CASE DC,9,Metal Delivery,20,ladle arm return over,Casting Process/Equipment,03:40 AM,04:00 AM
12-Dec-22,AAC Plant 2,2,2250-14,G300 TRANSMISSION CASE DC,9,Metal Delivery,10,ladle arm return over run,Casting Process/Equipment,02:45 AM,02:55 AM
12-Dec-22,AAC Plant 2,2,2250-14,G300 TRANSMISSION CASE DC,9,Metal Delivery,10,molten metal low level,Casting Process/Equipment,10:55 PM,11:05 PM
12-Dec-22,AAC Plant 2,2,2250-7,A467 Adaptor DC,3,Die Change,0,scheduled die change pulled 881 op 8set adp 3,Die Related,05:15 PM,06:30 PM
12-Dec-22,AAC Plant 2,2,800-1,908K Center Support DC,2,Clean Up,19,shot end read build up cause ladle to crash,Casting Process/Equipment,08:22 PM,08:41 PM
13-Dec-22,AAC Plant 2,1,2250-3,908K TAH AWD DC,3,Die Change,70,die change pwc fault broke pin ms main core,Die Related,08:20 AM,09:30 AM
13-Dec-22,AAC Plant 2,1,2250-3,908K TAH AWD DC,3,Die Change,-70,,,,
13-Dec-22,AAC Plant 2,1,2250-5,G298 TA HOUSING AWD DC,4,Condition Check Die,30,condition check disc,Die Related,01:10 PM,01:40 PM
13-Dec-22,AAC Plant 2,1,2250-8,G300 TA HOUSING FWD DC,3,Date Stamp-ID,5,over start,Casting Process/Equipment,05:15 AM,05:20 AM
13-Dec-22,AAC Plant 2,1,2250-8,G300 TA HOUSING FWD DC,3,Die Change,0,scheduled die change,Die Related,06:00 AM,07:30 AM
13-Dec-22,AAC Plant 2,1,2250-8,19MY PTO TRANSMISSION CASE DC,3,Condition Check Die,10,condition check,Die Related,01:00 PM,01:10 PM
13-Dec-22,AAC Plant 2,1,500-3,G903 Stator Wheel DC,5,Condition Check Die,20,"condition check , b cavity out of spec",Die Related,08:05 AM,08:25 AM
13-Dec-22,AAC Plant 2,1,500-3,G903 Stator Wheel DC,5,Die Change,0,scheduled die change 4s+d,Die Related,09:30 AM,10:30 AM
13-Dec-22,AAC Plant 2,1,800-1,908K Center Support DC,2,Condition Check Die,60,conditions check floor height,Die Related,02:00 AM,03:00 AM
13-Dec-22,AAC Plant 2,2,2250-1,946F Crankcase DC,10,Die Change,35,die change carry over,Die Related,05:15 PM,05:50 PM
13-Dec-22,AAC Plant 2,2,2250-12,BC01 Transmission Case DC,14,Die Change,90,die change c3 chunkout spline,Die Related,11:50 PM,01:20 AM
13-Dec-22,AAC Plant 2,2,2250-12,BC01 Transmission Case DC,14,Die Change,-90,,,,
13-Dec-22,AAC Plant 2,2,2250-3,908K TAH AWD DC,2,Die Change,0,scheduled die change,Die Related,01:00 AM,02:00 AM
13-Dec-22,AAC Plant 2,2,2250-3,908K TAH AWD DC,2,Clean Up,5,over 4s+d,Casting Process/Equipment,10:45 PM,10:50 PM
13-Dec-22,AAC Plant 2,2,2250-8,19MY PTO TRANSMISSION CASE DC,3,Die Change,0,scheduled die change,Die Related,02:00 AM,05:00 AM
13-Dec-22,AAC Plant 2,2,2250-9,881 Oil Pan DC,10,Die Change,70,die change  die chip ms main core,Die Related,06:25 PM,07:35 PM
13-Dec-22,AAC Plant 2,2,800-2,G300 CENTER SUPPORT DC,10,Clean Up,5,dcm conv fault,Casting Process/Equipment,05:48 PM,05:53 PM
13-Dec-22,AAC Plant 2,2,800-2,G300 CENTER SUPPORT DC,10,Clean Up,4,dcm conv fault /jammed,Casting Process/Equipment,12:50 AM,12:54 AM
14-Dec-22,AAC Plant 2,1,2250-14,G300 TRANSMISSION CASE DC,9,Condition Check Die,15,cond check,Die Related,08:00 AM,08:15 AM
14-Dec-22,AAC Plant 2,1,2250-2,908K TAH FWD DC,2,Die Change,0,scheduled die change,Die Related,11:30 AM,12:30 PM
14-Dec-22,AAC Plant 2,1,2250-3,G298 TA HOUSING AWD DC,6,Die Change,0,scheduled die change,Die Related,05:00 AM,05:30 AM
14-Dec-22,AAC Plant 2,1,2250-7,A467 Transmission Housing DC,3,Die Change,0,scheduled die change,Die Related,12:00 PM,01:00 PM
14-Dec-22,AAC Plant 2,1,2250-8,19MY NONPTO TRANSMISSION CASE DC,1,Die Change,0,scheduled die change,Die Related,11:30 AM,12:30 PM
14-Dec-22,AAC Plant 2,1,500-2,B700 V6 Stator Wheel DC,10,Date Stamp-ID,15,tonnage failure,Casting Process/Equipment,07:20 AM,07:35 AM
14-Dec-22,AAC Plant 2,1,500-3,G903 Stator Wheel DC,6,Condition Check Die,90,stop call wait PE,Die Related,06:30 AM,08:00 AM
14-Dec-22,AAC Plant 2,1,500-3,G903 Stator Wheel DC,6,Condition Check Die,23,condition check ng,Die Related,12:45 PM,01:08 PM
14-Dec-22,AAC Plant 2,1,800-2,G300 CENTER SUPPORT DC,10,Die Change,34,cycle over,Die Related,09:06 AM,09:40 AM
14-Dec-22,AAC Plant 2,1,800-2,G300 CENTER SUPPORT DC,10,N/G Tip or Sleeve Change,39,cycle over,Die Related,09:46 AM,10:25 AM
14-Dec-22,AAC Plant 2,1,800-2,G300 CENTER SUPPORT DC,10,Clean Up,10,over startr,Casting Process/Equipment,05:30 AM,05:40 AM
14-Dec-22,AAC Plant 2,1,800-2,G300 CENTER SUPPORT DC,10,Die Change,-34,,,,
14-Dec-22,AAC Plant 2,1,800-2,G300 CENTER SUPPORT DC,10,Clean Up,-10,,,,
14-Dec-22,AAC Plant 2,2,2250-14,G300 TRANSMISSION CASE DC,10,Condition Check Die,10,cond check,Die Related,11:55 PM,12:05 AM
14-Dec-22,AAC Plant 2,2,2250-14,G300 TRANSMISSION CASE DC,9,Die Change,40,die change,Die Related,10:40 AM,11:20 PM
14-Dec-22,AAC Plant 2,2,2250-6,984F Crankcase DC,3,Condition Check Die,70,cond check leaking insert on ss,Die Related,06:00 AM,07:10 PM
15-Dec-22,AAC Plant 2,1,2250-13,G300 TRANSMISSION CASE DC,8,Clean Up,15,cleaning shot end before start up,Casting Process/Equipment,05:15 AM,05:30 AM
15-Dec-22,AAC Plant 2,1,500-2,B700 V6 Stator Wheel DC,10,Date Stamp-ID,6,extractor fault,Casting Process/Equipment,07:48 AM,07:54 AM
15-Dec-22,AAC Plant 2,1,500-2,B700 V6 Stator Wheel DC,10,Date Stamp-ID,10,extractor fault bsm table stuck on runner,Casting Process/Equipment,05:35 AM,05:45 AM
15-Dec-22,AAC Plant 2,1,500-3,G903 Stator Wheel DC,6,Date Stamp-ID,5,ext fault,Casting Process/Equipment,02:18 PM,02:23 PM
15-Dec-22,AAC Plant 2,1,500-3,G903 Stator Wheel DC,6,Date Stamp-ID,4,ext fault,Casting Process/Equipment,11:50 AM,11:54 AM
15-Dec-22,AAC Plant 2,1,800-1,908K Center Support DC,2,Die Change,34,stuck fault vac fault,Die Related,05:51 AM,06:25 AM
15-Dec-22,AAC Plant 2,2,2250-3,G298 TA HOUSING AWD DC,6,Die Change,0,scheduled die change,Die Related,03:00 AM,04:45 AM
15-Dec-22,AAC Plant 2,2,2250-3,G298 TA HOUSING AWD DC,6,Clean Up,20,reduce inventory no baskets,Casting Process/Equipment,05:15 PM,05:35 PM
15-Dec-22,AAC Plant 2,2,2250-4,946F Crankcase DC,8,Clean Up,20,reduce inventory,Casting Process/Equipment,05:15 PM,05:35 PM
15-Dec-22,AAC Plant 2,2,2250-6,984F Crankcase DC,2,Other (Indirect),10,late start up,Casting Process/Equipment,05:15 PM,05:25 PM
15-Dec-22,AAC Plant 2,2,2250-9,881 Oil Pan DC,8,Other (Indirect),35,reduce inventory,Casting Process/Equipment,05:15 PM,05:50 PM
15-Dec-22,AAC Plant 2,2,800-1,908K Center Support DC,2,Condition Check Machine,47,condition check low ej pins,Casting Process/Equipment,10:13 PM,11:00 PM
16-Dec-22,AAC Plant 2,1,2250-10,984F Crankcase DC,1,Die Change,0,scheduled die change,Die Related,08:30 AM,10:00 AM
16-Dec-22,AAC Plant 2,1,500-3,G903 Stator Wheel DC,6,Condition Check Die,45,cond check b cavity distorted,Die Related,08:30 AM,09:15 AM
16-Dec-22,AAC Plant 2,1,500-3,G903 Stator Wheel DC,6,Die Change,0,scheduled die change,Die Related,09:15 AM,10:00 AM
19-Dec-22,AAC Plant 2,1,2250-10,946F Crankcase DC,11,Metal Delivery,15,metal temp low,Casting Process/Equipment,07:10 AM,07:25 AM
19-Dec-22,AAC Plant 2,1,2250-10,946F Crankcase DC,11,Metal Delivery,20,metal temp ;pw,Casting Process/Equipment,09:30 AM,09:50 AM
19-Dec-22,AAC Plant 2,1,2250-11,BC01 Transmission Case DC,12,Die Change,55,die change pulling bc01 tm 12a set 14d,Die Related,01:00 PM,01:55 PM
19-Dec-22,AAC Plant 2,1,2250-8,19MY PTO TRANSMISSION CASE DC,3,Die Change,0,scheduled die change,Die Related,05:15 AM,07:30 AM
19-Dec-22,AAC Plant 2,1,500-2,B700 V6 Stator Wheel DC,10,Date Stamp-ID,45,running prep,Casting Process/Equipment,05:15 AM,06:00 AM
19-Dec-22,AAC Plant 2,1,500-3,G903 Stator Wheel DC,7,Date Stamp-ID,30,ext fault,Casting Process/Equipment,09:10 AM,09:40 AM
19-Dec-22,AAC Plant 2,1,500-3,G903 Stator Wheel DC,7,Date Stamp-ID,200,running prep,Casting Process/Equipment,05:15 AM,08:35 AM
19-Dec-22,AAC Plant 2,1,800-1,908K Center Support DC,2,Date Stamp-ID,50,running prep,Casting Process/Equipment,05:15 AM,06:05 AM
19-Dec-22,AAC Plant 2,1,800-3,G300 CENTER SUPPORT DC,1,Date Stamp-ID,67,running prep pwc overflow,Casting Process/Equipment,05:15 AM,06:22 AM
19-Dec-22,AAC Plant 2,2,800-1,908K Center Support DC,2,Clean Up,34,powder fault p2 not reaing fwd,Casting Process/Equipment,12:34 PM,01:08 AM
19-Dec-22,AAC Plant 2,2,800-2,G300 CENTER SUPPORT DC,10,Die Change,70,die change pull 10 set 8,Die Related,07:30 PM,08:40 PM
20-Dec-22,AAC Plant 2,1,2250-12,BC01 Transmission Case DC,11,Condition Check Die,20,cond check,Die Related,03:40 PM,04:00 PM
20-Dec-22,AAC Plant 2,1,2250-12,BC01 Transmission Case DC,11,Condition Check Die,20,condition check cold shot on parts,Die Related,08:40 AM,09:00 AM
20-Dec-22,AAC Plant 2,1,2250-7,881 Oil Pan DC,9,Die Change,0,scheduled die change,Die Related,12:20 PM,01:30 PM
20-Dec-22,AAC Plant 2,1,2250-8,19MY PTO TRANSMISSION CASE DC,1,Die Change,0,scheduled die change,Die Related,05:15 AM,07:00 AM
20-Dec-22,AAC Plant 2,1,500-3,G903 Stator Wheel DC,7,Ladle-ID,6,ext fault,Casting Process/Equipment,08:40 AM,08:46 AM
20-Dec-22,AAC Plant 2,1,800-1,908K Center Support DC,2,Date Stamp-ID,10,running prep,Casting Process/Equipment,05:15 AM,05:25 AM
20-Dec-22,AAC Plant 2,1,800-1,908K Center Support DC,2,Ladle-ID,33,build up on shot sleeve,Casting Process/Equipment,09:24 AM,09:57 AM
20-Dec-22,AAC Plant 2,1,800-3,G300 CENTER SUPPORT DC,1,Date Stamp-ID,17,prev shift left ditvh over flowing,Casting Process/Equipment,05:15 AM,05:32 AM
20-Dec-22,AAC Plant 2,2,2250-3,908K TAH FWD DC,1,Clean Up,10,over 4s+d,Casting Process/Equipment,11:30 PM,11:40 PM
20-Dec-22,AAC Plant 2,2,2250-4,946F Crankcase DC,8,Clean Up,10,,Casting Process/Equipment,11:30 AM,11:40 AM
20-Dec-22,AAC Plant 2,2,2250-8,19MY NONPTO TRANSMISSION CASE DC,1,Water/Die Lube Supply,25,die lube down,Casting Process/Equipment,11:15 PM,11:40 PM
20-Dec-22,AAC Plant 2,2,800-2,G300 CENTER SUPPORT DC,8,Clean Up,10,belt stopped,Casting Process/Equipment,03:46 AM,03:56 AM
21-Dec-22,AAC Plant 2,1,2250-8,G300 TA HOUSING FWD DC,3,Die Change,0,scheduled die change,Die Related,05:15 AM,05:45 AM
21-Dec-22,AAC Plant 2,1,500-3,G903 Stator Wheel DC,7,Date Stamp-ID,5,ext fault robot drop part,Casting Process/Equipment,12:00 PM,12:05 PM
21-Dec-22,AAC Plant 2,1,800-3,G300 CENTER SUPPORT DC,1,Date Stamp-ID,4,cycle stop e-stop catch station,Casting Process/Equipment,11:20 AM,11:24 AM
21-Dec-22,AAC Plant 2,2,2250-11,BC01 Transmission Case DC,14,Condition Check Die,25,cond check qc req,Die Related,07:00 PM,07:25 PM
21-Dec-22,AAC Plant 2,2,2250-11,BC01 Transmission Case DC,14,Condition Check Die,20,cond check cold shut c3,Die Related,03:40 AM,04:00 AM
21-Dec-22,AAC Plant 2,2,800-2,G300 CENTER SUPPORT DC,8,Clean Up,10,ulr fault carry over,Casting Process/Equipment,05:15 PM,05:25 PM
21-Dec-22,AAC Plant 2,2,800-2,G300 CENTER SUPPORT DC,8,Clean Up,6,belt jammed,Casting Process/Equipment,05:43 PM,05:49 PM
22-Dec-22,AAC Plant 2,1,2250-11,BC01 Transmission Case DC,14,Metal Delivery,10,shaker jammed,Casting Process/Equipment,07:30 AM,07:40 AM
3-Jan-23,AAC Plant 2,1,2250-1,946F Crankcase DC,10,Other (Indirect),35,ditch overflowing,Casting Process/Equipment,12:40 PM,01:15 PM
3-Jan-23,AAC Plant 2,1,2250-13,G300 TRANSMISSION CASE DC,7,N/G Tip or Sleeve Change,55,shot tip broke,Casting Process/Equipment,03:05 PM,04:00 PM
3-Jan-23,AAC Plant 2,1,2250-2,908K TAH AWD DC,2,Clean Up,25,shut down per manager,Casting Process/Equipment,03:15 PM,03:40 PM
3-Jan-23,AAC Plant 2,1,2250-4,946F Crankcase DC,8,Clean Up,15,over 4s+d,Casting Process/Equipment,03:40 PM,03:55 PM
3-Jan-23,AAC Plant 2,1,2250-5,G298 TA HOUSING AWD DC,4,Other (Indirect),60,developer chk ng; leak on s/s; die chg,Die Related,11:30 AM,12:30 PM
3-Jan-23,AAC Plant 2,1,500-2,B700 V6 Stator Wheel DC,10,Date Stamp-ID,25,overstart,Casting Process/Equipment,05:30 AM,05:55 AM
3-Jan-23,AAC Plant 2,1,500-3,G903 Stator Wheel DC,7,Date Stamp-ID,-15,,,,
3-Jan-23,AAC Plant 2,1,500-3,G903 Stator Wheel DC,7,Date Stamp-ID,-45,,,,
3-Jan-23,AAC Plant 2,1,500-3,G903 Stator Wheel DC,7,Date Stamp-ID,15,light bar on trim press,Casting Process/Equipment,01:20 PM,01:35 PM
3-Jan-23,AAC Plant 2,1,800-3,G300 CENTER SUPPORT DC,13,Clean Up,130,run prep/ c4 l/s flt,Casting Process/Equipment,05:15 AM,07:25 AM
3-Jan-23,AAC Plant 2,2,2250-12,BC01 Transmission Case DC,11,Condition Check Die,105,crack in c3 insert,Die Related,07:50 PM,09:35 PM
3-Jan-23,AAC Plant 2,2,2250-12,BC01 Transmission Case DC,11,Die Change,45,c-3 leak,Die Related,01:20 AM,02:05 AM
3-Jan-23,AAC Plant 2,2,2250-2,908K TAH AWD DC,2,Clean Up,25,shut down per mngr request; cleaned belly pan on 2250-3,Casting Process/Equipment,03:15 PM,03:40 AM
3-Jan-23,AAC Plant 2,2,2250-2,908K TAH AWD DC,2,Clean Up,-25,,,,
3-Jan-23,AAC Plant 2,2,2250-4,946F Crankcase DC,8,Date Stamp-ID,10,stuck date stamp,Die Related,05:15 PM,05:25 PM
3-Jan-23,AAC Plant 2,2,2250-5,G298 TA HOUSING AWD DC,7,Other (Indirect),150,carryover die repair,Die Related,05:15 PM,07:45 PM
4-Jan-23,AAC Plant 2,1,2250-12,BC01 Transmission Case DC,13,Condition Check Die,15,cond check cold shut,Die Related,09:00 AM,09:15 AM
4-Jan-23,AAC Plant 2,1,2250-14,G300 TRANSMISSION CASE DC,10,Die Change,20,checking with maint to see if die change,Die Related,05:15 AM,05:35 AM
4-Jan-23,AAC Plant 2,1,2250-3,908K TAH FWD DC,1,Condition Check Die,15,condition check laminations on part,Die Related,10:15 AM,10:30 AM
4-Jan-23,AAC Plant 2,1,2250-8,19MY PTO TRANSMISSION CASE DC,4,Die Change,0,scheduled die change,Die Related,05:00 AM,09:10 AM
4-Jan-23,AAC Plant 2,1,500-2,B700 V6 Stator Wheel DC,10,Date Stamp-ID,65,running prep hyd oil low,Casting Process/Equipment,05:15 AM,06:20 AM
4-Jan-23,AAC Plant 2,1,500-3,G903 Stator Wheel DC,7,Date Stamp-ID,10,over start,Casting Process/Equipment,05:15 AM,05:25 AM
4-Jan-23,AAC Plant 2,1,500-3,G903 Stator Wheel DC,7,Date Stamp-ID,5,adjust tonnage,Casting Process/Equipment,08:35 AM,08:40 AM
4-Jan-23,AAC Plant 2,1,800-1,908K Center Support DC,2,Clean Up,5,runing prep,Casting Process/Equipment,05:15 AM,05:20 AM
4-Jan-23,AAC Plant 2,1,800-2,G300 CENTER SUPPORT DC,12,Clean Up,8,running prep,Casting Process/Equipment,05:15 AM,05:23 AM
4-Jan-23,AAC Plant 2,1,800-3,G300 CENTER SUPPORT DC,13,Date Stamp-ID,6, over start,Casting Process/Equipment,05:15 AM,05:26 AM
4-Jan-23,AAC Plant 2,1,800-3,G300 CENTER SUPPORT DC,13,Condition Check Die,17,cond check low ej pins,Die Related,06:28 AM,06:45 AM
4-Jan-23,AAC Plant 2,2,800-3,G300 CENTER SUPPORT DC,13,Die Change,60,die change die sticking parts,Die Related,06:20 PM,07:20 PM
4-Jan-23,AAC Plant 2,2,800-3,G300 CENTER SUPPORT DC,13,Clean Up,35,bisc fall no detect,Casting Process/Equipment,05:15 PM,05:50 PM
4-Jan-23,AAC Plant 2,2,800-3,G300 CENTER SUPPORT DC,3,Clean Up,35,bisc fall no detect,Casting Process/Equipment,05:15 PM,05:50 PM
4-Jan-23,AAC Plant 2,2,800-3,G300 CENTER SUPPORT DC,3,Die Change,60,die change die sticking parts over mult days,Die Related,06:20 PM,07:20 PM
4-Jan-23,AAC Plant 2,2,800-3,G300 CENTER SUPPORT DC,3,Clean Up,-35,,,,
4-Jan-23,AAC Plant 2,2,800-3,G300 CENTER SUPPORT DC,3,Die Change,-60,,,,
5-Jan-23,AAC Plant 2,1,2250-13,G300 TRANSMISSION CASE DC,7,Clean Up,25,carry over cleaning shot end,Casting Process/Equipment,05:15 AM,05:40 AM
5-Jan-23,AAC Plant 2,1,2250-8,G300 TA HOUSING FWD DC,2,Condition Check Die,10,developer check,Die Related,10:35 AM,10:45 AM
5-Jan-23,AAC Plant 2,1,2250-8,G300 TA HOUSING FWD DC,2,Metal Delivery,10,molten metal low,Casting Process/Equipment,12:10 PM,12:20 PM
5-Jan-23,AAC Plant 2,1,2250-8,19MY PTO TRANSMISSION CASE DC,3,Die Change,0,scheduled die change,Die Related,07:00 AM,09:25 AM
5-Jan-23,AAC Plant 2,1,2250-9,881 Oil Pan DC,8,Other (Indirect),15,over start,Casting Process/Equipment,05:15 AM,05:30 AM
5-Jan-23,AAC Plant 2,1,500-2,B700 V6 Stator Wheel DC,10,Date Stamp-ID,20,bisc in die,Casting Process/Equipment,05:15 AM,05:35 AM
5-Jan-23,AAC Plant 2,1,500-3,G903 Stator Wheel DC,7,Date Stamp-ID,15,running prep,Casting Process/Equipment,05:15 AM,05:30 AM
5-Jan-23,AAC Plant 2,1,800-2,G300 CENTER SUPPORT DC,12,Condition Check Die,10,cond check cycle over issue,Die Related,06:00 AM,06:10 AM
5-Jan-23,AAC Plant 2,2,2250-12,BC01 Transmission Case DC,11,Die Change,60,die change,Die Related,03:45 AM,04:45 AM
5-Jan-23,AAC Plant 2,2,2250-12,BC01 Transmission Case DC,13,Die Change,90,die change c1 ls m/s,Die Related,11:30 PM,01:00 AM
5-Jan-23,AAC Plant 2,2,2250-3,908K TAH FWD DC,1,Condition Check Die,20,cond check,Die Related,02:45 AM,03:05 AM
5-Jan-23,AAC Plant 2,2,2250-9,881 Oil Pan DC,8,N/G Tip or Sleeve Change,80,ulr fault bisc stuck,Casting Process/Equipment,08:00 PM,09:20 PM
6-Jan-23,AAC Plant 2,1,2250-10,946F Crankcase DC,11,Die Change,0,scheduled die change broke pin m/s,Die Related,07:05 AM,10:40 AM
6-Jan-23,AAC Plant 2,1,2250-12,BC01 Transmission Case DC,13,Condition Check Die,15,cond check,Die Related,10:05 AM,10:20 AM
6-Jan-23,AAC Plant 2,1,2250-12,BC01 Transmission Case DC,13,Clean Up,5,over 4s+d,Casting Process/Equipment,02:00 PM,02:05 AM
6-Jan-23,AAC Plant 2,2,2250-12,BC01 Transmission Case DC,13,Condition Check Die,40,cond check cold shut bolt boss c2,Die Related,10:30 PM,11:10 PM
6-Jan-23,AAC Plant 2,2,2250-6,984F Crankcase DC,5,Condition Check Die,30,condition check cold shot,Die Related,06:00 PM,06:30 PM
6-Jan-23,AAC Plant 2,2,800-2,G300 CENTER SUPPORT DC,12,Condition Check Die,9,condition check ss,Die Related,12:14 AM,12:23 AM
9-Jan-23,AAC Plant 2,1,2250-10,984F Crankcase DC,4,Metal Delivery,35,cold metal temp,Casting Process/Equipment,06:00 AM,06:35 AM
9-Jan-23,AAC Plant 2,1,2250-11,BC01 Transmission Case DC,14,Condition Check Die,60,condition check  leaker at customer breather hole,Die Related,02:40 PM,03:40 PM
9-Jan-23,AAC Plant 2,1,2250-2,908K TAH AWD DC,2,Condition Check Die,10,condition check qe request,Die Related,09:10 AM,09:20 AM
9-Jan-23,AAC Plant 2,1,2250-6,984F Crankcase DC,3,Condition Check Die,15,condition check qc req,Die Related,07:00 AM,07:15 AM
9-Jan-23,AAC Plant 2,1,2250-7,A467 Transmission Housing DC,4,Die Change,0,scheduled die change,Die Related,01:30 PM,02:45 PM
9-Jan-23,AAC Plant 2,1,2250-8,G300 TA HOUSING FWD DC,2,Die Change,0,scheduled die change,Die Related,10:00 AM,01:30 PM
9-Jan-23,AAC Plant 2,1,500-3,G903 Stator Wheel DC,7,Date Stamp-ID,15,working on other dcm,Casting Process/Equipment,05:30 AM,05:45 AM
9-Jan-23,AAC Plant 2,1,800-1,908K Center Support DC,2,Clean Up,13,conveyor not working,Casting Process/Equipment,05:30 AM,05:43 AM
9-Jan-23,AAC Plant 2,1,800-3,G300 CENTER SUPPORT DC,9,Die Change,0,scheduled die change,Die Related,05:15 AM,08:40 AM
9-Jan-23,AAC Plant 2,2,2250-10,984F Crankcase DC,4,Condition Check Die,20,shut down cold shot,Die Related,07:10 AM,07:30 AM
9-Jan-23,AAC Plant 2,2,2250-6,984F Crankcase DC,3,Condition Check Die,10,condition check cold shot,Die Related,06:05 PM,06:15 PM
10-Jan-23,AAC Plant 2,1,2250-10,984F Crankcase DC,4,Condition Check Die,20,cond check,Die Related,06:30 AM,06:50 AM
10-Jan-23,AAC Plant 2,1,2250-10,984F Crankcase DC,4,Condition Check Die,50,cond check,Die Related,07:40 AM,08:30 AM
10-Jan-23,AAC Plant 2,1,2250-10,984F Crankcase DC,4,Condition Check Die,15,condition check,Die Related,07:10 AM,07:25 AM
10-Jan-23,AAC Plant 2,1,2250-2,908K TAH AWD DC,2,Die Change,0,scheduled die change,Die Related,11:30 AM,12:30 PM
10-Jan-23,AAC Plant 2,1,2250-3,908K TAH FWD DC,1,Die Change,0,scheduled die change,Die Related,11:30 AM,12:40 PM
10-Jan-23,AAC Plant 2,1,2250-8,19MY PTO TRANSMISSION CASE DC,4,Condition Check Die,65,condition check,Die Related,07:25 AM,08:30 AM
10-Jan-23,AAC Plant 2,1,800-2,G300 CENTER SUPPORT DC,11,Clean Up,6,bisc falling no detection,Casting Process/Equipment,02:00 AM,02:06 AM
10-Jan-23,AAC Plant 2,1,800-2,G300 CENTER SUPPORT DC,11,Clean Up,-6,,,,
10-Jan-23,AAC Plant 2,2,2250-11,BC01 Transmission Case DC,14,Die Change,75,die change c3 spline drag mark,Die Related,09:30 PM,10:45 PM
10-Jan-23,AAC Plant 2,2,2250-8,19MY NONPTO TRANSMISSION CASE DC,1,Die Change,0,scheduled die change,Die Related,05:15 PM,06:30 PM
10-Jan-23,AAC Plant 2,2,800-2,G300 CENTER SUPPORT DC,11,Clean Up,6,bisc falling no detect,Casting Process/Equipment,02:00 AM,02:06 AM
11-Jan-23,AAC Plant 2,1,1650-1,"103E Oil Pan, No. 1  DC",1,Date Stamp-ID,45,cold metal,Casting Process/Equipment,04:00 AM,04:45 AM
11-Jan-23,AAC Plant 2,1,2250-8,19MY NONPTO TRANSMISSION CASE DC,1,Clean Up,25,clean belly pan,Casting Process/Equipment,05:15 AM,05:40 AM
11-Jan-23,AAC Plant 2,1,500-2,B700 V6 Stator Wheel DC,10,Die Change,115,a cavity cracking die change,Die Related,03:05 AM,05:00 AM
11-Jan-23,AAC Plant 2,1,500-2,B700 V6 Stator Wheel DC,10,Condition Check Die,80,A cavity cracking condition check 1,Die Related,11:40 AM,01:00 PM
11-Jan-23,AAC Plant 2,1,500-2,B700 V6 Stator Wheel DC,10,Condition Check Die,10,a cavities creaking,Die Related,01:40 AM,01:50 AM
11-Jan-23,AAC Plant 2,1,500-2,B700 V6 Stator Wheel DC,9,Die Change,55,die change cavity distortion,Die Related,10:30 AM,11:25 AM
11-Jan-23,AAC Plant 2,1,500-2,B700 V6 Stator Wheel DC,9,Condition Check Die,35,condition check A cavity not g guaging,Die Related,09:40 AM,10:15 AM
11-Jan-23,AAC Plant 2,2,2250-10,984F Crankcase DC,3,Ladle-ID,15,ulr fault servo not home out,Casting Process/Equipment,05:20 PM,05:35 PM
11-Jan-23,AAC Plant 2,2,2250-11,BC01 Transmission Case DC,11,Die Change,0,scheduled die change,Die Related,05:15 PM,07:30 PM
11-Jan-23,AAC Plant 2,2,2250-11,BC01 Transmission Case DC,11,Die Change,95,die change pulled for repair,Die Related,11:00 PM,12:35 AM
11-Jan-23,AAC Plant 2,2,2250-11,BC01 Transmission Case DC,14,Condition Check Die,85,cond check qc req,Die Related,01:00 AM,02:25 AM
11-Jan-23,AAC Plant 2,2,800-3,G300 CENTER SUPPORT DC,9,Clean Up,4,bisc falling no detection,Casting Process/Equipment,01:22 AM,01:26 AM
11-Jan-23,AAC Plant 2,2,800-3,G300 CENTER SUPPORT DC,9,Clean Up,8,bisc falling no detect,Casting Process/Equipment,01:57 AM,02:05 AM
12-Jan-23,AAC Plant 2,1,2250-10,946F Crankcase DC,10,Clean Up,15,checking die after die change,Casting Process/Equipment,05:15 AM,05:30 AM
12-Jan-23,AAC Plant 2,1,2250-12,BC01 Transmission Case DC,13,Clean Up,10,ladle hitting buildup on furnace,Casting Process/Equipment,03:25 AM,03:35 AM
12-Jan-23,AAC Plant 2,1,2250-12,BC01 Transmission Case DC,13,Clean Up,20,carry over from 4s+d,Casting Process/Equipment,02:00 AM,02:20 AM
12-Jan-23,AAC Plant 2,1,2250-7,881 Oil Pan DC,10,Die Change,0,check dcm carry over from die change,Die Related,05:15 AM,05:30 AM
12-Jan-23,AAC Plant 2,1,2250-9,881 Oil Pan DC,11,Date Stamp-ID,15,starting 2250-10,Casting Process/Equipment,05:15 AM,05:30 AM
12-Jan-23,AAC Plant 2,1,2250-9,881 Oil Pan DC,11,Die Change,0,die change carry over,Die Related,05:30 AM,06:30 AM
12-Jan-23,AAC Plant 2,1,800-2,G300 CENTER SUPPORT DC,11,Metal Delivery,20,out of metal,Casting Process/Equipment,02:00 PM,02:20 PM
12-Jan-23,AAC Plant 2,2,2250-2,908K TAH FWD DC,2,Metal Delivery,15,molten metal low level,Casting Process/Equipment,09:55 PM,10:10 PM
12-Jan-23,AAC Plant 2,2,2250-3,G298 TA HOUSING AWD DC,5,Clean Up,5,over 4s+f,Casting Process/Equipment,01:25 AM,01:30 AM
12-Jan-23,AAC Plant 2,2,2250-8,19MY NONPTO TRANSMISSION CASE DC,1,Die Change,0,scheduled die change,Die Related,05:15 PM,06:10 PM
13-Jan-23,AAC Plant 2,1,2250-3,G298 TA HOUSING AWD DC,5,Die Change,0,scheduled die change,Die Related,10:30 AM,11:30 AM
13-Jan-23,AAC Plant 2,1,2250-5,G298 TA HOUSING AWD DC,7,Condition Check Die,10,condition check qc req,Die Related,07:45 AM,07:55 AM
13-Jan-23,AAC Plant 2,1,2250-9,881 Oil Pan DC,11,Condition Check Machine,10,dropped part small bisc build up on shot sleeve,Casting Process/Equipment,12:10 PM,12:20 PM
13-Jan-23,AAC Plant 2,1,800-1,908K Center Support DC,2,Condition Check Die,15,condition check,Die Related,06:45 AM,07:00 AM
13-Jan-23,AAC Plant 2,1,800-1,908K Center Support DC,2,Die Change,0,scheduled die change,Die Related,09:30 AM,10:30 AM
13-Jan-23,AAC Plant 2,1,800-1,908K Center Support DC,3,Clean Up,30,cleaning water,Casting Process/Equipment,11:00 AM,11:30 AM
13-Jan-23,AAC Plant 2,1,800-1,908K Center Support DC,3,Condition Check Die,25,cond check floor height,Die Related,03:11 PM,03:36 PM
13-Jan-23,AAC Plant 2,1,800-2,G300 CENTER SUPPORT DC,11,Metal Delivery,31,cycle over low on metal,Casting Process/Equipment,06:27 AM,06:58 AM
13-Jan-23,AAC Plant 2,2,2250-12,BC01 Transmission Case DC,11,Die Change,0,scheduled die change,Die Related,07:40 PM,09:00 PM
13-Jan-23,AAC Plant 2,2,2250-8,G300 TA HOUSING FWD DC,4,Die Change,0,scheduled die change,Die Related,05:15 PM,07:15 PM
13-Jan-23,AAC Plant 2,2,800-1,908K Center Support DC,3,Condition Check Machine,48,condition check die no good floor height,Casting Process/Equipment,06:44 PM,07:32 PM
13-Jan-23,AAC Plant 2,2,800-1,908K Center Support DC,3,Condition Check Machine,26,condition check ng floor height,Casting Process/Equipment,12:06 AM,12:32 AM
13-Jan-23,AAC Plant 2,2,800-1,908K Center Support DC,3,Condition Check Machine,92,cond check ng floor height,Casting Process/Equipment,08:30 PM,10:02 PM
16-Jan-23,AAC Plant 2,1,2250-11,BC01 Transmission Case DC,14,Die Change,30,stuck part flashed out c1,Die Related,04:00 PM,04:30 PM
16-Jan-23,AAC Plant 2,1,2250-2,908K TAH FWD DC,2,Condition Check Die,15,cond check,Die Related,07:10 AM,07:25 AM
16-Jan-23,AAC Plant 2,1,2250-3,G298 TA HOUSING AWD DC,2,Die Change,0,scheduled die change,Die Related,11:30 AM,12:20 PM
16-Jan-23,AAC Plant 2,1,2250-8,G300 TA HOUSING FWD DC,4,Condition Check Die,20,condition check lamination on parts,Die Related,09:40 AM,10:00 AM
16-Jan-23,AAC Plant 2,1,800-1,908K Center Support DC,3,Condition Check Die,38,low floor height,Die Related,03:52 PM,04:30 PM
16-Jan-23,AAC Plant 2,2,800-1,908K Center Support DC,3,Condition Check Die,25,condition check not getting powder,Die Related,01:46 AM,02:11 AM
17-Jan-23,AAC Plant 2,1,2250-5,G298 TA HOUSING AWD DC,2,Condition Check Die,10,condition check,Die Related,07:50 AM,08:00 AM
17-Jan-23,AAC Plant 2,1,2250-7,A467 Adaptor DC,3,Die Change,0,scheduled die change,Die Related,01:00 PM,02:30 PM
17-Jan-23,AAC Plant 2,1,2250-8,G300 TA HOUSING FWD DC,3,Die Change,0,die change duting 4s+d,Die Related,10:35 AM,11:35 AM
17-Jan-23,AAC Plant 2,1,800-1,908K Center Support DC,3,Die Change,40,set stationary training operator,Die Related,03:40 PM,04:30 PM
17-Jan-23,AAC Plant 2,2,2250-11,BC01 Transmission Case DC,13,Metal Delivery,30,"shaker down, jammed",Casting Process/Equipment,11:50 PM,12:20 AM
17-Jan-23,AAC Plant 2,2,2250-12,BC01 Transmission Case DC,11,Metal Delivery,35,shaker jammed,Casting Process/Equipment,11:55 PM,12:30 AM
17-Jan-23,AAC Plant 2,2,2250-5,G298 TA HOUSING AWD DC,2,Metal Delivery,10,metal too low,Casting Process/Equipment,02:10 AM,02:20 AM
17-Jan-23,AAC Plant 2,2,2250-7,A467 Transmission Housing DC,4,Condition Check Die,30,condition check,Die Related,01:15 AM,01:45 AM
17-Jan-23,AAC Plant 2,2,2250-8,19MY PTO TRANSMISSION CASE DC,4,Die Change,0,scheduled die change,Die Related,05:15 PM,09:05 PM
17-Jan-23,AAC Plant 2,2,2250-8,19MY PTO TRANSMISSION CASE DC,4,Metal Delivery,35,hot charge out of metal stuck part,Casting Process/Equipment,11:35 PM,12:10 AM
17-Jan-23,AAC Plant 2,2,2250-8,19MY PTO TRANSMISSION CASE DC,4,Metal Delivery,10,hot charge out of metal stuck part,Casting Process/Equipment,02:15 AM,02:25 AM
17-Jan-23,AAC Plant 2,2,2250-8,19MY PTO TRANSMISSION CASE DC,4,Metal Delivery,50,hot charge out of metal stuck part,Casting Process/Equipment,02:40 AM,03:30 AM
17-Jan-23,AAC Plant 2,2,800-1,908K Center Support DC,1,Clean Up,54,stop call wait,Casting Process/Equipment,10:36 PM,11:30 PM
17-Jan-23,AAC Plant 2,2,800-1,908K Center Support DC,3,Condition Check Machine,22,condition check,Casting Process/Equipment,07:46 PM,08:08 PM
18-Jan-23,AAC Plant 2,1,2250-12,BC01 Transmission Case DC,11,Condition Check Die,10,cond check,Die Related,03:40 PM,03:50 PM
18-Jan-23,AAC Plant 2,2,2250-7,A467 Transmission Housing DC,4,Die Change,0,scheduled die change,Die Related,02:30 AM,04:45 AM
18-Jan-23,AAC Plant 2,2,2250-8,G300 TA HOUSING FWD DC,4,Die Change,150,carry over die change,Die Related,12:00 AM,02:30 AM
18-Jan-23,AAC Plant 2,2,2250-8,G300 TA HOUSING FWD DC,4,Die Change,0,sched die change,Die Related,05:15 AM,08:30 AM
18-Jan-23,AAC Plant 2,2,800-2,G300 CENTER SUPPORT DC,11,Clean Up,27,cycle ov er,Casting Process/Equipment,02:03 AM,02:30 AM
19-Jan-23,AAC Plant 2,1,2250-7,A467 Adaptor DC,3,Condition Check Die,10,PE check water flow ss,Die Related,11:05 AM,11:15 AM
19-Jan-23,AAC Plant 2,2,2250-13,G300 TRANSMISSION CASE DC,8,Die Change,195,carry over die change,Die Related,05:15 AM,08:30 AM
19-Jan-23,AAC Plant 2,2,2250-13,G300 TRANSMISSION CASE DC,8,Die Change,-195,,,,
19-Jan-23,AAC Plant 2,2,2250-7,A467 Adaptor DC,3,Die Change,0,scheduled die change,Die Related,03:00 AM,04:45 AM
19-Jan-23,AAC Plant 2,2,2250-8,19MY NONPTO TRANSMISSION CASE DC,1,Die Change,0,scheduled die change,Die Related,05:15 PM,06:45 PM
19-Jan-23,AAC Plant 2,2,2250-8,19MY NONPTO TRANSMISSION CASE DC,1,Metal Delivery,75,hot charge stuck part,Casting Process/Equipment,08:45 PM,10:00 PM
20-Jan-23,AAC Plant 2,1,2250-5,G298 TA HOUSING AWD DC,6,Condition Check Die,10,condition check qe request,Die Related,09:00 AM,09:10 AM
20-Jan-23,AAC Plant 2,1,2250-8,19MY NONPTO TRANSMISSION CASE DC,1,Date Stamp-ID,15,over start,Casting Process/Equipment,05:15 AM,05:30 AM
20-Jan-23,AAC Plant 2,1,500-3,G903 Stator Wheel DC,7,Condition Check Die,30,condition check clean die face,Die Related,09:00 AM,09:30 AM
20-Jan-23,AAC Plant 2,1,800-3,G300 CENTER SUPPORT DC,9,Die Change,60,die change,Die Related,05:45 AM,06:45 AM
20-Jan-23,AAC Plant 2,2,2250-8,19MY PTO TRANSMISSION CASE DC,4,Condition Check Die,35,condition check cold shot on part,Die Related,10:25 PM,11:00 PM
20-Jan-23,AAC Plant 2,2,2250-8,19MY PTO TRANSMISSION CASE DC,4,Condition Check Die,15,condition check cold shot on parts,Die Related,01:45 AM,02:00 AM
20-Jan-23,AAC Plant 2,2,2250-8,19MY PTO TRANSMISSION CASE DC,4,Die Change,0,scheduled die change,Die Related,05:15 PM,07:15 PM
21-Jan-23,AAC Plant 2,1,2250-11,BC01 Transmission Case DC,13,Die Change,80,die change pulling 13 set  14,Die Related,05:40 AM,07:00 AM
21-Jan-23,AAC Plant 2,2,2250-11,BC01 Transmission Case DC,11,Die Change,65,die change,Die Related,10:00 PM,11:05 PM
23-Jan-23,AAC Plant 2,1,2250-10,946F Crankcase DC,10,Die Change,0,scheduled die change,Die Related,03:10 PM,04:30 PM
23-Jan-23,AAC Plant 2,1,2250-10,946F Crankcase DC,10,Metal Delivery,20,metal temp low,Casting Process/Equipment,01:50 PM,02:10 PM
23-Jan-23,AAC Plant 2,1,2250-3,908K TAH AWD DC,3,Other (Indirect),0,scheduled die change,Die Related,01:00 PM,05:00 PM
23-Jan-23,AAC Plant 2,1,2250-6,984F Crankcase DC,3,Die Change,40,die change broke pin,Die Related,10:00 AM,10:40 AM
23-Jan-23,AAC Plant 2,1,800-2,G300 CENTER SUPPORT DC,11,Clean Up,15,running prep,Casting Process/Equipment,05:15 AM,05:30 AM
23-Jan-23,AAC Plant 2,2,2250-11,BC01 Transmission Case DC,11,Die Change,0,scheduled die change,Die Related,12:40 AM,01:45 AM
23-Jan-23,AAC Plant 2,2,2250-12,BC01 Transmission Case DC,13,Condition Check Die,20,condition check cold shut c1,Die Related,08:10 PM,08:30 PM
23-Jan-23,AAC Plant 2,2,2250-12,BC01 Transmission Case DC,13,Die Change,30,die change,Die Related,09:30 PM,10:00 PM
23-Jan-23,AAC Plant 2,2,2250-12,BC01 Transmission Case DC,14,Condition Check Die,35,cond check,Die Related,12:05 AM,12:40 AM
23-Jan-23,AAC Plant 2,2,2250-14,G300 TRANSMISSION CASE DC,9,Die Change,50,die change ng flash,Die Related,08:25 PM,09:15 PM
23-Jan-23,AAC Plant 2,2,2250-5,G298 TA HOUSING AWD DC,6,Condition Check Die,15,condition check oil on part,Die Related,06:35 PM,06:50 PM
24-Jan-23,AAC Plant 2,1,2250-1,946F Crankcase DC,9,Die Change,60,carry over finish setting 9,Die Related,05:15 AM,06:15 AM
24-Jan-23,AAC Plant 2,1,2250-12,BC01 Transmission Case DC,13,Die Change,250,waiting on die,Die Related,05:00 AM,09:10 AM
24-Jan-23,AAC Plant 2,1,2250-12,BC01 Transmission Case DC,13,Die Change,-250,,,,
24-Jan-23,AAC Plant 2,1,2250-3,G300 TA HOUSING FWD DC,4,Condition Check Die,10,condition check per qe,Die Related,08:05 AM,08:15 AM
24-Jan-23,AAC Plant 2,1,2250-7,A467 Adaptor DC,3,Die Change,0,scheduled die change,Die Related,05:15 AM,06:45 AM
24-Jan-23,AAC Plant 2,2,2250-10,984F Crankcase DC,4,Clean Up,10,over 4s+d,Casting Process/Equipment,08:00 PM,08:10 PM
24-Jan-23,AAC Plant 2,2,2250-11,BC01 Transmission Case DC,11,Condition Check Die,65,stop call wait,Die Related,09:30 PM,10:35 PM
24-Jan-23,AAC Plant 2,2,2250-11,BC01 Transmission Case DC,11,Condition Check Die,25,cond check,Die Related,09:05 PM,09:30 PM
24-Jan-23,AAC Plant 2,2,2250-7,A467 Adaptor DC,3,Die Change,0,scheduled die change,Die Related,03:00 AM,04:45 AM
24-Jan-23,AAC Plant 2,2,500-3,G903 Stator Wheel DC,7,Condition Check Die,15,condition check b cavity distressed,Die Related,08:30 PM,08:45 PM
24-Jan-23,AAC Plant 2,2,800-2,G300 CENTER SUPPORT DC,11,Clean Up,14,bisc fault dcm belted,Casting Process/Equipment,12:33 AM,12:47 AM
25-Jan-23,AAC Plant 2,1,2250-11,BC01 Transmission Case DC,11,Ladle-ID,10,ulr dropped part in cage,Casting Process/Equipment,08:15 AM,08:25 AM
25-Jan-23,AAC Plant 2,1,2250-11,BC01 Transmission Case DC,11,Condition Check Die,15,PE checking c3 water,Die Related,09:00 AM,09:15 AM
25-Jan-23,AAC Plant 2,1,2250-3,G300 TA HOUSING FWD DC,3,Die Change,0,scheduled die change,Die Related,03:10 PM,05:00 PM
25-Jan-23,AAC Plant 2,1,2250-8,19MY NONPTO TRANSMISSION CASE DC,1,Die Change,0,scheduled die change,Die Related,05:15 AM,06:50 AM
25-Jan-23,AAC Plant 2,1,500-3,G903 Stator Wheel DC,7,Condition Check Die,20,condition check die flashed,Die Related,05:45 AM,06:05 AM
25-Jan-23,AAC Plant 2,1,500-3,G903 Stator Wheel DC,7,Condition Check Die,15,condition check intent time out of spec,Die Related,09:25 AM,09:40 AM
25-Jan-23,AAC Plant 2,2,2250-10,984F Crankcase DC,4,Clean Up,20,ulr fault shaker backedup,Casting Process/Equipment,06:05 AM,06:25 AM
25-Jan-23,AAC Plant 2,2,2250-12,BC01 Transmission Case DC,13,Date Stamp-ID,55,stuck part core 3 out time over,Casting Process/Equipment,06:50 PM,07:45 PM
25-Jan-23,AAC Plant 2,2,2250-7,A467 Adaptor DC,3,Die Change,0,scheduled die change flashed thru vac block,Die Related,05:15 PM,07:15 PM
25-Jan-23,AAC Plant 2,2,500-3,G903 Stator Wheel DC,7,Condition Check Die,10,condition check b-cavity,Die Related,09:40 PM,09:50 PM
26-Jan-23,AAC Plant 2,1,2250-10,984F Crankcase DC,4,Condition Check Die,20,cond check lamination,Die Related,12:40 PM,01:00 PM
26-Jan-23,AAC Plant 2,1,2250-10,984F Crankcase DC,4,Die Change,0,scheduled die change,Die Related,01:00 PM,03:00 PM
26-Jan-23,AAC Plant 2,1,2250-10,984F Crankcase DC,4,Metal Delivery,30,metal temp low,Casting Process/Equipment,07:25 AM,07:55 AM
26-Jan-23,AAC Plant 2,1,2250-2,908K TAH AWD DC,3,Die Change,0,scheduled die change customer issue,Die Related,08:40 AM,10:00 AM
26-Jan-23,AAC Plant 2,1,2250-6,984F Crankcase DC,3,Die Change,0,scheduled die chnage,Die Related,08:45 AM,10:00 AM
26-Jan-23,AAC Plant 2,1,500-2,B700 V6 Stator Wheel DC,10,Date Stamp-ID,20,trim press,Casting Process/Equipment,08:05 AM,08:25 AM
26-Jan-23,AAC Plant 2,1,800-1,908K Center Support DC,3,Die Change,0,scheduled die change,Die Related,11:38 AM,12:37 PM
26-Jan-23,AAC Plant 2,1,800-3,G300 CENTER SUPPORT DC,8,Condition Check Die,22,chunk out e-polish,Die Related,09:07 AM,09:29 AM
26-Jan-23,AAC Plant 2,2,2250-12,BC01 Transmission Case DC,13,Condition Check Die,15,condition check,Die Related,07:00 PM,07:15 PM
26-Jan-23,AAC Plant 2,2,2250-5,G298 TA HOUSING AWD DC,3,Condition Check Die,151,condition check cold shot leakign sprue core,Die Related,02:10 AM,04:05 AM
26-Jan-23,AAC Plant 2,2,2250-6,984F Crankcase DC,5,Condition Check Die,75,cond chekc bent pin ms die change,Die Related,10:20 PM,11:35 PM
26-Jan-23,AAC Plant 2,2,2250-7,A467 Adaptor DC,3,Die Change,0,scheduled die change,Die Related,03:00 AM,05:00 AM
27-Jan-23,AAC Plant 2,1,2250-12,BC01 Transmission Case DC,13,Die Change,75,die change pulling 13 setting 12,Die Related,07:30 AM,08:45 AM
27-Jan-23,AAC Plant 2,1,2250-3,908K TAH FWD DC,2,Product Change,0,scheduled die change,Die Related,05:00 AM,07:00 AM
27-Jan-23,AAC Plant 2,1,2250-8,G300 TA HOUSING FWD DC,3,Condition Check Die,15,developer check ok no leaks,Die Related,10:30 AM,10:45 AM
27-Jan-23,AAC Plant 2,1,2250-8,G300 TA HOUSING FWD DC,3,Die Change,0,scheduled die change,Die Related,03:00 PM,04:30 PM
27-Jan-23,AAC Plant 2,1,500-3,G903 Stator Wheel DC,6,Condition Check Die,15,cond check,Die Related,01:30 PM,01:45 PM
27-Jan-23,AAC Plant 2,1,500-3,G903 Stator Wheel DC,7,Condition Check Die,15,condition check cleaned die,Die Related,07:55 AM,08:10 AM
27-Jan-23,AAC Plant 2,1,500-3,G903 Stator Wheel DC,7,Die Change,0,die change during 4s+d,Die Related,12:00 PM,01:00 PM
27-Jan-23,AAC Plant 2,1,800-1,908K Center Support DC,2,Other (Indirect),11,scrap conv fault,Casting Process/Equipment,03:22 PM,03:31 PM
27-Jan-23,AAC Plant 2,2,2250-11,BC01 Transmission Case DC,14,Die Change,30,die change pulled for repair,Die Related,09:20 PM,09:50 PM
27-Jan-23,AAC Plant 2,2,2250-12,BC01 Transmission Case DC,13,Die Change,30,setting and hooking up 13,Die Related,10:30 PM,11:00 PM
27-Jan-23,AAC Plant 2,2,500-3,G903 Stator Wheel DC,6,Condition Check Die,15,cond  check,Die Related,09:45 PM,10:00 PM
28-Jan-23,AAC Plant 2,1,2250-11,BC01 Transmission Case DC,14,Die Change,170,waiting oin die,Die Related,05:00 AM,07:50 AM
28-Jan-23,AAC Plant 2,2,2250-11,BC01 Transmission Case DC,14,Die Change,90,die change c3 dragging,Die Related,11:00 PM,12:30 AM
30-Jan-23,AAC Plant 2,1,2250-10,946F Crankcase DC,13,Metal Delivery,25, metal temp low,Casting Process/Equipment,08:35 AM,09:00 AM
30-Jan-23,AAC Plant 2,1,2250-8,19MY PTO TRANSMISSION CASE DC,4,Metal Delivery,10,out of metal ladle arm over ran,Casting Process/Equipment,12:15 PM,12:25 PM
30-Jan-23,AAC Plant 2,1,800-1,908K Center Support DC,2,Condition Check Machine,25,condition check,Casting Process/Equipment,03:32 PM,03:57 PM
30-Jan-23,AAC Plant 2,2,2250-10,946F Crankcase DC,13,Condition Check Machine,100,condition check drag on part,Casting Process/Equipment,12:30 PM,02:10 AM
30-Jan-23,AAC Plant 2,2,2250-3,908K TAH FWD DC,2,Clean Up,10,over 4s+d,Casting Process/Equipment,11:20 PM,11:30 PM
30-Jan-23,AAC Plant 2,2,2250-5,G298 TA HOUSING AWD DC,5,Condition Check Die,30,condition check drag markm,Die Related,04:15 AM,04:45 AM
30-Jan-23,AAC Plant 2,2,2250-5,G298 TA HOUSING AWD DC,7,Condition Check Die,80,condition check insert on ss leaking,Die Related,08:05 PM,09:25 PM
30-Jan-23,AAC Plant 2,2,2250-6,984F Crankcase DC,4,Condition Check Die,80,condition check sq pin leaking ms,Die Related,12:50 AM,02:10 AM
30-Jan-23,AAC Plant 2,2,2250-6,984F Crankcase DC,4,Condition Check Die,15,"condition check, squeeze pin leaking",Die Related,10:10 PM,12:25 AM
30-Jan-23,AAC Plant 2,2,2250-7,A467 Extension Housing DC,1,Condition Check Die,15,condition check,Die Related,04:00 AM,04:15 AM
30-Jan-23,AAC Plant 2,2,2250-7,A467 Extension Housing DC,1,Die Change,0,wscheduled die change,Die Related,05:15 PM,07:00 PM
30-Jan-23,AAC Plant 2,2,2250-8,19MY PTO TRANSMISSION CASE DC,4,Metal Delivery,15,hot charge dcm out of metal,Casting Process/Equipment,10:45 PM,11:00 PM
30-Jan-23,AAC Plant 2,2,2250-8,19MY PTO TRANSMISSION CASE DC,4,Metal Delivery,10,hot charge dcm out of metal,Casting Process/Equipment,02:00 AM,02:10 AM
31-Jan-23,AAC Plant 2,1,2250-3,G298 TA HOUSING AWD DC,3,Die Change,0,scheduled die change,Die Related,05:00 AM,07:15 AM
31-Jan-23,AAC Plant 2,1,2250-6,984F Crankcase DC,3,Condition Check Die,15,condition check,Die Related,06:50 AM,07:05 AM
31-Jan-23,AAC Plant 2,1,2250-7,A467 Extension Housing DC,1,Condition Check Die,60,condition check shrinkage crack,Die Related,06:10 AM,07:10 AM
31-Jan-23,AAC Plant 2,1,2250-7,A467 Extension Housing DC,1,Condition Check Machine,50,condition check shrinkage crack,Casting Process/Equipment,12:10 PM,01:00 PM
31-Jan-23,AAC Plant 2,1,2250-7,A467 Extension Housing DC,1,Die Change,0,scheduled die change,Die Related,02:50 PM,05:00 AM
31-Jan-23,AAC Plant 2,1,2250-8,19MY PTO TRANSMISSION CASE DC,4,Die Change,0,scheduled die change,Die Related,05:25 AM,06:30 AM
31-Jan-23,AAC Plant 2,1,2250-8,19MY PTO TRANSMISSION CASE DC,4,Metal Delivery,15,ladle over ran alarm,Casting Process/Equipment,12:25 PM,12:40 PM
31-Jan-23,AAC Plant 2,1,500-3,G903 Stator Wheel DC,6,Condition Check Die,30,condition check floor height,Die Related,08:05 AM,08:35 AM
31-Jan-23,AAC Plant 2,1,800-2,G300 CENTER SUPPORT DC,9,Metal Delivery,17,metal low,Casting Process/Equipment,07:31 AM,07:48 AM
31-Jan-23,AAC Plant 2,2,1650-1,"103E Oil Pan, No. 1  DC",3,Condition Check Die,10,condition check oil on parts,Die Related,06:00 PM,06:10 PM
31-Jan-23,AAC Plant 2,2,2250-11,BC01 Transmission Case DC,12,Die Change,120,die change c3 leak,Die Related,08:10 PM,10:10 PM
31-Jan-23,AAC Plant 2,2,2250-11,BC01 Transmission Case DC,12,Condition Check Die,15,cond check,Die Related,07:55 PM,08:10 PM
31-Jan-23,AAC Plant 2,2,2250-12,BC01 Transmission Case DC,13,Die Change,0,scheduled die change,Die Related,05:15 PM,08:10 PM
31-Jan-23,AAC Plant 2,2,2250-3,G298 TA HOUSING AWD DC,3,Die Change,45,scheduled die change,Die Related,04:00 AM,04:45 AM
31-Jan-23,AAC Plant 2,2,2250-6,984F Crankcase DC,5,Condition Check Die,55,cond check,Die Related,03:50 AM,04:45 AM
31-Jan-23,AAC Plant 2,2,2250-6,984F Crankcase DC,5,Condition Check Die,45,condition check,Die Related,02:00 AM,02:45 AM
31-Jan-23,AAC Plant 2,2,2250-7,881 Oil Pan DC,10,Condition Check Machine,45,stop call wait,Casting Process/Equipment,08:25 PM,09:10 PM
31-Jan-23,AAC Plant 2,2,2250-8,G300 TA HOUSING FWD DC,3,Die Change,0,scheduled die change,Die Related,06:15 PM,09:15 PM
1-Feb-23,AAC Plant 2,1,2250-13,G300 TRANSMISSION CASE DC,5,Date Stamp-ID,15,over 4s+d,Casting Process/Equipment,05:15 AM,05:30 AM
1-Feb-23,AAC Plant 2,1,2250-14,G300 TRANSMISSION CASE DC,10,Date Stamp-ID,20,over start,Casting Process/Equipment,05:15 AM,05:35 AM
1-Feb-23,AAC Plant 2,1,2250-3,908K TAH FWD DC,2,Die Change,0,scheduled die change,Die Related,05:00 AM,06:55 AM
1-Feb-23,AAC Plant 2,1,2250-6,984F Crankcase DC,3,Condition Check Die,20,developer check cold shot on parts,Die Related,06:25 AM,06:45 AM
1-Feb-23,AAC Plant 2,2,2250-6,984F Crankcase DC,3,Condition Check Die,90,stop call wait sq. pin,Die Related,06:35 PM,08:05 PM
1-Feb-23,AAC Plant 2,2,2250-6,984F Crankcase DC,3,Condition Check Die,15,cond check cold shot on part,Die Related,06:05 PM,06:20 PM
1-Feb-23,AAC Plant 2,2,2250-6,984F Crankcase DC,5,Condition Check Die,205,condition check sq pin leaking,Die Related,09:55 PM,01:40 AM
2-Feb-23,AAC Plant 2,1,2250-11,BC01 Transmission Case DC,12,Condition Check Die,10,cold shot on parts,Die Related,08:50 AM,09:00 AM
2-Feb-23,AAC Plant 2,1,2250-6,984F Crankcase DC,6,Condition Check Die,10,qc request; no leaks/ issues; restart,Die Related,06:30 AM,06:40 AM
2-Feb-23,AAC Plant 2,1,500-2,B700 V6 Stator Wheel DC,10,Condition Check Die,10,clean die,Die Related,06:40 AM,06:50 AM
2-Feb-23,AAC Plant 2,1,800-1,908K Center Support DC,2,Condition Check Die,17,chunk out- epolish,Die Related,05:48 AM,06:05 AM
2-Feb-23,AAC Plant 2,2,2250-10,984F Crankcase DC,3,Condition Check Die,65,pressure check,Die Related,05:35 PM,06:40 PM
2-Feb-23,AAC Plant 2,2,2250-12,BC01 Transmission Case DC,13,Die Change,100,broke locator pin on m/s,Die Related,08:35 PM,10:15 PM
2-Feb-23,AAC Plant 2,2,2250-5,G298 TA HOUSING AWD DC,5,Condition Check Die,25,die chip c-4; qc request repair,Die Related,10:35 AM,11:00 AM
2-Feb-23,AAC Plant 2,2,800-1,908K Center Support DC,2,Clean Up,20,carryover from 4s+d,Casting Process/Equipment,11:30 PM,11:50 PM
3-Feb-23,AAC Plant 2,1,2250-4,946F Crankcase DC,9,Die Change,0,die change scheduled,Die Related,07:50 AM,10:30 AM
3-Feb-23,AAC Plant 2,1,2250-8,19MY PTO TRANSMISSION CASE DC,4,Metal Delivery,10,ladle arm over run,Casting Process/Equipment,12:05 PM,12:15 PM
3-Feb-23,AAC Plant 2,1,500-3,G903 Stator Wheel DC,6,Die Change,60,die change,Die Related,02:55 PM,03:55 PM
3-Feb-23,AAC Plant 2,1,500-3,G903 Stator Wheel DC,6,Condition Check Machine,20,cnd check die,Casting Process/Equipment,02:15 AM,02:35 PM
3-Feb-23,AAC Plant 2,2,2250-12,BC01 Transmission Case DC,13,Die Change,95,die change,Die Related,06:30 PM,08:05 PM
3-Feb-23,AAC Plant 2,2,2250-8,19MY PTO TRANSMISSION CASE DC,4,Die Change,0,scheduled die change,Die Related,02:10 AM,04:00 AM
3-Feb-23,AAC Plant 2,2,800-2,G300 CENTER SUPPORT DC,9,Clean Up,27,carry over ulr,Casting Process/Equipment,05:15 PM,05:42 PM
6-Feb-23,AAC Plant 2,1,2250-10,984F Crankcase DC,3,Die Change,0,scheduled die change,Die Related,10:20 AM,12:10 PM
6-Feb-23,AAC Plant 2,1,2250-2,908K TAH AWD DC,1,Condition Check Die,10,condition check,Die Related,08:00 AM,08:10 AM
6-Feb-23,AAC Plant 2,1,2250-4,984F Crankcase DC,3,Condition Check Die,40,cold shut,Die Related,02:10 PM,02:50 PM
6-Feb-23,AAC Plant 2,1,2250-4,984F Crankcase DC,3,Condition Check Die,45,"cold shut: no leaks, no water in vac block",Die Related,12:45 PM,01:30 PM
6-Feb-23,AAC Plant 2,1,2250-8,19MY NONPTO TRANSMISSION CASE DC,1,Metal Delivery,10,ladle arm over run alarm,Casting Process/Equipment,01:50 PM,02:00 PM
6-Feb-23,AAC Plant 2,1,2250-8,19MY NONPTO TRANSMISSION CASE DC,1,Date Stamp-ID,50,month stamp stuckj,Casting Process/Equipment,06:00 AM,06:50 AM
6-Feb-23,AAC Plant 2,1,2250-8,19MY NONPTO TRANSMISSION CASE DC,1,Die Change,0,scheduled die change,Die Related,03:00 PM,05:00 PM
6-Feb-23,AAC Plant 2,1,800-3,G300 CENTER SUPPORT DC,10,Condition Check Machine,41,condition check changed main water line,Casting Process/Equipment,02:40 PM,03:21 PM
6-Feb-23,AAC Plant 2,2,2250-7,A467 Adaptor DC,3,Die Change,0,scheduled die change,Die Related,03:00 AM,05:00 AM
6-Feb-23,AAC Plant 2,2,800-3,G300 CENTER SUPPORT DC,10,Die Change,60,die change pull 10 set  11,Die Related,08:30 PM,09:30 PM
7-Feb-23,AAC Plant 2,1,2250-12,BC01 Transmission Case DC,13,Ladle-ID,15,small bisc dropped part,Casting Process/Equipment,02:40 AM,02:55 PM
7-Feb-23,AAC Plant 2,1,2250-7,A467 Transmission Housing DC,4,Date Stamp-ID,20,date stampo,Casting Process/Equipment,05:15 AM,05:35 AM
7-Feb-23,AAC Plant 2,1,2250-8,G300 TA HOUSING FWD DC,4,Metal Delivery,10,ladle arm,Casting Process/Equipment,05:30 AM,05:40 AM
7-Feb-23,AAC Plant 2,2,2250-10,984F Crankcase DC,1,Condition Check Die,30,shut down discolor on patrt,Die Related,06:15 PM,06:45 PM
7-Feb-23,AAC Plant 2,2,2250-10,984F Crankcase DC,1,Die Change,120,vac fault flashed thru vac block,Die Related,08:15 PM,10:15 PM
7-Feb-23,AAC Plant 2,2,2250-3,908K TAH FWD DC,1,Clean Up,5,over 4sd,Casting Process/Equipment,09:15 PM,09:20 PM
7-Feb-23,AAC Plant 2,2,2250-5,G298 TA HOUSING AWD DC,3,Condition Check Die,15,cond check,Die Related,02:45 AM,03:00 AM
7-Feb-23,AAC Plant 2,2,2250-6,946F Crankcase DC,19,Condition Check Die,30,e-polish,Die Related,08:45 PM,09:15 PM
8-Feb-23,AAC Plant 2,1,2250-11,BC01 Transmission Case DC,12,Clean Up,20,over 4s+d,Casting Process/Equipment,11:10 AM,11:30 AM
8-Feb-23,AAC Plant 2,1,2250-2,908K TAH AWD DC,2,Clean Up,10,over start,Casting Process/Equipment,11:30 AM,11:40 AM
8-Feb-23,AAC Plant 2,1,2250-3,908K TAH FWD DC,1,Die Change,0,scheduled die change,Die Related,03:00 PM,05:00 PM
8-Feb-23,AAC Plant 2,1,2250-7,A467 Transmission Housing DC,4,Condition Check Die,10,cold shot on part,Die Related,02:00 PM,02:10 AM
8-Feb-23,AAC Plant 2,1,2250-8,G300 TA HOUSING FWD DC,2,Die Change,0,scheduled die change,Die Related,02:00 PM,05:00 PM
8-Feb-23,AAC Plant 2,1,2250-8,G300 TA HOUSING FWD DC,4,Condition Check Die,10,cond check lamination,Die Related,05:50 AM,06:00 AM
8-Feb-23,AAC Plant 2,1,2250-8,19MY NONPTO TRANSMISSION CASE DC,1,Condition Check Die,60,cond checjk,Die Related,07:30 AM,08:30 AM
8-Feb-23,AAC Plant 2,1,800-1,908K Center Support DC,3,Condition Check Die,15,cond check,Die Related,12:15 PM,12:30 PM
8-Feb-23,AAC Plant 2,1,800-3,G300 CENTER SUPPORT DC,11,Water/Die Lube Supply,6,powder lube fault,Casting Process/Equipment,01:20 PM,01:26 PM
8-Feb-23,AAC Plant 2,1,800-3,G300 CENTER SUPPORT DC,11,Water/Die Lube Supply,16,powder lueb fault,Casting Process/Equipment,08:00 AM,08:16 AM
8-Feb-23,AAC Plant 2,1,800-3,G300 CENTER SUPPORT DC,11,Water/Die Lube Supply,23,conveyor belt breaker,Casting Process/Equipment,08:50 AM,09:13 AM
8-Feb-23,AAC Plant 2,2,2250-11,BC01 Transmission Case DC,12,N/G Tip or Sleeve Change,30,sleeve change,Casting Process/Equipment,12:50 AM,01:20 AM
8-Feb-23,AAC Plant 2,2,2250-7,A467 Adaptor DC,3,Die Change,0,scheduled die changhe,Die Related,05:15 PM,06:20 PM
9-Feb-23,AAC Plant 2,1,2250-10,984F Crankcase DC,1,Condition Check Die,15,ME adjust pwr cool,Die Related,03:25 PM,03:40 PM
9-Feb-23,AAC Plant 2,1,2250-11,BC01 Transmission Case DC,12,N/G Tip or Sleeve Change,110,flashed thru sleeve,Casting Process/Equipment,08:10 AM,10:00 AM
9-Feb-23,AAC Plant 2,1,2250-2,908K TAH AWD DC,2,Clean Up,10,over start,Casting Process/Equipment,11:30 AM,11:40 AM
9-Feb-23,AAC Plant 2,1,2250-3,908K TAH FWD DC,2,Die Change,0,scheduled die change,Die Related,03:30 PM,05:00 PM
9-Feb-23,AAC Plant 2,1,2250-8,19MY PTO TRANSMISSION CASE DC,4,Condition Check Die,20,PE developer check,Die Related,03:00 PM,03:20 PM
9-Feb-23,AAC Plant 2,1,2250-8,19MY PTO TRANSMISSION CASE DC,4,Die Change,370,waiting on die,Die Related,05:00 AM,11:10 AM
9-Feb-23,AAC Plant 2,1,800-2,G300 CENTER SUPPORT DC,13,Metal Delivery,12,metal low,Casting Process/Equipment,06:04 AM,06:16 AM
9-Feb-23,AAC Plant 2,1,800-2,G300 CENTER SUPPORT DC,13,Other (Indirect),30,cycle over low metal,Casting Process/Equipment,08:12 AM,08:42 AM
9-Feb-23,AAC Plant 2,1,800-3,G300 CENTER SUPPORT DC,11,Condition Check Machine,7,cond check shot monitor,Casting Process/Equipment,08:49 AM,08:56 AM
9-Feb-23,AAC Plant 2,2,2250-7,A467 Adaptor DC,3,Die Change,0,schd die change,Die Related,02:35 AM,05:00 AM
9-Feb-23,AAC Plant 2,2,2250-8,19MY PTO TRANSMISSION CASE DC,3,Die Change,85,shut down cold shot die change,Die Related,02:05 AM,04:30 AM
9-Feb-23,AAC Plant 2,2,2250-8,19MY PTO TRANSMISSION CASE DC,3,Metal Delivery,10,hot charge,Casting Process/Equipment,01:40 AM,01:50 AM
9-Feb-23,AAC Plant 2,2,2250-8,19MY PTO TRANSMISSION CASE DC,4,Die Change,75,due to discoloration ng,Die Related,11:35 PM,12:50 AM
9-Feb-23,AAC Plant 2,2,2250-8,19MY PTO TRANSMISSION CASE DC,4,Condition Check Die,35,cold shut discoloration,Die Related,10:25 PM,11:00 PM
9-Feb-23,AAC Plant 2,2,800-2,G300 CENTER SUPPORT DC,13,Condition Check Machine,33,cond check,Casting Process/Equipment,08:41 PM,09:14 PM
10-Feb-23,AAC Plant 2,1,2250-1,946F Crankcase DC,7,Clean Up,10,over start,Casting Process/Equipment,11:30 AM,11:40 AM
10-Feb-23,AAC Plant 2,1,2250-3,G300 TA HOUSING FWD DC,4,Condition Check Die,15,developer check,Die Related,10:30 AM,10:45 AM
10-Feb-23,AAC Plant 2,1,2250-8,19MY NONPTO TRANSMISSION CASE DC,1,Condition Check Die,15,cond check,Die Related,04:30 PM,04:45 PM
10-Feb-23,AAC Plant 2,1,500-2,B700 V6 Stator Wheel DC,10,Condition Check Die,60,cond check,Die Related,06:10 AM,07:10 AM
10-Feb-23,AAC Plant 2,1,500-3,G903 Stator Wheel DC,7,Condition Check Die,20,cond check,Die Related,01:55 PM,02:15 PM
10-Feb-23,AAC Plant 2,1,800-1,908K Center Support DC,3,Condition Check Die,13,cond check,Die Related,09:04 AM,09:17 AM
10-Feb-23,AAC Plant 2,2,800-1,908K Center Support DC,3,Die Change,60,die change,Die Related,12:30 AM,01:30 AM
11-Feb-23,AAC Plant 2,1,2250-8,19MY NONPTO TRANSMISSION CASE DC,1,Die Change,0,scheduledf die change,Die Related,07:30 AM,08:55 AM
11-Feb-23,AAC Plant 2,2,2250-3,G300 TA HOUSING FWD DC,4,Metal Delivery,10,molt metal low,Casting Process/Equipment,11:30 PM,11:40 AM
13-Feb-23,AAC Plant 2,1,2250-1,946F Crankcase DC,7,Clean Up,10,over start,Casting Process/Equipment,11:30 AM,11:40 AM
13-Feb-23,AAC Plant 2,1,2250-3,G298 TA HOUSING AWD DC,7,Condition Check Die,15,cond check lamination leaking on ss,Die Related,04:00 PM,04:15 PM
13-Feb-23,AAC Plant 2,1,2250-3,G298 TA HOUSING AWD DC,7,Die Change,0,scheduled die change,Die Related,05:00 AM,07:40 AM
13-Feb-23,AAC Plant 2,1,2250-8,19MY PTO TRANSMISSION CASE DC,4,Condition Check Die,15,developer checkj,Die Related,04:30 PM,04:45 PM
13-Feb-23,AAC Plant 2,1,800-1,908K Center Support DC,3,Condition Check Die,20,Low ej pins,Die Related,12:38 PM,12:58 PM
13-Feb-23,AAC Plant 2,1,800-1,908K Center Support DC,3,Condition Check Machine,40,condition check ng flow,Casting Process/Equipment,01:32 PM,02:12 PM
13-Feb-23,AAC Plant 2,2,2250-13,G300 TRANSMISSION CASE DC,15,Metal Delivery,25,metal molt alarm,Casting Process/Equipment,11:45 PM,12:10 AM
13-Feb-23,AAC Plant 2,2,2250-13,G300 TRANSMISSION CASE DC,15,Metal Delivery,-25,,,,
13-Feb-23,AAC Plant 2,2,2250-13,G300 TRANSMISSION CASE DC,5,Metal Delivery,25,molt metal alarm,Casting Process/Equipment,11:45 PM,12:10 AM
13-Feb-23,AAC Plant 2,2,2250-2,908K TAH AWD DC,2,Condition Check Die,15,cond check dicoloration,Die Related,08:15 PM,08:30 PM
13-Feb-23,AAC Plant 2,2,2250-8,19MY PTO TRANSMISSION CASE DC,4,Metal Delivery,10,ladle return time over,Casting Process/Equipment,02:10 AM,02:20 AM
13-Feb-23,AAC Plant 2,2,800-1,908K Center Support DC,2,Condition Check Die,25,cond check,Die Related,01:50 AM,02:15 AM
14-Feb-23,AAC Plant 2,1,2250-7,A467 Transmission Housing DC,4,Clean Up,25,clean belly pan,Casting Process/Equipment,04:20 PM,04:45 PM
14-Feb-23,AAC Plant 2,1,2250-9,19MY PTO TRANSMISSION CASE DC,4,Die Change,0,scheduled die change,Die Related,02:50 PM,05:00 PM
14-Feb-23,AAC Plant 2,1,500-3,G903 Stator Wheel DC,7,Condition Check Die,10,condition check die flashing over,Die Related,01:15 PM,01:25 PM
14-Feb-23,AAC Plant 2,2,2250-4,984F Crankcase DC,5,Die Change,0,carry over,Die Related,05:15 PM,06:30 PM
14-Feb-23,AAC Plant 2,2,2250-8,G300 TA HOUSING FWD DC,4,Die Change,165,carry over 1st,Die Related,05:15 PM,08:00 PM
14-Feb-23,AAC Plant 2,2,2250-9,881 Oil Pan DC,11,Die Change,85,shut down die change,Die Related,08:15 PM,09:40 PM
14-Feb-23,AAC Plant 2,2,800-2,G300 CENTER SUPPORT DC,12,Die Change,90,pulling die setting water leaks ss,Die Related,03:30 AM,05:00 AM
14-Feb-23,AAC Plant 2,2,800-2,G300 CENTER SUPPORT DC,9,Die Change,200,ej process t/o,Die Related,08:00 PM,11:20 PM
14-Feb-23,AAC Plant 2,2,800-2,G300 CENTER SUPPORT DC,9,Condition Check Die,10,cond check,Die Related,06:50 PM,07:00 PM
15-Feb-23,AAC Plant 2,1,2250-3,G298 TA HOUSING AWD DC,4,Condition Check Die,15,condition check ng,Die Related,08:55 AM,09:10 AM
15-Feb-23,AAC Plant 2,1,2250-3,G298 TA HOUSING AWD DC,4,Clean Up,0,die change during 4s+d,Casting Process/Equipment,09:20 AM,10:20 AM
15-Feb-23,AAC Plant 2,1,2250-5,G298 TA HOUSING AWD DC,3,Condition Check Die,30,condition check,Die Related,07:30 AM,08:00 AM
15-Feb-23,AAC Plant 2,1,2250-7,A467 Extension Housing DC,1,Die Change,0,scheduled die change,Die Related,05:20 AM,07:00 AM
15-Feb-23,AAC Plant 2,1,800-1,908K Center Support DC,3,Die Change,71,die change,Die Related,06:14 AM,07:25 AM
15-Feb-23,AAC Plant 2,1,800-2,G300 CENTER SUPPORT DC,1,Die Change,45,carry over die change,Die Related,05:15 AM,05:50 AM
15-Feb-23,AAC Plant 2,2,2250-3,908K TAH FWD DC,2,Die Change,0,scheduledd ie change,Die Related,05:15 PM,07:15 PM
15-Feb-23,AAC Plant 2,2,2250-3,908K TAH FWD DC,2,Clean Up,20,carry over 4s+d,Casting Process/Equipment,10:30 PM,10:50 PM
15-Feb-23,AAC Plant 2,2,2250-5,G298 TA HOUSING AWD DC,3,Condition Check Die,25,e-polish,Die Related,08:40 PM,09:05 PM
15-Feb-23,AAC Plant 2,2,2250-7,A467 Extension Housing DC,1,Die Change,0,sched die change,Die Related,01:00 AM,05:00 AM
15-Feb-23,AAC Plant 2,2,2250-7,A467 Extension Housing DC,1,Condition Check Die,20,cond check,Die Related,08:20 PM,08:40 PM
15-Feb-23,AAC Plant 2,2,2250-7,A467 Extension Housing DC,1,Condition Check Die,20,cond check,Die Related,07:45 PM,08:05 PM
15-Feb-23,AAC Plant 2,2,2250-8,G300 TA HOUSING FWD DC,4,Clean Up,5,over 4s+d,Casting Process/Equipment,11:50 AM,11:55 AM
15-Feb-23,AAC Plant 2,2,2250-9,881 Oil Pan DC,9,Clean Up,15,ulr fault,Casting Process/Equipment,06:40 PM,06:55 PM
15-Feb-23,AAC Plant 2,2,800-1,908K Center Support DC,1,Condition Check Die,20,cond check,Die Related,01:40 AM,02:00 AM
15-Feb-23,AAC Plant 2,2,800-1,908K Center Support DC,1,Condition Check Die,12,condition check,Die Related,09:42 PM,10:00 PM
15-Feb-23,AAC Plant 2,2,800-1,908K Center Support DC,1,Condition Check Die,18,condition chevk,Die Related,07:42 PM,08:00 PM
15-Feb-23,AAC Plant 2,2,800-1,908K Center Support DC,1,Condition Check Die,-12,,,,
15-Feb-23,AAC Plant 2,2,800-1,908K Center Support DC,1,Condition Check Die,-18,,,,
15-Feb-23,AAC Plant 2,2,800-1,908K Center Support DC,1,Condition Check Die,-20,,,,
16-Feb-23,AAC Plant 2,1,2250-8,19MY NONPTO TRANSMISSION CASE DC,1,Die Change,0,scheduled die change,Die Related,05:15 AM,07:30 AM
16-Feb-23,AAC Plant 2,2,2250-1,946F Crankcase DC,7,Date Stamp-ID,20,stuck date stamp,Casting Process/Equipment,05:15 AM,05:35 AM
16-Feb-23,AAC Plant 2,2,2250-5,G298 TA HOUSING AWD DC,3,Other (Indirect),10,e-stop was pushed,Casting Process/Equipment,01:30 AM,01:40 AM
16-Feb-23,AAC Plant 2,2,2250-7,A467 Adaptor DC,3,Die Change,0,scheduled die change,Die Related,01:00 AM,05:00 AM
16-Feb-23,AAC Plant 2,2,2250-8,G300 TA HOUSING FWD DC,4,Metal Delivery,10,hot charge,Casting Process/Equipment,03:35 AM,03:45 AM
16-Feb-23,AAC Plant 2,2,2250-8,19MY NONPTO TRANSMISSION CASE DC,1,Condition Check Die,20,cond check cold shot,Die Related,05:40 PM,06:00 PM
16-Feb-23,AAC Plant 2,2,2250-8,19MY NONPTO TRANSMISSION CASE DC,1,Die Change,0,scheduled die change,Die Related,06:00 PM,09:00 PM
17-Feb-23,AAC Plant 2,1,500-3,G903 Stator Wheel DC,7,Metal Delivery,40,low metal tenp,Casting Process/Equipment,02:50 PM,03:30 PM
17-Feb-23,AAC Plant 2,1,800-3,G300 CENTER SUPPORT DC,9,Condition Check Die,28,condition check,Die Related,11:36 AM,12:04 PM
17-Feb-23,AAC Plant 2,2,2250-8,G300 TA HOUSING FWD DC,4,Clean Up,105,waiting on back up to be ready,Casting Process/Equipment,03:00 AM,04:45 AM
17-Feb-23,AAC Plant 2,2,2250-8,G300 TA HOUSING FWD DC,4,Condition Check Die,20,condition check qc req,Die Related,02:40 AM,03:00 AM
17-Feb-23,AAC Plant 2,2,2250-8,G300 TA HOUSING FWD DC,4,Metal Delivery,10,hot charge out of metal,Casting Process/Equipment,01:20 AM,01:30 AM
17-Feb-23,AAC Plant 2,2,800-1,908K Center Support DC,1,Condition Check Die,10,cond check,Die Related,03:36 AM,03:46 AM
18-Feb-23,AAC Plant 2,1,2250-8,G300 TA HOUSING FWD DC,3,Metal Delivery,20,metal low,Casting Process/Equipment,09:00 AM,09:20 AM
18-Feb-23,AAC Plant 2,2,800-1,908K Center Support DC,1,Condition Check Die,20,cond check,Die Related,01:40 AM,02:00 AM
18-Feb-23,AAC Plant 2,2,800-1,908K Center Support DC,1,Condition Check Die,12,cond check,Die Related,09:04 AM,10:00 AM
18-Feb-23,AAC Plant 2,2,800-1,908K Center Support DC,1,Condition Check Die,18,cond check,Die Related,07:42 AM,08:00 AM
20-Feb-23,AAC Plant 2,1,2250-10,946F Crankcase DC,12,Die Change,0,scheduled die change,Die Related,05:00 AM,07:45 AM
20-Feb-23,AAC Plant 2,1,2250-12,BC01 Transmission Case DC,11,Condition Check Machine,20,cond check  spray robot,Casting Process/Equipment,09:45 AM,10:05 AM
20-Feb-23,AAC Plant 2,1,2250-3,G298 TA HOUSING AWD DC,5,Die Change,0,scheduled die change,Die Related,07:00 AM,08:30 AM
20-Feb-23,AAC Plant 2,1,2250-8,19MY NONPTO TRANSMISSION CASE DC,1,Die Change,0,scheduled die change,Die Related,05:00 AM,07:00 AM
20-Feb-23,AAC Plant 2,1,2250-8,19MY NONPTO TRANSMISSION CASE DC,1,Condition Check Die,15,developer check,Die Related,03:05 PM,03:20 PM
20-Feb-23,AAC Plant 2,1,500-3,G903 Stator Wheel DC,7,Metal Delivery,40,metal temp low,Casting Process/Equipment,06:20 AM,07:00 AM
20-Feb-23,AAC Plant 2,1,500-3,G903 Stator Wheel DC,7,Condition Check Die,15,cond check b-cavity balance,Die Related,02:35 PM,02:50 PM
20-Feb-23,AAC Plant 2,1,800-1,908K Center Support DC,1,Die Change,112,ng fg die change,Die Related,05:58 AM,07:50 AM
20-Feb-23,AAC Plant 2,1,800-1,908K Center Support DC,3,Condition Check Die,15,powder check,Die Related,08:27 AM,08:42 AM
20-Feb-23,AAC Plant 2,2,2250-4,984F Crankcase DC,5,Condition Check Die,15,cond check,Die Related,06:00 AM,06:15 AM
20-Feb-23,AAC Plant 2,2,2250-7,A467 Transmission Housing DC,4,Condition Check Die,15,cond check,Die Related,08:00 PM,08:15 PM
20-Feb-23,AAC Plant 2,2,2250-7,A467 Transmission Housing DC,4,Condition Check Die,120,waiting on pe,Die Related,08:35 PM,10:35 PM
20-Feb-23,AAC Plant 2,2,2250-7,A467 Transmission Housing DC,4,Condition Check Die,15,PE req dm,Die Related,03:50 AM,04:05 AM
20-Feb-23,AAC Plant 2,2,2250-7,A467 Transmission Housing DC,4,Condition Check Die,10,cond check,Die Related,06:40 PM,06:50 PM
20-Feb-23,AAC Plant 2,2,2250-7,A467 Transmission Housing DC,4,Die Change,0,scheduled die change,Die Related,05:15 PM,06:15 AM
20-Feb-23,AAC Plant 2,2,2250-7,A467 Transmission Housing DC,4,Condition Check Machine,55,cond check,Casting Process/Equipment,01:15 AM,02:10 AM
20-Feb-23,AAC Plant 2,2,2250-8,19MY NONPTO TRANSMISSION CASE DC,1,Metal Delivery,10,hot charge out of metal,Casting Process/Equipment,08:25 PM,08:35 PM
20-Feb-23,AAC Plant 2,2,2250-9,881 Oil Pan DC,9,Clean Up,20,ulr faukt,Casting Process/Equipment,08:45 AM,09:05 PM
21-Feb-23,AAC Plant 2,1,2250-1,946F Crankcase DC,7,Date Stamp-ID,10,over start setting tnnage,Casting Process/Equipment,05:15 AM,05:25 AM
21-Feb-23,AAC Plant 2,1,2250-5,G298 TA HOUSING AWD DC,2,Condition Check Die,20,cond check,Die Related,03:40 AM,04:00 AM
21-Feb-23,AAC Plant 2,1,2250-7,A467 Transmission Housing DC,3,N/G Tip or Sleeve Change,25,shot rod tip leaking,Casting Process/Equipment,10:40 AM,11:05 AM
21-Feb-23,AAC Plant 2,1,2250-7,A467 Transmission Housing DC,4,Condition Check Die,30,cond check cold shot,Die Related,06:10 AM,06:40 AM
21-Feb-23,AAC Plant 2,1,2250-7,A467 Transmission Housing DC,4,Condition Check Die,35,cond check cold shot,Die Related,06:55 AM,07:30 AM
21-Feb-23,AAC Plant 2,1,2250-7,A467 Transmission Housing DC,4,Die Change,60,scheduled die change,Die Related,07:30 AM,08:30 AM
21-Feb-23,AAC Plant 2,1,2250-8,19MY PTO TRANSMISSION CASE DC,4,Clean Up,0,scheduled die chaneg,Casting Process/Equipment,04:10 PM,05:00 PM
21-Feb-23,AAC Plant 2,1,2250-8,19MY PTO TRANSMISSION CASE DC,4,Die Change,0,scheduled die change,Die Related,05:20 AM,06:40 AM
21-Feb-23,AAC Plant 2,1,2250-9,881 Oil Pan DC,9,Die Change,95,die change,Die Related,01:10 PM,02:45 PM
21-Feb-23,AAC Plant 2,2,2250-14,G300 TRANSMISSION CASE DC,10,Die Change,70,die change,Die Related,12:25 AM,01:35 AM
21-Feb-23,AAC Plant 2,2,2250-5,G298 TA HOUSING AWD DC,5,Condition Check Die,15,e-polish,Die Related,05:15 PM,05:30 PM
21-Feb-23,AAC Plant 2,2,2250-7,A467 Transmission Housing DC,3,Die Change,0,scheduled die change,Die Related,03:00 AM,05:00 AM
21-Feb-23,AAC Plant 2,2,2250-8,19MY PTO TRANSMISSION CASE DC,4,Die Change,70,shut dcm down,Die Related,12:30 AM,01:40 AM
21-Feb-23,AAC Plant 2,2,500-3,G903 Stator Wheel DC,7,Condition Check Die,20,cond check,Die Related,12:40 AM,01:00 AM
21-Feb-23,AAC Plant 2,2,800-1,908K Center Support DC,3,Condition Check Die,15,cond check,Die Related,08:26 PM,08:41 PM
22-Feb-23,AAC Plant 2,1,2250-1,946F Crankcase DC,9,Water/Die Lube Supply,10,water flt/ PE working on water for 800-1,Die Related,12:40 PM,12:50 PM
22-Feb-23,AAC Plant 2,1,2250-8,19MY NONPTO TRANSMISSION CASE DC,1,Metal Delivery,10,ladle arm over run/ out of metal,Casting Process/Equipment,06:40 AM,06:50 AM
22-Feb-23,AAC Plant 2,1,500-2,B700 V6 Stator Wheel DC,10,Condition Check Die,20,cleaned die face,Die Related,07:50 AM,08:10 AM
22-Feb-23,AAC Plant 2,1,800-1,908K Center Support DC,3,Die Change,130,die change floor height,Die Related,01:10 PM,03:20 PM
22-Feb-23,AAC Plant 2,1,800-1,908K Center Support DC,3,Condition Check Die,154,cond check powder lube,Die Related,10:24 AM,12:58 PM
22-Feb-23,AAC Plant 2,1,800-1,908K Center Support DC,3,Condition Check Die,20,cond check floor height,Die Related,08:20 AM,08:40 AM
22-Feb-23,AAC Plant 2,2,800-1,908K Center Support DC,1,Condition Check Machine,15,3 ng bearing boss porosity,Casting Process/Equipment,12:05 AM,12:20 AM
23-Feb-23,AAC Plant 2,1,2250-11,BC01 Transmission Case DC,12,Die Change,60,broke sprue core,Die Related,02:00 PM,03:00 PM
23-Feb-23,AAC Plant 2,1,2250-13,G300 TRANSMISSION CASE DC,7,Condition Check Die,20,leakers; found leak on c4,Die Related,03:40 PM,04:00 PM
23-Feb-23,AAC Plant 2,1,2250-2,908K TAH FWD DC,1,Condition Check Die,10,discoloration; no leaks found,Die Related,02:25 PM,02:35 PM
23-Feb-23,AAC Plant 2,1,2250-5,G298 TA HOUSING AWD DC,5,Condition Check Die,20,water leak behind c3,Die Related,08:50 AM,09:10 AM
23-Feb-23,AAC Plant 2,1,2250-5,G298 TA HOUSING AWD DC,5,Clean Up,20,e polish/ qc request; 4s+d,Die Related,03:10 PM,03:30 PM
23-Feb-23,AAC Plant 2,1,2250-8,19MY PTO TRANSMISSION CASE DC,4,Condition Check Die,30,cracks; power cool water line came off,Die Related,09:15 AM,09:45 AM
23-Feb-23,AAC Plant 2,1,2250-8,19MY PTO TRANSMISSION CASE DC,4,Condition Check Die,40,cracks s/s; call PE,Die Related,02:50 PM,03:30 PM
23-Feb-23,AAC Plant 2,1,500-3,G903 Stator Wheel DC,7,Condition Check Die,10,clean die face,Die Related,01:50 PM,02:00 PM
23-Feb-23,AAC Plant 2,1,800-1,908K Center Support DC,1,Condition Check Die,22,floor height ng,Die Related,09:16 AM,09:38 AM
23-Feb-23,AAC Plant 2,2,2250-4,984F Crankcase DC,3,Die Change,60,DIE CHANGE,Die Related,05:15 PM,06:15 PM
23-Feb-23,AAC Plant 2,2,2250-8,19MY PTO TRANSMISSION CASE DC,4,Metal Delivery,10,hot charge; out of metal; call melt,Casting Process/Equipment,10:00 PM,10:10 PM
24-Feb-23,AAC Plant 2,1,2250-3,G300 TA HOUSING FWD DC,4,Die Change,0,scheduled die change,Die Related,04:00 PM,05:00 PM
24-Feb-23,AAC Plant 2,2,2250-3,908K TAH AWD DC,2,Die Change,0,scheduled die change,Die Related,05:15 AM,05:45 PM
24-Feb-23,AAC Plant 2,2,2250-3,908K TAH AWD DC,2,Condition Check Die,150,cold shot qc e,Die Related,11:50 PM,02:20 AM
24-Feb-23,AAC Plant 2,2,2250-8,19MY NONPTO TRANSMISSION CASE DC,1,Die Change,0,scheduled die change,Die Related,05:15 PM,05:55 PM
24-Feb-23,AAC Plant 2,2,2250-8,19MY NONPTO TRANSMISSION CASE DC,1,Metal Delivery,15,low metal,Casting Process/Equipment,03:45 AM,04:00 AM
24-Feb-23,AAC Plant 2,2,800-1,908K Center Support DC,1,Condition Check Die,18,cond check,Die Related,12:09 AM,12:27 AM
26-Feb-23,AAC Plant 2,2,800-3,G300 CENTER SUPPORT DC,10,Die Change,75,die change,Die Related,03:15 AM,04:30 AM
27-Feb-23,AAC Plant 2,1,2250-2,908K TAH FWD DC,1,Die Change,0,scheduled die change,Die Related,03:10 PM,04:30 PM
27-Feb-23,AAC Plant 2,1,2250-3,908K TAH AWD DC,2,Die Change,0,scheduled die change,Die Related,03:10 PM,04:30 PM
27-Feb-23,AAC Plant 2,1,2250-5,G298 TA HOUSING AWD DC,7,Condition Check Die,20,cond check,Die Related,07:05 AM,07:25 AM
27-Feb-23,AAC Plant 2,1,2250-7,A467 Transmission Housing DC,4,N/G Tip or Sleeve Change,65,ulr small bisc flashed out,Casting Process/Equipment,02:15 PM,04:20 PM
27-Feb-23,AAC Plant 2,1,2250-7,A467 Transmission Housing DC,4,Die Change,0,scheduled die change,Die Related,05:00 AM,06:00 AM
27-Feb-23,AAC Plant 2,1,2250-8,19MY NONPTO TRANSMISSION CASE DC,1,Condition Check Die,10,cond check discoloration,Die Related,01:00 PM,01:10 PM
27-Feb-23,AAC Plant 2,1,500-2,B700 V6 Stator Wheel DC,10,Date Stamp-ID,4,cycle over,Casting Process/Equipment,05:32 AM,05:36 AM
27-Feb-23,AAC Plant 2,1,500-2,B700 V6 Stator Wheel DC,10,Condition Check Die,5,cond checkk clean die face,Die Related,07:40 AM,07:45 AM
27-Feb-23,AAC Plant 2,1,500-2,B700 V6 Stator Wheel DC,10,Condition Check Die,30,cond check,Die Related,12:00 PM,12:30 PM
27-Feb-23,AAC Plant 2,2,2250-11,BC01 Transmission Case DC,13,Condition Check Machine,45,cond check part misloading at servo,Casting Process/Equipment,09:00 AM,09:45 AM
27-Feb-23,AAC Plant 2,2,2250-8,19MY PTO TRANSMISSION CASE DC,4,Metal Delivery,15,ladle return pto,Casting Process/Equipment,08:20 PM,08:35 PM
28-Feb-23,AAC Plant 2,1,1650-1,"103E Oil Pan, No. 1  DC",3,Metal Delivery,80,side shaker jammed,Casting Process/Equipment,07:10 AM,08:30 AM
28-Feb-23,AAC Plant 2,1,2250-11,BC01 Transmission Case DC,13,Other (Indirect),20,shaker jammed,Casting Process/Equipment,11:40 AM,12:00 PM
28-Feb-23,AAC Plant 2,1,2250-11,BC01 Transmission Case DC,13,Clean Up,10,over 4s+d,Casting Process/Equipment,02:00 PM,02:10 PM
28-Feb-23,AAC Plant 2,1,2250-3,908K TAH FWD DC,1,Die Change,0,scheduled die change,Die Related,07:45 AM,10:00 AM
28-Feb-23,AAC Plant 2,1,2250-3,908K TAH FWD DC,2,Condition Check Die,10,cond check,Die Related,02:05 PM,02:15 PM
28-Feb-23,AAC Plant 2,1,2250-4,984F Crankcase DC,1,Other (Indirect),10,no operator,Casting Process/Equipment,05:15 AM,05:25 AM
28-Feb-23,AAC Plant 2,1,2250-5,G298 TA HOUSING AWD DC,7,Condition Check Die,40,cond check discoloration on part,Die Related,07:25 AM,08:05 AM
28-Feb-23,AAC Plant 2,1,2250-7,A467 Transmission Housing DC,4,Condition Check Die,30,cond check cold shot on parts,Die Related,06:30 AM,07:00 AM
28-Feb-23,AAC Plant 2,1,2250-8,19MY PTO TRANSMISSION CASE DC,4,Metal Delivery,10,out of metal,Casting Process/Equipment,07:25 AM,07:35 AM
28-Feb-23,AAC Plant 2,1,500-2,B700 V6 Stator Wheel DC,10,Condition Check Die,25,cond check part not gauging,Die Related,06:15 AM,06:40 AM
28-Feb-23,AAC Plant 2,1,800-1,908K Center Support DC,2,Other (Indirect),0,scheduled die change trial,Die Related,03:00 PM,04:30 PM
28-Feb-23,AAC Plant 2,2,2250-11,BC01 Transmission Case DC,13,Die Change,130,die change broke locator pin,Die Related,10:50 PM,01:00 AM
28-Feb-23,AAC Plant 2,2,2250-5,G298 TA HOUSING AWD DC,7,Condition Check Die,20,cond checkl discoloration,Die Related,06:50 PM,07:10 PM
28-Feb-23,AAC Plant 2,2,2250-7,A467 Transmission Housing DC,4,Die Change,0,scheduled die change,Die Related,04:00 AM,05:00 AM
28-Feb-23,AAC Plant 2,2,500-3,G903 Stator Wheel DC,6,Condition Check Die,20,cond check,Die Related,07:30 PM,07:50 PM
28-Feb-23,AAC Plant 2,2,500-3,G903 Stator Wheel DC,6,Condition Check Die,20,condition check b-cavity,Die Related,09:40 PM,10:00 PM
28-Feb-23,AAC Plant 2,2,500-3,G903 Stator Wheel DC,6,Condition Check Die,10,qc req cond check,Die Related,03:35 AM,03:45 AM
1-Mar-23,AAC Plant 2,1,2250-1,946F Crankcase DC,9,Die Change,0,scheduled die change,Die Related,03:45 PM,04:45 PM
1-Mar-23,AAC Plant 2,1,2250-11,BC01 Transmission Case DC,14,Condition Check Machine,60,cond check,Casting Process/Equipment,06:40 AM,07:40 AM
1-Mar-23,AAC Plant 2,1,2250-11,BC01 Transmission Case DC,14,Condition Check Machine,15,cond check cold shot,Casting Process/Equipment,05:55 AM,06:05 AM
1-Mar-23,AAC Plant 2,1,2250-2,908K TAH AWD DC,2,Clean Up,20,carry over 4s+d,Casting Process/Equipment,11:30 AM,11:50 AM
1-Mar-23,AAC Plant 2,1,2250-4,984F Crankcase DC,1,Condition Check Die,20,cond check,Die Related,09:00 AM,09:20 AM
1-Mar-23,AAC Plant 2,1,2250-5,G298 TA HOUSING AWD DC,7,Condition Check Die,10,cond check leakuing pin ss,Die Related,09:05 AM,09:15 AM
1-Mar-23,AAC Plant 2,1,2250-7,A467 Adaptor DC,3,Die Change,0,sched die change carry over,Die Related,05:00 AM,06:30 AM
1-Mar-23,AAC Plant 2,1,2250-8,G300 TA HOUSING FWD DC,3,Metal Delivery,10,ladle arm return time,Casting Process/Equipment,03:45 PM,03:55 PM
1-Mar-23,AAC Plant 2,1,500-2,B700 V6 Stator Wheel DC,10,Condition Check Die,30,condition check,Die Related,05:33 AM,06:03 AM
1-Mar-23,AAC Plant 2,1,500-2,B700 V6 Stator Wheel DC,10,Condition Check Die,67,cond check a cavity,Die Related,09:30 AM,10:37 AM
1-Mar-23,AAC Plant 2,1,500-2,B700 V6 Stator Wheel DC,10,Condition Check Die,10,cond check,Die Related,12:35 PM,12:45 PM
1-Mar-23,AAC Plant 2,1,500-2,B700 V6 Stator Wheel DC,10,Die Change,95,die change,Die Related,03:25 PM,05:00 PM
1-Mar-23,AAC Plant 2,1,500-3,G903 Stator Wheel DC,6,Condition Check Die,10,cond check balance issueds,Die Related,03:10 PM,03:20 PM
1-Mar-23,AAC Plant 2,1,500-3,G903 Stator Wheel DC,6,Condition Check Machine,100,maint,Casting Process/Equipment,11:00 AM,12:40 PM
1-Mar-23,AAC Plant 2,1,800-1,908K Center Support DC,3,Condition Check Machine,36,ct ng ct,Casting Process/Equipment,02:32 PM,03:08 PM
1-Mar-23,AAC Plant 2,2,2250-11,BC01 Transmission Case DC,14,Condition Check Die,15,cond check c4 cold shot,Die Related,09:10 PM,09:25 PM
1-Mar-23,AAC Plant 2,2,2250-3,908K TAH FWD DC,2,Die Change,0,scheduled die change,Die Related,01:00 AM,04:45 AM
1-Mar-23,AAC Plant 2,2,2250-8,G300 TA HOUSING FWD DC,3,Die Change,0,sched die change,Die Related,01:00 AM,05:00 AM
1-Mar-23,AAC Plant 2,2,500-3,G903 Stator Wheel DC,6,Condition Check Die,5,ladle fault,Die Related,11:25 PM,11:30 PM
1-Mar-23,AAC Plant 2,2,500-3,G903 Stator Wheel DC,6,Condition Check Die,10,cond check,Die Related,01:00 AM,01:10 AM
1-Mar-23,AAC Plant 2,2,500-3,G903 Stator Wheel DC,6,Die Change,10,cond check b- cavity,Die Related,10:00 PM,10:10 PM
1-Mar-23,AAC Plant 2,2,500-3,G903 Stator Wheel DC,6,Condition Check Die,15,cond check b- cavity,Die Related,07:25 PM,07:40 PM
1-Mar-23,AAC Plant 2,2,500-3,G903 Stator Wheel DC,6,Die Change,0,scheduled die change,Die Related,05:15 PM,07:00 PM
2-Mar-23,AAC Plant 2,1,2250-4,984F Crankcase DC,1,Die Change,0,scheduled die change,Die Related,03:00 PM,05:00 PM
2-Mar-23,AAC Plant 2,1,2250-4,984F Crankcase DC,1,Condition Check Machine,25,condition check quality req fg issues,Casting Process/Equipment,09:30 AM,09:55 AM
2-Mar-23,AAC Plant 2,1,2250-6,984F Crankcase DC,3,Die Change,0,scheduled die change set 3,Die Related,05:00 AM,08:00 AM
2-Mar-23,AAC Plant 2,1,2250-7,881 Oil Pan DC,10,Condition Check Die,45,cond check,Die Related,01:30 PM,02:15 PM
2-Mar-23,AAC Plant 2,1,2250-7,A467 Adaptor DC,3,Die Change,0,sched die change,Die Related,11:30 AM,12:30 PM
2-Mar-23,AAC Plant 2,1,2250-8,19MY NONPTO TRANSMISSION CASE DC,1,Date Stamp-ID,25,wrong month stamp,Casting Process/Equipment,06:40 AM,07:05 AM
2-Mar-23,AAC Plant 2,1,2250-8,19MY NONPTO TRANSMISSION CASE DC,1,Die Change,35,carry over die change,Die Related,05:15 AM,05:50 AM
2-Mar-23,AAC Plant 2,1,500-2,B700 V6 Stator Wheel DC,9,Metal Delivery,10,scrap hopper full,Casting Process/Equipment,11:10 AM,11:20 AM
2-Mar-23,AAC Plant 2,1,500-2,B700 V6 Stator Wheel DC,9,Condition Check Die,20,cond check,Die Related,10:50 AM,11:10 AM
2-Mar-23,AAC Plant 2,1,500-3,G903 Stator Wheel DC,6,Condition Check Die,20,cond check,Die Related,06:05 AM,06:25 AM
2-Mar-23,AAC Plant 2,1,500-3,G903 Stator Wheel DC,6,Condition Check Die,10,cond check,Die Related,12:10 PM,12:20 PM
2-Mar-23,AAC Plant 2,1,800-1,908K Center Support DC,3,Condition Check Machine,83,cond check oil clean up,Casting Process/Equipment,08:52 AM,10:15 AM
2-Mar-23,AAC Plant 2,2,2250-10,946F Crankcase DC,7,Clean Up,20,casrry over 4s+d,Casting Process/Equipment,10:25 PM,10:45 PM
2-Mar-23,AAC Plant 2,2,2250-4,984F Crankcase DC,5,Die Change,45,carry over die change,Die Related,05:15 PM,06:00 PM
2-Mar-23,AAC Plant 2,2,2250-8,19MY NONPTO TRANSMISSION CASE DC,1,Metal Delivery,10,hot charge out of metal;,Casting Process/Equipment,07:05 PM,07:15 PM
2-Mar-23,AAC Plant 2,2,800-2,G300 CENTER SUPPORT DC,11,Condition Check Machine,72,cond check no good a/b valve,Casting Process/Equipment,06:45 AM,07:33 AM
3-Mar-23,AAC Plant 2,1,1650-1,"103E Oil Pan, No. 1  DC",3,Condition Check Machine,10,ct over,Casting Process/Equipment,12:05 PM,12:15 PM
3-Mar-23,AAC Plant 2,1,2250-2,908K TAH AWD DC,1,Condition Check Die,20,shut down cond check,Die Related,10:30 AM,10:50 AM
3-Mar-23,AAC Plant 2,1,2250-8,19MY PTO TRANSMISSION CASE DC,4,Die Change,0,scheduled die change,Die Related,05:15 AM,06:50 AM
3-Mar-23,AAC Plant 2,1,2250-8,19MY PTO TRANSMISSION CASE DC,4,Metal Delivery,20,out of metal,Casting Process/Equipment,07:40 AM,08:00 AM
3-Mar-23,AAC Plant 2,1,800-2,G300 CENTER SUPPORT DC,12,Condition Check Machine,22,cond check powder build up in qr code area,Casting Process/Equipment,08:17 AM,08:49 AM
3-Mar-23,AAC Plant 2,2,2250-10,946F Crankcase DC,7,Clean Up,20,ulr fault bisc too big,Casting Process/Equipment,02:40 AM,03:00 AM
3-Mar-23,AAC Plant 2,2,500-3,G903 Stator Wheel DC,6,Die Change,20,die change,Die Related,11:30 PM,11:50 PM
4-Mar-23,AAC Plant 2,2,500-3,G903 Stator Wheel DC,8,Condition Check Machine,60,ng b cavity balance,Casting Process/Equipment,08:45 PM,09:45 PM
6-Mar-23,AAC Plant 2,1,1650-1,"103E Oil Pan, No. 1  DC",3,Clean Up,15,grease lube fault,Casting Process/Equipment,04:30 PM,04:45 AM
6-Mar-23,AAC Plant 2,1,2250-1,946F Crankcase DC,9,Date Stamp-ID,30,over start,Casting Process/Equipment,05:30 AM,06:00 AM
6-Mar-23,AAC Plant 2,1,2250-10,946F Crankcase DC,7,Condition Check Die,25,condition check lamination c2,Die Related,08:05 AM,08:30 AM
6-Mar-23,AAC Plant 2,1,2250-14,G300 TRANSMISSION CASE DC,9,Metal Delivery,15,out of metal,Casting Process/Equipment,09:30 AM,09:45 AM
6-Mar-23,AAC Plant 2,1,2250-6,984F Crankcase DC,3,Condition Check Die,15,condition check cold shot qc req,Die Related,07:45 AM,08:00 AM
6-Mar-23,AAC Plant 2,1,2250-7,A467 Extension Housing DC,1,Condition Check Machine,5,cond check shrink crack,Casting Process/Equipment,02:40 PM,02:45 PM
6-Mar-23,AAC Plant 2,1,2250-7,A467 Extension Housing DC,1,Condition Check Die,10,cracks,Die Related,02:10 PM,02:20 PM
6-Mar-23,AAC Plant 2,1,2250-7,A467 Extension Housing DC,1,Condition Check Die,60,cond check,Die Related,12:50 PM,01:50 PM
6-Mar-23,AAC Plant 2,1,2250-7,A467 Extension Housing DC,1,Condition Check Die,10,cond check cracks,Die Related,11:30 AM,11:40 AM
6-Mar-23,AAC Plant 2,1,2250-7,A467 Extension Housing DC,1,Condition Check Die,10,condition check cracks,Die Related,07:20 AM,07:30 AM
6-Mar-23,AAC Plant 2,1,2250-7,A467 Extension Housing DC,1,Date Stamp-ID,60,monday start up,Casting Process/Equipment,05:15 AM,06:15 AM
6-Mar-23,AAC Plant 2,1,2250-8,19MY PTO TRANSMISSION CASE DC,4,Metal Delivery,5,ladle arm over run,Casting Process/Equipment,09:40 AM,09:45 AM
6-Mar-23,AAC Plant 2,1,2250-8,19MY PTO TRANSMISSION CASE DC,4,Metal Delivery,10,out of metal,Casting Process/Equipment,09:05 AM,09:15 AM
6-Mar-23,AAC Plant 2,1,2250-8,19MY PTO TRANSMISSION CASE DC,4,Metal Delivery,10,ladle arm over run out of metal,Casting Process/Equipment,06:30 AM,06:40 AM
6-Mar-23,AAC Plant 2,1,500-2,B700 V6 Stator Wheel DC,9,Date Stamp-ID,30,cleaned ditch,Casting Process/Equipment,07:20 AM,07:50 AM
6-Mar-23,AAC Plant 2,1,500-3,G903 Stator Wheel DC,8,Condition Check Die,30,cond check die flashed out,Die Related,06:25 AM,06:55 AM
6-Mar-23,AAC Plant 2,2,1650-1,"103E Oil Pan, No. 1  DC",3,Die Change,105,die change,Die Related,03:00 AM,04:45 AM
6-Mar-23,AAC Plant 2,2,2250-14,G300 TRANSMISSION CASE DC,9,Metal Delivery,15,ladle arm return over,Casting Process/Equipment,06:55 PM,07:10 PM
6-Mar-23,AAC Plant 2,2,2250-14,G300 TRANSMISSION CASE DC,9,Metal Delivery,10,ladle arm return over,Casting Process/Equipment,07:15 PM,07:25 PM
6-Mar-23,AAC Plant 2,2,2250-7,A467 Transmission Housing DC,4,Die Change,0,scheduled die change,Die Related,05:15 PM,06:15 PM
6-Mar-23,AAC Plant 2,2,2250-8,19MY PTO TRANSMISSION CASE DC,1,Die Change,0,scheduled die change,Die Related,05:15 PM,07:15 PM
7-Mar-23,AAC Plant 2,1,2250-13,G300 TRANSMISSION CASE DC,8,Metal Delivery,15,side shaker jammed,Casting Process/Equipment,11:35 AM,11:50 AM
7-Mar-23,AAC Plant 2,1,2250-3,G300 TA HOUSING FWD DC,4,Die Change,0,scheduled die change,Die Related,02:35 PM,05:00 PM
7-Mar-23,AAC Plant 2,1,2250-8,19MY NONPTO TRANSMISSION CASE DC,1,Metal Delivery,10,ladle arm over run,Casting Process/Equipment,02:20 PM,02:30 PM
7-Mar-23,AAC Plant 2,1,2250-9,881 Oil Pan DC,11,Date Stamp-ID,10,waiting on stock cage,Casting Process/Equipment,05:15 AM,05:25 AM
7-Mar-23,AAC Plant 2,2,2250-12,BC01 Transmission Case DC,12,Die Change,0,scheduled die change,Die Related,05:15 PM,07:40 PM
7-Mar-23,AAC Plant 2,2,2250-3,908K TAH FWD DC,2,Die Change,0,scheduled die change,Die Related,05:15 PM,05:45 PM
7-Mar-23,AAC Plant 2,2,2250-8,19MY NONPTO TRANSMISSION CASE DC,1,Die Change,0,scheduled die change,Die Related,02:45 AM,05:00 AM
7-Mar-23,AAC Plant 2,2,2250-8,19MY NONPTO TRANSMISSION CASE DC,1,Metal Delivery,10,ladle arm rto out of metal,Casting Process/Equipment,11:40 PM,11:50 PM
7-Mar-23,AAC Plant 2,2,2250-8,19MY NONPTO TRANSMISSION CASE DC,1,Metal Delivery,10,hot charge,Casting Process/Equipment,01:35 AM,01:45 AM
8-Mar-23,AAC Plant 2,1,2250-7,A467 Adaptor DC,3,Die Change,0,scheduled die change,Die Related,05:15 AM,05:35 AM
8-Mar-23,AAC Plant 2,1,2250-9,881 Oil Pan DC,10,Die Change,0,die change carry over,Die Related,05:00 AM,05:50 AM
8-Mar-23,AAC Plant 2,2,2250-5,G298 TA HOUSING AWD DC,6,Die Change,0,sched die change,Die Related,05:15 PM,06:15 PM
9-Mar-23,AAC Plant 2,1,2250-1,946F Crankcase DC,13,Other (Indirect),10,no operator,Casting Process/Equipment,05:15 AM,05:25 AM
9-Mar-23,AAC Plant 2,1,2250-11,BC01 Transmission Case DC,14,Die Change,0,scheduled die change to lb01tmc 1,Die Related,07:30 AM,05:00 PM
9-Mar-23,AAC Plant 2,1,2250-7,A467 Extension Housing DC,1,Condition Check Die,20,cond check shrink crack,Die Related,08:05 AM,08:25 AM
9-Mar-23,AAC Plant 2,1,2250-7,A467 Extension Housing DC,1,Die Change,0,scheduled die change,Die Related,05:15 AM,06:50 AM
9-Mar-23,AAC Plant 2,1,2250-7,A467 Extension Housing DC,1,Die Change,40,pull s/s check water lines,Die Related,08:50 AM,09:30 AM
9-Mar-23,AAC Plant 2,1,800-2,G300 CENTER SUPPORT DC,12,Condition Check Die,12,PE working on ladle,Die Related,03:18 PM,03:30 PM
9-Mar-23,AAC Plant 2,1,800-2,G300 CENTER SUPPORT DC,12,Condition Check Die,42,cond check,Die Related,02:24 PM,03:06 PM
9-Mar-23,AAC Plant 2,1,800-3,G300 CENTER SUPPORT DC,1,Die Change,26,die change scheduled die change,Die Related,09:04 AM,09:30 AM
9-Mar-23,AAC Plant 2,2,1650-1,"103E Oil Pan, No. 1  DC",1,Die Change,70,die change,Die Related,03:20 AM,04:30 AM
9-Mar-23,AAC Plant 2,2,2250-11,BC01 Transmission Case DC,11,Die Change,0,scheduled die change,Die Related,05:15 PM,08:00 PM
9-Mar-23,AAC Plant 2,2,2250-3,G300 TA HOUSING FWD DC,4,Die Change,0,scheduled die change,Die Related,05:15 AM,06:45 PM
9-Mar-23,AAC Plant 2,2,2250-7,A467 Extension Housing DC,1,Die Change,0,scheduled die change,Die Related,01:30 AM,05:00 AM
10-Mar-23,AAC Plant 2,1,2250-10,946F Crankcase DC,10,Date Stamp-ID,10,out of datestamp; wait at stock cage for date stamps,Die Related,05:15 AM,05:25 AM
10-Mar-23,AAC Plant 2,1,2250-13,G300 TRANSMISSION CASE DC,6,Metal Delivery,10,out of metal,Metal Delivery,10:35 AM,10:45 AM
10-Mar-23,AAC Plant 2,1,2250-14,G300 TRANSMISSION CASE DC,9,Condition Check Die,15,cond. chk,Die Related,11:45 AM,12:00 PM
10-Mar-23,AAC Plant 2,1,2250-9,881 Oil Pan DC,10,Date Stamp-ID,10,waiting on date stamp,Die Related,05:15 AM,05:25 AM
10-Mar-23,AAC Plant 2,2,2250-12,BC01 Transmission Case DC,14,Die Change,80,broken locator m/c,Die Related,10:50 PM,12:10 AM
10-Mar-23,AAC Plant 2,2,2250-7,A467 Adaptor DC,3,Die Change,0,scheduled die change,Die Related,01:00 AM,05:00 AM
10-Mar-23,AAC Plant 2,2,800-2,G300 CENTER SUPPORT DC,12,Die Change,105,die chg per management/ water leak,Die Related,05:15 PM,07:00 PM
10-Mar-23,AAC Plant 2,2,800-3,G300 CENTER SUPPORT DC,14,Condition Check Machine,30,cond chk; found 2 parts with cracks,Casting Process/Equipment,06:20 PM,06:50 PM
13-Mar-23,AAC Plant 2,1,2250-8,19MY PTO TRANSMISSION CASE DC,4,Die Change,0,scheduled die change,Die Related,05:00 AM,07:15 AM
13-Mar-23,AAC Plant 2,1,500-3,G903 Stator Wheel DC,8,Metal Delivery,35,metal temp low,Casting Process/Equipment,06:10 AM,06:45 AM
13-Mar-23,AAC Plant 2,1,800-2,G300 CENTER SUPPORT DC,13,Condition Check Die,10,l/s wire hanging down on dck,Die Related,09:10 AM,09:20 AM
13-Mar-23,AAC Plant 2,1,800-2,G300 CENTER SUPPORT DC,13,Condition Check Die,40,condition check,Die Related,06:20 AM,07:00 AM
13-Mar-23,AAC Plant 2,2,2250-3,908K TAH FWD DC,2,Clean Up,5,over 4s+d,Misc.,10:20 PM,10:25 PM
13-Mar-23,AAC Plant 2,2,2250-8,19MY PTO TRANSMISSION CASE DC,4,Metal Delivery,10,hot charge; out of metal,Metal Delivery,03:25 AM,03:35 AM
14-Mar-23,AAC Plant 2,1,2250-2,908K TAH AWD DC,2,Clean Up,25,carryover 4s+d; dm working on sch polish,Die Related,11:30 AM,11:55 AM
14-Mar-23,AAC Plant 2,1,2250-6,946F Crankcase DC,7,Condition Check Die,20,epolish,Die Related,11:40 AM,12:00 PM
14-Mar-23,AAC Plant 2,1,500-3,G903 Stator Wheel DC,8,Condition Check Die,15,cleaned die face,Die Related,02:35 PM,02:50 PM
14-Mar-23,AAC Plant 2,1,800-2,G300 CENTER SUPPORT DC,13,Metal Delivery,15,out of metal,Metal Delivery,08:55 AM,09:10 AM
14-Mar-23,AAC Plant 2,2,2250-13,G300 TRANSMISSION CASE DC,6,Die Change,50,setting die,Die Related,07:00 PM,07:50 PM
14-Mar-23,AAC Plant 2,2,2250-2,908K TAH AWD DC,1,Clean Up,10,carryover clean belly pan,Misc.,05:15 AM,05:25 AM
14-Mar-23,AAC Plant 2,2,800-1,908K Center Support DC,2,Die Change,60,thick flash in flow window,Die Related,05:48 PM,06:48 PM
15-Mar-23,AAC Plant 2,1,2250-11,BC01 Transmission Case DC,11,Condition Check Die,15,cond check. cold shot on parts,Die Related,11:55 AM,12:10 PM
15-Mar-23,AAC Plant 2,1,2250-12,BC01 Transmission Case DC,12,Metal Delivery,25,ladle arm rtn out of metal,Casting Process/Equipment,10:30 AM,10:55 AM
15-Mar-23,AAC Plant 2,1,2250-3,908K TAH FWD DC,2,Die Change,0,scheduled die change,Die Related,01:00 PM,05:00 PM
15-Mar-23,AAC Plant 2,1,2250-4,984F Crankcase DC,5,Die Change,0,scheduled die change,Die Related,06:00 AM,10:00 AM
15-Mar-23,AAC Plant 2,1,2250-4,946F Crankcase DC,9,Condition Check Die,10,cond check cold shut,Die Related,12:45 PM,12:55 PM
15-Mar-23,AAC Plant 2,1,2250-4,946F Crankcase DC,9,N/G Tip or Sleeve Change,75,ng sleeve change,Casting Process/Equipment,03:30 PM,04:45 PM
15-Mar-23,AAC Plant 2,1,2250-6,946F Crankcase DC,7,Die Change,0,sched die change thick flash,Die Related,03:30 PM,05:00 PM
15-Mar-23,AAC Plant 2,1,2250-8,G300 TA HOUSING FWD DC,3,Condition Check Die,20,cond check discoloration,Die Related,01:50 PM,02:10 PM
15-Mar-23,AAC Plant 2,1,2250-8,G300 TA HOUSING FWD DC,3,Die Change,0,scheduled die change,Die Related,05:00 AM,06:50 AM
15-Mar-23,AAC Plant 2,1,800-1,908K Center Support DC,2,Condition Check Die,26,cond check pasrt ng spline,Die Related,05:34 AM,06:00 AM
15-Mar-23,AAC Plant 2,1,800-2,G300 CENTER SUPPORT DC,13,Die Change,92,extractor fault die change broke ejector pin,Die Related,05:50 AM,08:22 AM
15-Mar-23,AAC Plant 2,2,1650-1,"103E Oil Pan, No. 1  DC",2,Die Change,35,die change,Die Related,04:10 AM,04:45 AM
15-Mar-23,AAC Plant 2,2,2250-11,BC01 Transmission Case DC,14,Die Change,0,scheduled due change,Die Related,05:15 PM,05:35 PM
15-Mar-23,AAC Plant 2,2,2250-6,946F Crankcase DC,14,Clean Up,205,carry over die change,Casting Process/Equipment,05:15 PM,08:40 PM
15-Mar-23,AAC Plant 2,2,800-3,G300 CENTER SUPPORT DC,12,Clean Up,225,scrap hopper fault,Casting Process/Equipment,06:05 PM,09:50 PM
16-Mar-23,AAC Plant 2,1,2250-1,946F Crankcase DC,13,Clean Up,25,4s+d,Casting Process/Equipment,10:45 AM,11:10 AM
16-Mar-23,AAC Plant 2,1,2250-3,G298 TA HOUSING AWD DC,7,Other (Indirect),15,over start all safety doors open,Casting Process/Equipment,05:15 AM,05:30 AM
16-Mar-23,AAC Plant 2,1,2250-8,G300 TA HOUSING FWD DC,3,Metal Delivery,5,ladle arm over run,Casting Process/Equipment,06:45 AM,06:50 AM
16-Mar-23,AAC Plant 2,1,2250-8,G300 TA HOUSING FWD DC,3,Metal Delivery,20,ladle return time over,Casting Process/Equipment,09:00 AM,09:20 AM
16-Mar-23,AAC Plant 2,1,2250-9,881 Oil Pan DC,10,Condition Check Die,40,condition check lamination issues,Die Related,10:40 AM,11:20 AM
16-Mar-23,AAC Plant 2,1,800-1,908K Center Support DC,2,Metal Delivery,15,metal temp low,Casting Process/Equipment,11:30 AM,11:45 AM
16-Mar-23,AAC Plant 2,2,2250-14,G300 TRANSMISSION CASE DC,8,Metal Delivery,10,molt metal,Casting Process/Equipment,10:55 AM,11:05 AM
16-Mar-23,AAC Plant 2,2,2250-8,G300 TA HOUSING FWD DC,3,Metal Delivery,10,hot vharge out of meyal,Casting Process/Equipment,01:15 AM,01:25 AM
17-Mar-23,AAC Plant 2,1,2250-4,946F Crankcase DC,7,Die Change,0,scheduled die change,Die Related,06:10 AM,10:10 AM
17-Mar-23,AAC Plant 2,1,2250-8,G300 TA HOUSING FWD DC,3,Metal Delivery,10,ladle arm over run,Casting Process/Equipment,08:30 AM,08:40 AM
17-Mar-23,AAC Plant 2,1,2250-8,G300 TA HOUSING FWD DC,3,Metal Delivery,10,out of metal,Casting Process/Equipment,03:40 PM,03:50 PM
17-Mar-23,AAC Plant 2,1,800-1,908K Center Support DC,3,Condition Check Machine,10,metal build up on pour area,Casting Process/Equipment,08:55 AM,09:05 AM
17-Mar-23,AAC Plant 2,1,800-2,G300 CENTER SUPPORT DC,10,Condition Check Die,3,PE checking ladle,Die Related,07:30 AM,07:33 AM
17-Mar-23,AAC Plant 2,2,2250-10,946F Crankcase DC,10,Clean Up,245,pulled die in halfs broke ej pin,Casting Process/Equipment,11:55 PM,04:00 AM
17-Mar-23,AAC Plant 2,2,2250-14,G300 TRANSMISSION CASE DC,8,Condition Check Die,15,cond check,Die Related,11:05 PM,11:20 PM
17-Mar-23,AAC Plant 2,2,2250-3,908K TAH FWD DC,2,Die Change,0,scheduled die change,Die Related,05:15 PM,06:50 PM
17-Mar-23,AAC Plant 2,2,2250-8,G300 TA HOUSING FWD DC,3,Die Change,85,shut down dcm die change,Die Related,12:20 AM,01:45 AM
18-Mar-23,AAC Plant 2,1,2250-8,19MY NONPTO TRANSMISSION CASE DC,1,Metal Delivery,10,out of metal,Casting Process/Equipment,09:20 AM,09:30 AM
18-Mar-23,AAC Plant 2,2,800-2,G300 CENTER SUPPORT DC,10,Die Change,40,die change,Die Related,09:20 PM,10:00 PM
20-Mar-23,AAC Plant 2,1,2250-1,946F Crankcase DC,7,Die Change,30,carry over prev shift ms not heated up,Die Related,06:00 AM,06:30 AM
20-Mar-23,AAC Plant 2,1,2250-13,G300 TRANSMISSION CASE DC,7,N/G Tip or Sleeve Change,240,shot tp ng,Casting Process/Equipment,09:30 AM,01:30 PM
20-Mar-23,AAC Plant 2,1,2250-8,19MY NONPTO TRANSMISSION CASE DC,1,Metal Delivery,10,ladle arm over run,Casting Process/Equipment,06:40 AM,06:50 AM
20-Mar-23,AAC Plant 2,2,2250-10,946F Crankcase DC,13,Clean Up,20,shut down,Casting Process/Equipment,05:40 PM,06:00 PM
20-Mar-23,AAC Plant 2,2,2250-3,908K TAH FWD DC,2,Clean Up,10,over 4s+d,Casting Process/Equipment,12:40 PM,12:50 PM
20-Mar-23,AAC Plant 2,2,2250-6,946F Crankcase DC,14,Date Stamp-ID,30,carry over stuck date stampo,Casting Process/Equipment,05:15 PM,05:45 PM
20-Mar-23,AAC Plant 2,2,2250-9,881 Oil Pan DC,9,Clean Up,25,shut down shaker backed up,Casting Process/Equipment,05:40 PM,06:05 PM
21-Mar-23,AAC Plant 2,1,1650-1,"103E Oil Pan, No. 1  DC",1,Other (Indirect),45,fire alarm 2 evacuation,Casting Process/Equipment,09:00 AM,09:45 AM
21-Mar-23,AAC Plant 2,1,2250-1,946F Crankcase DC,7,Other (Indirect),20,fire alarm,Casting Process/Equipment,09:00 AM,09:20 AM
21-Mar-23,AAC Plant 2,1,2250-12,BC01 Transmission Case DC,12,Other (Indirect),25,fire alarm,Casting Process/Equipment,09:00 AM,09:25 AM
21-Mar-23,AAC Plant 2,1,2250-3,908K TAH FWD DC,2,Die Change,0,scheduled die change,Die Related,03:05 PM,05:00 PM
21-Mar-23,AAC Plant 2,1,2250-4,984F Crankcase DC,5,Other (Indirect),10,getting whole part for PE,Casting Process/Equipment,01:30 PM,01:40 PM
21-Mar-23,AAC Plant 2,1,2250-8,19MY PTO TRANSMISSION CASE DC,4,Die Change,0,scheduled die change,Die Related,05:15 AM,07:15 AM
21-Mar-23,AAC Plant 2,1,2250-8,19MY PTO TRANSMISSION CASE DC,4,Condition Check Machine,10,condition check /ladle chain,Casting Process/Equipment,01:50 PM,02:00 PM
21-Mar-23,AAC Plant 2,1,800-1,908K Center Support DC,3,Condition Check Die,193,condition check,Die Related,07:33 AM,10:20 AM
22-Mar-23,AAC Plant 2,1,2250-10,946F Crankcase DC,13,Water/Die Lube Supply,35,die lube station down,Casting Process/Equipment,10:00 AM,10:35 AM
22-Mar-23,AAC Plant 2,1,2250-12,BC01 Transmission Case DC,12,Water/Die Lube Supply,40,die lube station,Casting Process/Equipment,09:55 AM,10:35 AM
22-Mar-23,AAC Plant 2,1,2250-13,G300 TRANSMISSION CASE DC,7,Water/Die Lube Supply,100,die lube line busted,Casting Process/Equipment,09:00 AM,10:40 AM
22-Mar-23,AAC Plant 2,1,2250-14,G300 TRANSMISSION CASE DC,8,Other (Indirect),100,die lube unit,Casting Process/Equipment,09:00 AM,10:40 AM
22-Mar-23,AAC Plant 2,1,2250-4,984F Crankcase DC,5,Die Change,90,die change failed s/a,Die Related,02:20 PM,03:50 PM
22-Mar-23,AAC Plant 2,1,2250-5,G298 TA HOUSING AWD DC,6,Condition Check Die,10,cond check,Die Related,07:25 AM,07:35 AM
22-Mar-23,AAC Plant 2,1,2250-6,946F Crankcase DC,14,Date Stamp-ID,15,no date stamps,Casting Process/Equipment,05:15 AM,05:30 AM
22-Mar-23,AAC Plant 2,1,2250-8,19MY PTO TRANSMISSION CASE DC,4,Metal Delivery,10,out of metal,Casting Process/Equipment,01:45 AM,01:55 AM
22-Mar-23,AAC Plant 2,1,2250-8,19MY PTO TRANSMISSION CASE DC,4,Water/Die Lube Supply,35,die lube station down,Casting Process/Equipment,08:55 AM,09:30 AM
22-Mar-23,AAC Plant 2,1,2250-8,19MY PTO TRANSMISSION CASE DC,4,Metal Delivery,10,out of metal,Casting Process/Equipment,11:55 PM,12:05 AM
22-Mar-23,AAC Plant 2,1,2250-8,19MY PTO TRANSMISSION CASE DC,4,Metal Delivery,10,out of metal,Casting Process/Equipment,06:20 AM,06:30 AM
22-Mar-23,AAC Plant 2,1,2250-8,19MY PTO TRANSMISSION CASE DC,4,Metal Delivery,10,out of metal,Casting Process/Equipment,07:40 AM,07:50 AM
22-Mar-23,AAC Plant 2,1,2250-8,19MY PTO TRANSMISSION CASE DC,4,Die Change,0,scheduled die change,Die Related,03:00 PM,05:00 PM
22-Mar-23,AAC Plant 2,1,2250-9,881 Oil Pan DC,11,Water/Die Lube Supply,35,die lube station down,Casting Process/Equipment,09:55 AM,10:30 AM
22-Mar-23,AAC Plant 2,1,500-3,G903 Stator Wheel DC,8,Condition Check Die,21,cond check,Die Related,02:40 AM,03:01 AM
22-Mar-23,AAC Plant 2,1,800-1,G300 CENTER SUPPORT DC,1,Condition Check Die,217,cond check,Die Related,05:37 AM,09:14 AM
22-Mar-23,AAC Plant 2,1,800-1,G300 CENTER SUPPORT DC,8,Condition Check Die,36,cond check,Die Related,09:21 AM,09:57 AM
22-Mar-23,AAC Plant 2,2,2250-13,G300 TRANSMISSION CASE DC,6,N/G Tip or Sleeve Change,20,shot rod leak,Casting Process/Equipment,10:15 PM,10:35 PM
22-Mar-23,AAC Plant 2,2,2250-13,G300 TRANSMISSION CASE DC,6,Die Change,0,scheduled die change,Die Related,05:15 PM,05:45 PM
22-Mar-23,AAC Plant 2,2,500-3,G903 Stator Wheel DC,8,Clean Up,160,ladle issues,Casting Process/Equipment,05:15 PM,07:55 PM
23-Mar-23,AAC Plant 2,1,2250-14,G300 TRANSMISSION CASE DC,8,Metal Delivery,10,out of ladle arm return,Casting Process/Equipment,01:25 PM,01:35 PM
23-Mar-23,AAC Plant 2,1,2250-4,984F Crankcase DC,3,Date Stamp-ID,10,date stamp,Casting Process/Equipment,05:15 AM,05:25 AM
23-Mar-23,AAC Plant 2,1,2250-8,G300 TA HOUSING FWD DC,3,Metal Delivery,35,out of metal,Casting Process/Equipment,09:40 AM,10:15 AM
23-Mar-23,AAC Plant 2,2,2250-2,908K TAH AWD DC,3,Die Change,0,scheduled die change,Die Related,05:15 PM,06:50 PM
24-Mar-23,AAC Plant 2,1,2250-1,946F Crankcase DC,7,Condition Check Die,95,carry over dm woring on sprue bushing,Die Related,05:15 AM,06:50 AM
24-Mar-23,AAC Plant 2,1,2250-3,908K TAH FWD DC,2,Die Change,0,scheduled die change,Die Related,05:00 AM,07:30 AM
24-Mar-23,AAC Plant 2,1,2250-4,984F Crankcase DC,3,Condition Check Die,15,cond check lamination per qc,Die Related,09:05 AM,09:20 AM
24-Mar-23,AAC Plant 2,1,2250-8,G300 TA HOUSING FWD DC,3,Condition Check Machine,10,cond check,Casting Process/Equipment,07:20 AM,07:30 AM
24-Mar-23,AAC Plant 2,1,500-3,G903 Stator Wheel DC,8,Metal Delivery,30,mretal temp low,Casting Process/Equipment,06:20 AM,06:50 AM
24-Mar-23,AAC Plant 2,1,800-1,908K Center Support DC,3,Die Change,0,scheduled die change,Die Related,05:15 AM,07:30 AM
24-Mar-23,AAC Plant 2,2,2250-1,946F Crankcase DC,12,N/G Tip or Sleeve Change,230,bisc breaking off,Casting Process/Equipment,06:15 PM,10:05 PM
24-Mar-23,AAC Plant 2,2,2250-5,G298 TA HOUSING AWD DC,7,N/G Tip or Sleeve Change,90,ulr fault,Casting Process/Equipment,03:15 AM,04:45 AM
24-Mar-23,AAC Plant 2,2,2250-5,G298 TA HOUSING AWD DC,7,N/G Tip or Sleeve Change,-90,,,,
24-Mar-23,AAC Plant 2,2,2250-6,946F Crankcase DC,14,Condition Check Die,15,cond check,Die Related,01:05 AM,01:20 AM
24-Mar-23,AAC Plant 2,2,2250-6,946F Crankcase DC,14,Clean Up,25,waitong on back up,Casting Process/Equipment,03:35 AM,04:00 AM
27-Mar-23,AAC Plant 2,1,2250-10,946F Crankcase DC,11,Condition Check Die,15,shaker jammed up,Die Related,09:05 AM,09:20 AM
27-Mar-23,AAC Plant 2,1,2250-8,19MY NONPTO TRANSMISSION CASE DC,1,Die Change,0,scheduled die change,Die Related,03:15 PM,05:00 PM
27-Mar-23,AAC Plant 2,1,2250-9,881 Oil Pan DC,11,Other (Indirect),15,shaker  jammed up,Casting Process/Equipment,09:05 AM,09:20 AM
27-Mar-23,AAC Plant 2,1,800-1,908K Center Support DC,3,Clean Up,24,over 4s+d,Casting Process/Equipment,12:33 PM,12:57 PM
27-Mar-23,AAC Plant 2,2,2250-12,BC01 Transmission Case DC,12,Metal Delivery,25,scrap chute back up,Casting Process/Equipment,05:30 PM,05:55 PM
27-Mar-23,AAC Plant 2,2,2250-13,G300 TRANSMISSION CASE DC,6,N/G Tip or Sleeve Change,35,small bisc,Casting Process/Equipment,10:15 PM,10:50 PM
28-Mar-23,AAC Plant 2,1,1650-1,"103E Oil Pan, No. 1  DC",1,Other (Indirect),350,eop sq pin on ss not returning,Casting Process/Equipment,10:50 AM,05:00 PM
28-Mar-23,AAC Plant 2,1,500-2,B700 V6 Stator Wheel DC,9,Other (Indirect),15, start up,Casting Process/Equipment,05:15 AM,05:30 AM
28-Mar-23,AAC Plant 2,1,800-2,G300 CENTER SUPPORT DC,1,Condition Check Die,10,cond check,Die Related,04:20 PM,04:30 PM
28-Mar-23,AAC Plant 2,2,2250-10,946F Crankcase DC,11,Die Change,155,carry over from 1st pwc leak die change,Die Related,05:15 PM,07:50 PM
28-Mar-23,AAC Plant 2,2,2250-12,BC01 Transmission Case DC,12,Die Change,75,die change,Die Related,02:05 AM,03:20 AM
28-Mar-23,AAC Plant 2,2,2250-8,G300 TA HOUSING FWD DC,3,Die Change,165,shut dcm dow3n broke pin,Die Related,09:35 PM,12:20 AM
28-Mar-23,AAC Plant 2,2,800-2,G300 CENTER SUPPORT DC,14,Die Change,0,sdcheduled die change,Die Related,05:30 PM,08:55 PM
29-Mar-23,AAC Plant 2,1,2250-7,A467 Transmission Housing DC,4,Die Change,0,scheduled die change,Die Related,01:00 PM,02:00 PM
29-Mar-23,AAC Plant 2,1,2250-8,G300 TA HOUSING FWD DC,2,Die Change,60,auto exchange issue,Die Related,09:30 AM,10:30 AM
29-Mar-23,AAC Plant 2,2,2250-10,946F Crankcase DC,13,Condition Check Die,110,cond check qc req,Die Related,08:25 PM,10:15 PM
29-Mar-23,AAC Plant 2,2,2250-5,G298 TA HOUSING AWD DC,7,N/G Tip or Sleeve Change,90,ulr fsaul tip broke,Casting Process/Equipment,03:15 AM,04:45 AM
29-Mar-23,AAC Plant 2,2,500-3,G903 Stator Wheel DC,8,Condition Check Die,15,cond check b -cavity,Die Related,07:30 PM,07:45 PM
30-Mar-23,AAC Plant 2,1,2250-14,G300 TRANSMISSION CASE DC,8,Metal Delivery,20,ladle return time over,Casting Process/Equipment,07:20 AM,07:40 AM
30-Mar-23,AAC Plant 2,1,2250-4,984F Crankcase DC,3,Condition Check Die,10,condition check,Die Related,07:50 AM,08:00 AM
30-Mar-23,AAC Plant 2,1,2250-5,G298 TA HOUSING AWD DC,7,Date Stamp-ID,10,condition check,Casting Process/Equipment,07:50 AM,08:00 AM
30-Mar-23,AAC Plant 2,1,2250-7,881 Oil Pan DC,10,Condition Check Die,10,condition check qe,Die Related,10:05 AM,10:15 AM
30-Mar-23,AAC Plant 2,1,2250-8,G300 TA HOUSING FWD DC,4,Die Change,0,scheduled die change,Die Related,02:30 PM,05:00 PM
30-Mar-23,AAC Plant 2,1,2250-8,G300 TA HOUSING FWD DC,4,Metal Delivery,10,ladle arm over ran out of metal,Casting Process/Equipment,05:45 AM,05:55 AM
30-Mar-23,AAC Plant 2,1,500-3,G903 Stator Wheel DC,7,Condition Check Die,9,cond check die,Die Related,06:40 AM,06:49 AM
30-Mar-23,AAC Plant 2,1,500-3,G903 Stator Wheel DC,7,Condition Check Die,20,cond check die,Die Related,09:10 AM,09:30 AM
30-Mar-23,AAC Plant 2,2,2250-11,BC01 Transmission Case DC,11,Condition Check Die,10,cond check cold shut ss,Die Related,10:30 PM,10:40 PM
30-Mar-23,AAC Plant 2,2,2250-11,BC01 Transmission Case DC,11,Die Change,35,die change pulling die setting14,Die Related,11:30 PM,12:05 AM
30-Mar-23,AAC Plant 2,2,2250-11,BC01 Transmission Case DC,11,Die Change,0,scheduled die change,Die Related,05:15 PM,08:40 PM
30-Mar-23,AAC Plant 2,2,2250-3,908K TAH FWD DC,1,Clean Up,10,over 4s+d,Casting Process/Equipment,09:20 PM,09:30 PM
30-Mar-23,AAC Plant 2,2,2250-8,19MY PTO TRANSMISSION CASE DC,3,Metal Delivery,10,hot chatge,Casting Process/Equipment,10:30 AM,10:40 AM
30-Mar-23,AAC Plant 2,2,2250-8,19MY PTO TRANSMISSION CASE DC,4,Die Change,110,shut down dcm broke pin,Die Related,07:50 PM,09:40 PM
31-Mar-23,AAC Plant 2,1,2250-8,19MY PTO TRANSMISSION CASE DC,4,Metal Delivery,10,ladle low metal,Casting Process/Equipment,02:35 PM,02:45 PM
31-Mar-23,AAC Plant 2,1,2250-8,19MY PTO TRANSMISSION CASE DC,4,Die Change,0,schduled die change,Die Related,03:00 PM,05:00 PM
31-Mar-23,AAC Plant 2,1,800-2,G300 CENTER SUPPORT DC,14,Condition Check Die,15,condition check,Die Related,08:45 AM,09:00 AM
31-Mar-23,AAC Plant 2,2,2250-8,19MY NONPTO TRANSMISSION CASE DC,1,Metal Delivery,10,hot charge,Casting Process/Equipment,10:50 PM,11:00 PM
1-Apr-23,AAC Plant 2,2,2250-8,19MY NONPTO TRANSMISSION CASE DC,1,Metal Delivery,5,molten metal fault,Casting Process/Equipment,01:50 AM,01:55 AM
1-Apr-23,AAC Plant 2,2,2250-8,19MY NONPTO TRANSMISSION CASE DC,1,Die Change,0,scheduled die change,Die Related,05:15 PM,08:15 PM
2-Apr-23,AAC Plant 2,2,2250-8,19MY PTO TRANSMISSION CASE DC,1,Metal Delivery,15,molt meta; fault,Casting Process/Equipment,06:35 PM,06:50 PM
2-Apr-23,AAC Plant 2,2,2250-8,19MY PTO TRANSMISSION CASE DC,1,Metal Delivery,15,molt metal alsrm,Casting Process/Equipment,03:30 AM,03:45 AM
3-Apr-23,AAC Plant 2,1,2250-1,946F Crankcase DC,10,Condition Check Die,10,cond check qc request,Die Related,08:05 AM,08:15 AM
3-Apr-23,AAC Plant 2,1,2250-12,BC01 Transmission Case DC,13,Date Stamp-ID,35,tip lube tank start up,Casting Process/Equipment,05:30 AM,06:05 AM
3-Apr-23,AAC Plant 2,1,500-3,G903 Stator Wheel DC,7,Condition Check Die,10,condition check b cavity,Die Related,06:40 AM,06:50 AM
3-Apr-23,AAC Plant 2,1,500-3,G903 Stator Wheel DC,7,Condition Check Die,15,condition check b cavity,Die Related,05:55 AM,06:10 AM
3-Apr-23,AAC Plant 2,1,800-1,908K Center Support DC,3,Condition Check Die,15,cond check porosity,Die Related,04:05 PM,04:20 PM
3-Apr-23,AAC Plant 2,2,2250-11,BC01 Transmission Case DC,11,Die Change,0,scheduled die change,Die Related,05:15 PM,07:25 PM
3-Apr-23,AAC Plant 2,2,2250-13,G300 TRANSMISSION CASE DC,5,Condition Check Die,40,cond check qc req leak m/s main c4,Die Related,06:00 PM,06:40 PM
3-Apr-23,AAC Plant 2,2,2250-13,G300 TRANSMISSION CASE DC,5,Die Change,90,die change water leak ss,Die Related,06:40 PM,08:10 PM
3-Apr-23,AAC Plant 2,2,2250-14,G300 TRANSMISSION CASE DC,8,Condition Check Machine,100,condition check broke bisc water leak c1,Casting Process/Equipment,09:35 AM,11:15 AM
3-Apr-23,AAC Plant 2,2,2250-3,G300 TA HOUSING FWD DC,3,Die Change,45,die change,Die Related,08:55 PM,09:40 PM
3-Apr-23,AAC Plant 2,2,2250-4,984F Crankcase DC,3,Condition Check Die,10,e-polish qc req,Die Related,03:40 AM,03:50 AM
3-Apr-23,AAC Plant 2,2,2250-7,881 Oil Pan DC,9,Die Change,0,scheduled die change,Die Related,02:30 AM,05:00 AM
3-Apr-23,AAC Plant 2,2,2250-8,19MY PTO TRANSMISSION CASE DC,4,Metal Delivery,10,hot charge out of metal,Casting Process/Equipment,07:50 PM,08:00 PM
3-Apr-23,AAC Plant 2,2,500-3,G903 Stator Wheel DC,7,Condition Check Machine,30,cond check,Casting Process/Equipment,10:20 AM,10:50 AM
3-Apr-23,AAC Plant 2,2,800-1,908K Center Support DC,3,Condition Check Machine,20,condition check 3 ng bearing,Casting Process/Equipment,03:29 AM,03:49 AM
4-Apr-23,AAC Plant 2,1,2250-14,G300 TRANSMISSION CASE DC,8,Condition Check Die,30,cond check,Die Related,02:40 PM,03:10 PM
4-Apr-23,AAC Plant 2,1,2250-2,908K TAH FWD DC,1,Die Change,0,schedu;ed die change,Die Related,01:30 PM,05:00 PM
4-Apr-23,AAC Plant 2,1,2250-2,908K TAH FWD DC,1,Clean Up,15,carry over from prev,Casting Process/Equipment,05:15 AM,05:30 AM
4-Apr-23,AAC Plant 2,1,2250-3,G300 TA HOUSING FWD DC,2,Die Change,0,scheduled die change,Die Related,04:30 PM,05:00 PM
4-Apr-23,AAC Plant 2,1,2250-3,G300 TA HOUSING FWD DC,4,Condition Check Die,15,condition check lamination,Die Related,08:10 AM,08:25 AM
4-Apr-23,AAC Plant 2,1,2250-5,G298 TA HOUSING AWD DC,6,Condition Check Die,20,cond check discoloration on part,Die Related,07:45 AM,08:05 AM
4-Apr-23,AAC Plant 2,1,2250-8,19MY PTO TRANSMISSION CASE DC,4,Metal Delivery,15,ladle return over,Casting Process/Equipment,12:25 PM,12:40 PM
4-Apr-23,AAC Plant 2,1,2250-8,19MY PTO TRANSMISSION CASE DC,4,Other (Indirect),20,over start,Casting Process/Equipment,05:15 AM,05:35 AM
4-Apr-23,AAC Plant 2,2,2250-3,908K TAH FWD DC,1,Die Change,0,scheduled die cahnge,Die Related,06:15 PM,06:45 PM
4-Apr-23,AAC Plant 2,2,2250-4,984F Crankcase DC,3,Clean Up,10,over 4s,Casting Process/Equipment,01:40 AM,01:50 AM
4-Apr-23,AAC Plant 2,2,2250-8,G300 TA HOUSING FWD DC,2,Die Change,130,carry over from 1st,Die Related,06:15 PM,08:25 PM
4-Apr-23,AAC Plant 2,2,2250-8,G300 TA HOUSING FWD DC,2,Die Change,135,pulled g300 tah 2,Die Related,02:30 AM,04:45 AM
4-Apr-23,AAC Plant 2,2,800-1,908K Center Support DC,3,Condition Check Machine,20,condition checl,Casting Process/Equipment,11:57 PM,12:17 AM
5-Apr-23,AAC Plant 2,1,2250-10,946F Crankcase DC,12,Condition Check Die,15,condition check parts cracking,Die Related,07:40 AM,07:55 AM
5-Apr-23,AAC Plant 2,1,2250-12,BC01 Transmission Case DC,11,Condition Check Die,10,received sample part for pe,Die Related,02:10 PM,02:20 PM
5-Apr-23,AAC Plant 2,1,2250-12,BC01 Transmission Case DC,13,Condition Check Machine,25,condition check vac torr,Casting Process/Equipment,06:05 AM,06:30 AM
5-Apr-23,AAC Plant 2,1,2250-12,BC01 Transmission Case DC,13,Die Change,70,broke insert on moving side,Die Related,11:50 AM,01:00 PM
5-Apr-23,AAC Plant 2,1,2250-12,BC01 Transmission Case DC,13,Condition Check Machine,20,condition check vac torr,Casting Process/Equipment,08:10 AM,08:30 AM
5-Apr-23,AAC Plant 2,1,2250-2,908K TAH AWD DC,3,Condition Check Die,10,shut down  condition check,Die Related,10:40 AM,10:50 AM
5-Apr-23,AAC Plant 2,1,2250-4,984F Crankcase DC,3,Condition Check Die,20,"condition check, cold shut",Die Related,08:35 AM,08:55 AM
5-Apr-23,AAC Plant 2,1,2250-4,984F Crankcase DC,5,Condition Check Die,10,condition check,Die Related,01:00 PM,01:10 PM
5-Apr-23,AAC Plant 2,1,2250-8,G300 TA HOUSING FWD DC,4,Condition Check Die,15,developer check,Die Related,10:30 AM,10:45 AM
5-Apr-23,AAC Plant 2,1,2250-8,G300 TA HOUSING FWD DC,4,Die Change,120,carry over die change,Die Related,05:00 AM,07:00 AM
5-Apr-23,AAC Plant 2,1,800-1,908K Center Support DC,3,Condition Check Die,46,ng parts cond check,Die Related,08:44 AM,09:30 AM
5-Apr-23,AAC Plant 2,1,800-1,908K Center Support DC,3,Die Change,0,scheduled die change,Die Related,09:30 AM,10:30 AM
5-Apr-23,AAC Plant 2,1,800-2,G300 CENTER SUPPORT DC,14,Condition Check Machine,46,cond check chunk out,Casting Process/Equipment,02:48 PM,03:34 PM
5-Apr-23,AAC Plant 2,1,800-3,G300 CENTER SUPPORT DC,12,Condition Check Die,19,cond check pe checking l/s,Die Related,09:15 AM,09:34 AM
5-Apr-23,AAC Plant 2,2,2250-13,G300 TRANSMISSION CASE DC,9,Metal Delivery,15,molt metal alarm,Casting Process/Equipment,09:50 PM,10:05 PM
5-Apr-23,AAC Plant 2,2,2250-2,908K TAH AWD DC,3,Die Change,0,scheduled die change,Die Related,10:40 AM,11:10 AM
5-Apr-23,AAC Plant 2,2,2250-3,908K TAH FWD DC,2,Die Change,0,scheduled die change,Die Related,10:50 PM,12:20 AM
5-Apr-23,AAC Plant 2,2,2250-8,G300 TA HOUSING FWD DC,4,Die Change,0,scheduled die change,Die Related,11:30 PM,12:55 AM
5-Apr-23,AAC Plant 2,2,800-2,G300 CENTER SUPPORT DC,14,Die Change,60,die change ejector pin broke,Die Related,02:00 AM,03:00 AM
5-Apr-23,AAC Plant 2,2,800-3,G300 CENTER SUPPORT DC,12,Die Change,57,die change cracked sprue bushing,Die Related,03:48 AM,04:45 AM
6-Apr-23,AAC Plant 2,1,2250-11,BC01 Transmission Case DC,14,Condition Check Die,20,condition check cold shot on parts,Die Related,07:00 AM,07:20 AM
6-Apr-23,AAC Plant 2,1,2250-3,G300 TA HOUSING FWD DC,3,Condition Check Die,45,cold shut and discoloration,Die Related,11:40 AM,12:25 PM
6-Apr-23,AAC Plant 2,1,2250-3,G300 TA HOUSING FWD DC,4,Condition Check Die,10,cond check ng,Die Related,08:55 AM,09:05 AM
6-Apr-23,AAC Plant 2,1,2250-4,984F Crankcase DC,5,Condition Check Die,10,condition check qc req,Die Related,07:00 AM,07:10 AM
6-Apr-23,AAC Plant 2,1,2250-5,G298 TA HOUSING AWD DC,7,Condition Check Die,10,condition check qe request,Die Related,08:10 AM,08:20 AM
6-Apr-23,AAC Plant 2,1,2250-7,A467 Transmission Housing DC,4,Die Change,0,scheduled die change,Die Related,12:35 PM,05:00 PM
6-Apr-23,AAC Plant 2,1,800-1,908K Center Support DC,2,Condition Check Die,30,condition check ng fg,Die Related,01:50 PM,02:20 PM
6-Apr-23,AAC Plant 2,1,800-3,G300 CENTER SUPPORT DC,12,Condition Check Die,70,cycle over c4 not reading,Die Related,07:50 AM,09:00 AM
6-Apr-23,AAC Plant 2,2,2250-3,G300 TA HOUSING FWD DC,3,Die Change,0,scheduled die change,Die Related,04:00 AM,04:45 AM
6-Apr-23,AAC Plant 2,2,2250-5,G298 TA HOUSING AWD DC,7,Condition Check Die,20,cond check,Die Related,06:05 AM,06:25 PM
6-Apr-23,AAC Plant 2,2,2250-8,19MY PTO TRANSMISSION CASE DC,4,Metal Delivery,10,molt metal fault low metal,Casting Process/Equipment,07:50 PM,08:00 PM
6-Apr-23,AAC Plant 2,2,800-1,908K Center Support DC,2,Die Change,17,die change ng fg spline gauge,Die Related,07:54 PM,08:11 PM
6-Apr-23,AAC Plant 2,2,800-1,908K Center Support DC,2,Condition Check Machine,77,condition check ng top fg spline gauge,Casting Process/Equipment,05:42 PM,07:09 PM
7-Apr-23,AAC Plant 2,2,2250-14,G300 TRANSMISSION CASE DC,8,Metal Delivery,15,molt metal alarm,Casting Process/Equipment,09:30 PM,09:45 PM
7-Apr-23,AAC Plant 2,2,2250-2,908K TAH FWD DC,2,Die Change,45,scheduled die change,Die Related,04:00 AM,04:45 AM
7-Apr-23,AAC Plant 2,2,2250-3,G300 TA HOUSING FWD DC,4,Clean Up,10,over 4s+d,Casting Process/Equipment,10:50 PM,11:00 PM
7-Apr-23,AAC Plant 2,2,2250-3,G300 TA HOUSING FWD DC,4,Die Change,0,scheduled die change,Die Related,03:50 AM,04:45 AM
7-Apr-23,AAC Plant 2,2,2250-7,A467 Extension Housing DC,1,Die Change,0,scheduled die change,Die Related,12:40 AM,05:00 AM
7-Apr-23,AAC Plant 2,2,2250-8,19MY PTO TRANSMISSION CASE DC,4,Die Change,0,sched die change,Die Related,07:25 AM,08:45 PM
7-Apr-23,AAC Plant 2,2,800-3,G300 CENTER SUPPORT DC,11,Condition Check Machine,40,condition chevk powder build up,Casting Process/Equipment,07:20 PM,08:00 PM
7-Apr-23,AAC Plant 2,2,800-3,G300 CENTER SUPPORT DC,11,Die Change,57,die change pulling die setting 12,Die Related,08:38 PM,09:35 PM
10-Apr-23,AAC Plant 2,1,2250-11,BC01 Transmission Case DC,14,Die Change,0,scheduled die change,Die Related,08:00 AM,09:25 AM
10-Apr-23,AAC Plant 2,1,2250-12,BC01 Transmission Case DC,11,Die Change,70,broke insert on m/s,Die Related,08:50 AM,10:00 AM
10-Apr-23,AAC Plant 2,1,2250-12,BC01 Transmission Case DC,13,Die Change,10,stuck part,Die Related,12:15 PM,12:25 PM
10-Apr-23,AAC Plant 2,1,2250-14,G300 TRANSMISSION CASE DC,8,Metal Delivery,15,out of metal,Casting Process/Equipment,09:20 AM,09:35 AM
10-Apr-23,AAC Plant 2,1,2250-2,908K TAH AWD DC,2,Condition Check Die,10,condition check quality req,Die Related,08:05 AM,08:15 AM
10-Apr-23,AAC Plant 2,1,2250-3,908K TAH FWD DC,1,Condition Check Die,10,condition check quality request,Die Related,08:10 AM,08:20 AM
10-Apr-23,AAC Plant 2,1,2250-5,G298 TA HOUSING AWD DC,3,Condition Check Die,15,condition check pin leak ms main core,Die Related,08:00 AM,08:15 AM
10-Apr-23,AAC Plant 2,1,2250-5,G298 TA HOUSING AWD DC,4,Condition Check Die,10,condition check ng o-ring on ss causing water leak,Die Related,01:00 PM,01:10 PM
10-Apr-23,AAC Plant 2,1,2250-8,19MY NONPTO TRANSMISSION CASE DC,1,Date Stamp-ID,15,date stamp stuck,Casting Process/Equipment,05:25 AM,05:40 AM
10-Apr-23,AAC Plant 2,1,2250-8,19MY NONPTO TRANSMISSION CASE DC,1,Metal Delivery,10,out of metal,Casting Process/Equipment,06:25 AM,06:35 AM
10-Apr-23,AAC Plant 2,1,500-3,G903 Stator Wheel DC,8,Condition Check Die,15,condition check parts not gauging,Die Related,12:30 PM,12:45 PM
10-Apr-23,AAC Plant 2,1,800-1,908K Center Support DC,1,Die Change,80,die change,Die Related,08:25 AM,09:45 AM
10-Apr-23,AAC Plant 2,1,800-1,908K Center Support DC,1,Condition Check Die,13,condition check,Die Related,02:26 PM,02:39 PM
10-Apr-23,AAC Plant 2,1,800-2,G300 CENTER SUPPORT DC,8,Ladle-ID,10,dbl dippimg and high ct,Casting Process/Equipment,07:43 AM,07:53 AM
10-Apr-23,AAC Plant 2,2,2250-1,946F Crankcase DC,14,Date Stamp-ID,10,wrong month stamp,Casting Process/Equipment,07:50 PM,08:00 PM
10-Apr-23,AAC Plant 2,2,2250-10,984F Crankcase DC,5,Condition Check Die,30,cond check,Die Related,01:05 AM,01:35 AM
10-Apr-23,AAC Plant 2,2,2250-6,946F Crankcase DC,11,Date Stamp-ID,10,wrong fate stamp,Casting Process/Equipment,05:25 PM,05:35 PM
10-Apr-23,AAC Plant 2,2,2250-7,A467 Adaptor DC,3,Die Change,0,scheduled die change,Die Related,01:10 AM,05:00 AM
10-Apr-23,AAC Plant 2,2,800-1,908K Center Support DC,3,Condition Check Machine,32,cond check die popping when ej part,Casting Process/Equipment,02:13 AM,02:45 AM
11-Apr-23,AAC Plant 2,1,2250-10,984F Crankcase DC,5,Condition Check Die,100,cond check cold shot on part,Die Related,06:20 AM,08:00 AM
11-Apr-23,AAC Plant 2,1,2250-11,BC01 Transmission Case DC,14,Condition Check Die,15,check for broke pin,Die Related,03:45 PM,04:00 PM
11-Apr-23,AAC Plant 2,1,2250-3,908K TAH FWD DC,1,Water/Die Lube Supply,10,spray fault die lube station off,Casting Process/Equipment,02:55 PM,03:05 PM
11-Apr-23,AAC Plant 2,1,2250-4,984F Crankcase DC,4,Water/Die Lube Supply,15,spray fault die lube station,Casting Process/Equipment,02:55 PM,03:10 PM
11-Apr-23,AAC Plant 2,1,2250-5,G298 TA HOUSING AWD DC,6,Condition Check Die,10,cond check discoloration,Die Related,01:35 PM,01:45 PM
11-Apr-23,AAC Plant 2,1,2250-7,A467 Transmission Housing DC,4,Metal Delivery,25,molt metal temp alarm,Casting Process/Equipment,12:50 PM,01:15 PM
11-Apr-23,AAC Plant 2,1,2250-8,G300 TA HOUSING FWD DC,3,Die Change,0,scheduled die change,Die Related,02:35 AM,05:00 AM
11-Apr-23,AAC Plant 2,1,2250-9,881 Oil Pan DC,11,Date Stamp-ID,15,over start,Casting Process/Equipment,05:15 AM,05:30 AM
11-Apr-23,AAC Plant 2,1,2250-9,881 Oil Pan DC,11,Condition Check Machine,25,ulr part broke off bisc,Casting Process/Equipment,06:00 AM,06:25 AM
11-Apr-23,AAC Plant 2,1,800-2,G300 CENTER SUPPORT DC,8,Condition Check Die,13,cond check,Die Related,03:05 AM,03:22 AM
11-Apr-23,AAC Plant 2,1,800-3,G300 CENTER SUPPORT DC,12,Condition Check Die,20,cond check,Die Related,04:10 PM,04:30 PM
11-Apr-23,AAC Plant 2,2,2250-10,984F Crankcase DC,5,Clean Up,25,carry over from 1st shaker backed up,Casting Process/Equipment,05:25 AM,05:50 AM
11-Apr-23,AAC Plant 2,2,2250-5,G298 TA HOUSING AWD DC,6,Clean Up,180,carry over dm repairing s/s,Casting Process/Equipment,05:15 PM,08:15 PM
11-Apr-23,AAC Plant 2,2,2250-6,946F Crankcase DC,11,Condition Check Die,30,e-polish qc req,Die Related,05:15 PM,05:45 PM
11-Apr-23,AAC Plant 2,2,2250-7,A467 Transmission Housing DC,4,Die Change,0,scheduled die change,Die Related,03:00 AM,05:00 AM
11-Apr-23,AAC Plant 2,2,2250-9,881 Oil Pan DC,11,Clean Up,30,"carry over from 1st , shaker backed up",Casting Process/Equipment,05:25 PM,05:55 PM
11-Apr-23,AAC Plant 2,2,800-2,G300 CENTER SUPPORT DC,8,Clean Up,115,metal pressure out of spec,Casting Process/Equipment,05:15 PM,07:10 PM
11-Apr-23,AAC Plant 2,2,800-2,G300 CENTER SUPPORT DC,8,Die Change,60,die change pull 8 set 10,Die Related,09:15 PM,10:15 PM
12-Apr-23,AAC Plant 2,1,2250-4,984F Crankcase DC,4,Condition Check Die,10,cond check discolor,Die Related,07:30 AM,07:40 AM
12-Apr-23,AAC Plant 2,1,2250-5,G298 TA HOUSING AWD DC,5,Condition Check Die,10,cond check leaking pin on ss,Die Related,06:35 AM,06:45 AM
12-Apr-23,AAC Plant 2,1,2250-6,G298 TA HOUSING AWD DC,6,Die Change,0,sched die change,Die Related,05:00 AM,09:15 AM
12-Apr-23,AAC Plant 2,1,2250-7,A467 Extension Housing DC,1,Condition Check Die,10,cond check,Die Related,08:35 AM,08:45 AM
12-Apr-23,AAC Plant 2,1,2250-7,A467 Extension Housing DC,1,Die Change,30, carry over,Die Related,05:15 AM,05:45 AM
12-Apr-23,AAC Plant 2,1,2250-7,A467 Extension Housing DC,1,Die Change,0,scheduled die change,Die Related,03:30 PM,05:00 PM
12-Apr-23,AAC Plant 2,1,2250-8,19MY PTO TRANSMISSION CASE DC,4,Metal Delivery,10,out of metal,Casting Process/Equipment,06:45 AM,06:55 AM
12-Apr-23,AAC Plant 2,1,500-3,G903 Stator Wheel DC,8,Date Stamp-ID,55,die change,Casting Process/Equipment,10:45 AM,11:40 AM
12-Apr-23,AAC Plant 2,1,500-3,G903 Stator Wheel DC,8,Condition Check Die,20,cond check cleaned die face,Die Related,07:40 AM,08:00 AM
12-Apr-23,AAC Plant 2,1,500-3,G903 Stator Wheel DC,8,Condition Check Machine,5,tonnage fault,Casting Process/Equipment,05:35 AM,05:40 AM
12-Apr-23,AAC Plant 2,1,800-1,908K Center Support DC,3,Condition Check Die,13,cond check,Die Related,08:32 AM,08:45 AM
12-Apr-23,AAC Plant 2,1,800-3,G300 CENTER SUPPORT DC,12,Condition Check Die,95,cond check,Die Related,08:30 AM,10:05 AM
12-Apr-23,AAC Plant 2,1,800-3,G300 CENTER SUPPORT DC,12,Condition Check Die,20,cond check,Die Related,07:45 AM,08:05 AM
12-Apr-23,AAC Plant 2,1,800-3,G300 CENTER SUPPORT DC,12,Condition Check Die,20,cond check,Die Related,02:40 PM,03:00 PM
12-Apr-23,AAC Plant 2,1,800-3,G300 CENTER SUPPORT DC,12,Condition Check Die,15,e-polish,Die Related,11:20 AM,11:35 AM
12-Apr-23,AAC Plant 2,2,2250-10,984F Crankcase DC,2,Die Change,0,scheduled die change,Die Related,03:00 AM,05:00 AM
12-Apr-23,AAC Plant 2,2,2250-10,984F Crankcase DC,5,Die Change,140,shut down starter hook nng,Die Related,08:25 PM,10:45 PM
12-Apr-23,AAC Plant 2,2,2250-12,BC01 Transmission Case DC,11,Die Change,0,schedyuled die change,Die Related,05:15 PM,09:05 PM
12-Apr-23,AAC Plant 2,2,800-1,908K Center Support DC,3,Condition Check Machine,17,cond check ss,Casting Process/Equipment,01:06 AM,01:23 AM
12-Apr-23,AAC Plant 2,2,800-2,G300 CENTER SUPPORT DC,10,Condition Check Die,100,cond check,Casting Process/Equipment,02:15 AM,03:55 AM
13-Apr-23,AAC Plant 2,1,2250-1,946F Crankcase DC,14,Condition Check Die,10,cond check quality req,Casting Process/Equipment,07:55 AM,08:05 AM
13-Apr-23,AAC Plant 2,1,2250-3,908K TAH FWD DC,1,Die Change,0,sched die change,Die Related,08:15 AM,11:00 AM
13-Apr-23,AAC Plant 2,1,2250-5,G298 TA HOUSING AWD DC,4,Condition Check Die,20,condition check qe,Die Related,08:50 AM,09:10 AM
13-Apr-23,AAC Plant 2,1,2250-8,19MY PTO TRANSMISSION CASE DC,4,Metal Delivery,25,out of metal,Casting Process/Equipment,05:50 AM,06:15 AM
13-Apr-23,AAC Plant 2,1,2250-8,19MY PTO TRANSMISSION CASE DC,4,Die Change,0,scheduled die change,Die Related,02:30 PM,04:30 PM
13-Apr-23,AAC Plant 2,1,2250-8,19MY PTO TRANSMISSION CASE DC,4,Metal Delivery,10,out of metal,Casting Process/Equipment,12:15 PM,12:25 PM
13-Apr-23,AAC Plant 2,1,2250-8,19MY PTO TRANSMISSION CASE DC,4,Metal Delivery,10,out of metal,Casting Process/Equipment,09:05 AM,09:15 AM
13-Apr-23,AAC Plant 2,1,500-3,G903 Stator Wheel DC,6,Condition Check Machine,25,cond check,Casting Process/Equipment,03:45 PM,04:10 PM
13-Apr-23,AAC Plant 2,1,800-1,908K Center Support DC,3,Die Change,90,die change,Die Related,02:30 PM,04:00 PM
13-Apr-23,AAC Plant 2,1,800-2,G300 CENTER SUPPORT DC,10,Condition Check Machine,25,water line came off,Casting Process/Equipment,11:25 AM,11:50 AM
13-Apr-23,AAC Plant 2,2,2250-10,946F Crankcase DC,8,Die Change,190,carry over 1st die change,Die Related,05:15 PM,08:25 PM
13-Apr-23,AAC Plant 2,2,2250-10,946F Crankcase DC,8,Die Change,185,shut down qc req,Die Related,08:35 PM,11:40 PM
13-Apr-23,AAC Plant 2,2,2250-5,G298 TA HOUSING AWD DC,7,Clean Up,95,carry over die change,Casting Process/Equipment,05:15 PM,06:50 PM
13-Apr-23,AAC Plant 2,2,2250-8,19MY NONPTO TRANSMISSION CASE DC,1,Metal Delivery,10,hot charge out of metal,Casting Process/Equipment,08:50 PM,09:00 AM
13-Apr-23,AAC Plant 2,2,500-3,G903 Stator Wheel DC,6,Metal Delivery,20,metal temp low,Casting Process/Equipment,05:40 PM,06:00 PM
14-Apr-23,AAC Plant 2,1,2250-10,946F Crankcase DC,7,Die Change,185,carry over waiting on die,Die Related,05:00 AM,08:05 AM
14-Apr-23,AAC Plant 2,1,2250-10,946F Crankcase DC,7,Date Stamp-ID,15,month stamp stuck,Casting Process/Equipment,08:05 AM,08:20 AM
14-Apr-23,AAC Plant 2,1,2250-6,G298 TA HOUSING AWD DC,6,Clean Up,30,leak on c4 con check,Casting Process/Equipment,11:20 AM,11:50 AM
14-Apr-23,AAC Plant 2,1,2250-6,G298 TA HOUSING AWD DC,6,Clean Up,30,cond check qe req,Casting Process/Equipment,08:25 AM,08:55 AM
14-Apr-23,AAC Plant 2,1,500-3,G903 Stator Wheel DC,6,Condition Check Die,21,cond check,Die Related,02:50 PM,03:11 PM
14-Apr-23,AAC Plant 2,1,500-3,G903 Stator Wheel DC,6,Condition Check Die,10,cond cgeck,Die Related,11:55 AM,12:05 PM
14-Apr-23,AAC Plant 2,1,800-1,908K Center Support DC,2,Condition Check Die,20,cond check p1 powder,Die Related,05:26 AM,05:46 AM
14-Apr-23,AAC Plant 2,1,800-1,908K Center Support DC,2,Condition Check Die,51,cond check,Die Related,10:31 AM,11:25 AM
14-Apr-23,AAC Plant 2,1,800-2,G300 CENTER SUPPORT DC,10,Die Change,50,pulling setting back up,Die Related,06:55 AM,07:45 AM
14-Apr-23,AAC Plant 2,2,2250-13,G300 TRANSMISSION CASE DC,9,Condition Check Die,35,cond check qc req,Die Related,09:00 PM,09:35 PM
14-Apr-23,AAC Plant 2,2,500-3,G903 Stator Wheel DC,6,Condition Check Die,25,cond checkk,Die Related,01:00 AM,01:25 AM
14-Apr-23,AAC Plant 2,2,500-3,G903 Stator Wheel DC,6,Condition Check Die,35,cond check,Die Related,07:15 PM,07:50 PM
14-Apr-23,AAC Plant 2,2,500-3,G903 Stator Wheel DC,6,Condition Check Die,22,cond check,Die Related,05:50 PM,06:12 PM
15-Apr-23,AAC Plant 2,1,2250-5,G298 TA HOUSING AWD DC,7,Condition Check Die,10, shut fown cond check quality req,Die Related,02:25 AM,02:35 AM
15-Apr-23,AAC Plant 2,2,800-2,G300 CENTER SUPPORT DC,13,Die Change,60,die change pwdr b/u on qr code,Die Related,08:53 PM,09:53 PM
16-Apr-23,AAC Plant 2,1,800-1,908K Center Support DC,3,Condition Check Die,25,cond check,Die Related,06:50 AM,07:15 AM
16-Apr-23,AAC Plant 2,2,800-2,G300 CENTER SUPPORT DC,11,Condition Check Machine,14,cond check no fill,Casting Process/Equipment,09:19 AM,09:33 AM
16-Apr-23,AAC Plant 2,2,800-2,G300 CENTER SUPPORT DC,11,Condition Check Machine,22,cond check no fill,Casting Process/Equipment,03:00 AM,03:22 AM
17-Apr-23,AAC Plant 2,1,2250-1,946F Crankcase DC,13,Condition Check Die,10,Condition check QC requested,Casting Process/Equipment,06:40 AM,06:50 AM
17-Apr-23,AAC Plant 2,1,2250-12,BC01 Transmission Case DC,13,Clean Up,10,went over on 4s+D,Casting Process/Equipment,01:45 PM,01:55 PM
17-Apr-23,AAC Plant 2,1,2250-3,908K TAH FWD DC,1,Die Change,0,scheduled change over pulled 300TAH 2 set 908FWD 1,Casting Process/Equipment,05:00 AM,07:00 AM
17-Apr-23,AAC Plant 2,1,2250-5,G298 TA HOUSING AWD DC,7,Condition Check Die,20,discoloration on part no leaks blew out behind golding block,Die Related,09:00 AM,09:20 AM
17-Apr-23,AAC Plant 2,1,500-3,G903 Stator Wheel DC,6,Die Change,20,die change found brass guide for ejector plate,Die Related,08:05 AM,08:25 AM
18-Apr-23,AAC Plant 2,1,2250-11,BC01 Transmission Case DC,11,Condition Check Machine,20,cold shot on parts; found die lube leak on spray robot and busted air lines on spray robot,Casting Process/Equipment,06:00 AM,06:20 AM
18-Apr-23,AAC Plant 2,1,2250-4,984F Crankcase DC,4,Condition Check Die,10,qc request,Die Related,07:25 AM,07:35 AM
19-Apr-23,AAC Plant 2,1,500-3,G903 Stator Wheel DC,8,Condition Check Die,10,cond. chk,Die Related,03:35 PM,03:45 PM
19-Apr-23,AAC Plant 2,1,500-3,G903 Stator Wheel DC,8,Clean Up,7,sched fan chg,Casting Process/Equipment,11:50 AM,11:57 AM
19-Apr-23,AAC Plant 2,2,2250-11,BC01 Transmission Case DC,13,Metal Delivery,30,molten metal alarm; out of metal,Metal Delivery,02:15 AM,02:45 AM
20-Apr-23,AAC Plant 2,1,2250-12,BC01 Transmission Case DC,11,Die Change,120,water leak on sprue core,Die Related,09:10 AM,11:10 AM
20-Apr-23,AAC Plant 2,1,2250-12,BC01 Transmission Case DC,14,Die Change,90,broke pin s/s,Die Related,05:30 AM,07:00 AM
20-Apr-23,AAC Plant 2,1,2250-14,G300 TRANSMISSION CASE DC,10,Metal Delivery,20,out of metal; called melt,Metal Delivery,09:30 AM,09:50 AM
20-Apr-23,AAC Plant 2,1,2250-14,G300 TRANSMISSION CASE DC,10,Metal Delivery,20,out of metal,Metal Delivery,08:15 AM,08:35 AM
20-Apr-23,AAC Plant 2,1,800-1,908K Center Support DC,2,Die Change,105,die chg,Die Related,02:00 PM,03:45 PM
20-Apr-23,AAC Plant 2,2,2250-11,BC01 Transmission Case DC,13,Die Change,95,broke pin s/s,Die Related,07:45 PM,09:20 PM
21-Apr-23,AAC Plant 2,1,2250-7,A467 Adaptor DC,3,Die Change,0,scheduled die change,Die Related,08:45 AM,10:15 AM
21-Apr-23,AAC Plant 2,1,2250-9,881 Oil Pan DC,11,Die Change,110,broke pin ms pulling die,Die Related,05:20 AM,07:10 AM
21-Apr-23,AAC Plant 2,1,2250-9,881 Oil Pan DC,9,Condition Check Die,30,cond check pin on ms not fg,Die Related,01:20 PM,01:50 PM
21-Apr-23,AAC Plant 2,1,500-3,G903 Stator Wheel DC,8,Condition Check Machine,15,cond chck 5,Casting Process/Equipment,12:10 AM,12:25 AM
21-Apr-23,AAC Plant 2,2,2250-10,984F Crankcase DC,5,Die Change,245,die change broke pin,Die Related,07:10 PM,11:15 PM
21-Apr-23,AAC Plant 2,2,800-3,G300 CENTER SUPPORT DC,12,Die Change,55,die change die chip c2,Die Related,03:35 AM,04:30 AM
22-Apr-23,AAC Plant 2,1,500-3,G903 Stator Wheel DC,8,Die Change,30,die change,Die Related,01:30 PM,02:00 PM
22-Apr-23,AAC Plant 2,1,500-3,G903 Stator Wheel DC,8,Condition Check Die,15,cond check,Die Related,10:50 AM,11:05 AM
22-Apr-23,AAC Plant 2,2,800-3,G300 CENTER SUPPORT DC,13,Die Change,90,die cgange powder build up,Die Related,07:00 PM,08:30 PM
22-Apr-23,AAC Plant 2,2,800-3,G300 CENTER SUPPORT DC,13,Condition Check Die,30,cond check,Die Related,06:10 PM,06:40 PM
22-Apr-23,AAC Plant 2,2,800-3,G300 CENTER SUPPORT DC,9,Condition Check Die,168,cond check powder build up,Die Related,09:30 PM,12:18 AM
23-Apr-23,AAC Plant 2,2,800-3,G300 CENTER SUPPORT DC,13,Die Change,90,die change,Die Related,03:00 AM,04:30 AM
24-Apr-23,AAC Plant 2,1,2250-5,G298 TA HOUSING AWD DC,6,Condition Check Die,15,cond check water leak ss,Die Related,03:30 PM,03:45 PM
24-Apr-23,AAC Plant 2,1,800-2,G300 CENTER SUPPORT DC,14,Clean Up,7,p/e powder check,Casting Process/Equipment,11:10 AM,11:17 AM
24-Apr-23,AAC Plant 2,1,800-3,G300 CENTER SUPPORT DC,13,Die Change,30,carry over die change,Die Related,05:15 AM,05:45 AM
24-Apr-23,AAC Plant 2,2,2250-11,BC01 Transmission Case DC,11,Condition Check Die,40,condition check failed leak,Die Related,06:40 PM,07:20 PM
24-Apr-23,AAC Plant 2,2,2250-14,G300 TRANSMISSION CASE DC,10,N/G Tip or Sleeve Change,45,broke bisc tip lube,Casting Process/Equipment,07:25 PM,08:10 PM
24-Apr-23,AAC Plant 2,2,2250-3,908K TAH FWD DC,2,Clean Up,10,over 4s+d,Casting Process/Equipment,10:50 PM,11:00 PM
24-Apr-23,AAC Plant 2,2,2250-8,G300 TA HOUSING FWD DC,4,Metal Delivery,10,hot charge out of metal,Casting Process/Equipment,08:00 PM,08:10 PM
24-Apr-23,AAC Plant 2,2,500-3,G903 Stator Wheel DC,7,N/G Tip or Sleeve Change,40,changing out shot rod,Casting Process/Equipment,11:50 PM,12:30 AM
25-Apr-23,AAC Plant 2,1,2250-2,908K TAH AWD DC,2,Condition Check Die,10,cond check qe req,Die Related,01:40 PM,01:50 PM
25-Apr-23,AAC Plant 2,1,2250-8,G300 TA HOUSING FWD DC,4,Die Change,0,sched die change,Die Related,11:30 AM,12:45 PM
25-Apr-23,AAC Plant 2,1,2250-8,19MY PTO TRANSMISSION CASE DC,4,N/G Tip or Sleeve Change,170,bisc broke shot rod tip ng,Casting Process/Equipment,06:55 AM,09:45 AM
25-Apr-23,AAC Plant 2,1,2250-8,19MY PTO TRANSMISSION CASE DC,4,Die Change,0,scheduled die change,Die Related,03:00 PM,04:30 PM
25-Apr-23,AAC Plant 2,1,2250-8,19MY PTO TRANSMISSION CASE DC,4,N/G Tip or Sleeve Change,-170,,,,
25-Apr-23,AAC Plant 2,1,500-3,G903 Stator Wheel DC,7,Die Change,40,A-cavity not gauging,Die Related,02:05 PM,02:45 PM
25-Apr-23,AAC Plant 2,1,500-3,G903 Stator Wheel DC,8,Die Change,75,a-cavity not gauging,Die Related,03:15 PM,04:30 PM
25-Apr-23,AAC Plant 2,1,800-2,G300 CENTER SUPPORT DC,14,Condition Check Die,7,cond check,Die Related,07:53 AM,08:00 AM
25-Apr-23,AAC Plant 2,1,800-3,G300 CENTER SUPPORT DC,11,Metal Delivery,15,melt cleaninh furnace,Casting Process/Equipment,11:55 AM,12:10 PM
25-Apr-23,AAC Plant 2,2,2250-2,908K TAH FWD DC,2,Condition Check Die,15,cond check die,Die Related,06:45 PM,07:00 PM
25-Apr-23,AAC Plant 2,2,500-3,G903 Stator Wheel DC,8,Other (Indirect),160,engineer working on dcm,Casting Process/Equipment,09:35 AM,12:15 AM
25-Apr-23,AAC Plant 2,2,500-3,G903 Stator Wheel DC,8,Other (Indirect),100,stop call wait a/b cav not spin,Casting Process/Equipment,06:50 PM,08:30 PM
26-Apr-23,AAC Plant 2,1,2250-12,BC01 Transmission Case DC,14,Die Change,80,sprue core cracked,Die Related,08:55 AM,10:15 AM
26-Apr-23,AAC Plant 2,1,2250-2,908K TAH FWD DC,2,Condition Check Die,10,shut down for cond check,Die Related,07:20 AM,07:30 AM
26-Apr-23,AAC Plant 2,1,2250-7,A467 Extension Housing DC,1,Die Change,0,scheduled die change,Die Related,01:00 PM,02:00 PM
26-Apr-23,AAC Plant 2,1,2250-8,19MY PTO TRANSMISSION CASE DC,4,N/G Tip or Sleeve Change,170,bisc broke shot rod tip ng,Casting Process/Equipment,06:55 AM,09:45 AM
26-Apr-23,AAC Plant 2,1,2250-9,881 Oil Pan DC,10,Condition Check Die,15,developer check,Die Related,02:55 PM,03:10 PM
26-Apr-23,AAC Plant 2,1,500-3,G903 Stator Wheel DC,8,Condition Check Die,20,cond check,Die Related,05:25 AM,05:45 AM
26-Apr-23,AAC Plant 2,1,500-3,G903 Stator Wheel DC,8,Condition Check Die,45,cond check,Die Related,01:00 PM,01:45 PM
26-Apr-23,AAC Plant 2,1,500-3,G903 Stator Wheel DC,8,Condition Check Die,15,cond check,Die Related,03:35 PM,03:50 PM
26-Apr-23,AAC Plant 2,1,800-1,908K Center Support DC,2,Condition Check Machine,21,P/E need to get pic,Casting Process/Equipment,10:44 AM,11:05 AM
26-Apr-23,AAC Plant 2,1,800-1,908K Center Support DC,3,Die Change,0,scheduled die change,Die Related,06:35 AM,09:05 AM
26-Apr-23,AAC Plant 2,1,800-2,G300 CENTER SUPPORT DC,14,Condition Check Die,26,cond check,Die Related,06:14 AM,06:40 AM
26-Apr-23,AAC Plant 2,2,2250-12,BC01 Transmission Case DC,12,Die Change,155,die change pulled for repair,Die Related,05:30 PM,08:05 PM
26-Apr-23,AAC Plant 2,2,2250-14,G300 TRANSMISSION CASE DC,10,Metal Delivery,10,molt metal alarm,Casting Process/Equipment,11:50 PM,12:00 AM
27-Apr-23,AAC Plant 2,1,2250-2,908K TAH FWD DC,1,Die Change,0,scheduled die change,Die Related,03:00 AM,05:00 AM
27-Apr-23,AAC Plant 2,1,2250-7,A467 Transmission Housing DC,4,Die Change,0,scheduled die change,Die Related,03:00 PM,05:00 PM
27-Apr-23,AAC Plant 2,1,2250-8,19MY NONPTO TRANSMISSION CASE DC,1,Date Stamp-ID,35,stuck date stamp,Casting Process/Equipment,05:15 AM,05:50 AM
27-Apr-23,AAC Plant 2,1,800-1,908K Center Support DC,2,Die Change,0,scheduled die change,Die Related,03:00 PM,05:00 PM
27-Apr-23,AAC Plant 2,2,2250-14,G300 TRANSMISSION CASE DC,10,Metal Delivery,15,molt metal detect,Casting Process/Equipment,11:20 PM,11:35 PM
28-Apr-23,AAC Plant 2,1,2250-11,BC01 Transmission Case DC,11,Die Change,90,pulling bc01tm11a setting 13c,Die Related,09:30 AM,11:00 AM
28-Apr-23,AAC Plant 2,1,2250-11,BC01 Transmission Case DC,11,Condition Check Die,25,condition check cold shot on parts,Die Related,09:05 AM,09:30 AM
28-Apr-23,AAC Plant 2,1,2250-3,908K TAH FWD DC,1,Metal Delivery,20,metal temp lw,Casting Process/Equipment,09:20 AM,09:40 AM
28-Apr-23,AAC Plant 2,1,2250-4,984F Crankcase DC,5,Die Change,240,carry over from prev shift waiting on die,Die Related,05:00 AM,09:00 AM
28-Apr-23,AAC Plant 2,1,2250-8,19MY PTO TRANSMISSION CASE DC,4,Die Change,0,scheduled die change,Die Related,05:15 AM,06:55 AM
28-Apr-23,AAC Plant 2,1,500-3,G903 Stator Wheel DC,8,Condition Check Die,15,cond check A-cavity not gauging,Die Related,10:35 AM,10:50 AM
28-Apr-23,AAC Plant 2,1,800-2,G300 CENTER SUPPORT DC,14,Die Change,40,put ss back in,Die Related,11:00 AM,11:40 AM
28-Apr-23,AAC Plant 2,1,800-3,G300 CENTER SUPPORT DC,11,Die Change,201,"bisc fall no detect, die change",Die Related,08:19 AM,11:40 AM
1-May-23,AAC Plant 2,1,2250-10,984F Crankcase DC,2,Die Change,0,scheduled die change,Die Related,02:30 PM,04:15 PM
1-May-23,AAC Plant 2,1,2250-11,BC01 Transmission Case DC,11,Die Change,95,cracked sprue core die change,Die Related,10:00 AM,11:35 AM
1-May-23,AAC Plant 2,1,2250-13,G300 TRANSMISSION CASE DC,5,Metal Delivery,60,cold metal,Casting Process/Equipment,07:00 AM,08:00 AM
1-May-23,AAC Plant 2,1,2250-5,G298 TA HOUSING AWD DC,2,Condition Check Die,10,cond check,Die Related,01:30 PM,01:40 PM
1-May-23,AAC Plant 2,1,2250-8,G300 TA HOUSING FWD DC,4,Condition Check Machine,20,condition check,Casting Process/Equipment,10:35 AM,10:55 AM
1-May-23,AAC Plant 2,1,500-3,G903 Stator Wheel DC,8,Condition Check Die,5,condition check a cavity not gauging,Die Related,05:35 AM,05:40 AM
1-May-23,AAC Plant 2,1,800-1,908K Center Support DC,1,Die Change,0,scheduled die change,Die Related,08:00 AM,10:00 AM
1-May-23,AAC Plant 2,1,800-1,908K Center Support DC,2,Clean Up,30,japanese support changing nuts and washers,Casting Process/Equipment,11:00 AM,11:30 AM
1-May-23,AAC Plant 2,1,800-2,G300 CENTER SUPPORT DC,14,Clean Up,38,P/E working on die,Casting Process/Equipment,02:50 PM,03:28 PM
1-May-23,AAC Plant 2,1,800-2,G300 CENTER SUPPORT DC,14,Other (Indirect),14,PE solder test ng chill vent runners,Casting Process/Equipment,02:10 PM,02:24 PM
1-May-23,AAC Plant 2,1,800-3,G300 CENTER SUPPORT DC,12,Date Stamp-ID,8,PE check seal vents,Casting Process/Equipment,03:11 PM,03:19 PM
1-May-23,AAC Plant 2,2,1650-1,"103E Oil Pan, No. 1  DC",2,Condition Check Die,10,cond check part cracking,Die Related,08:15 PM,08:25 PM
1-May-23,AAC Plant 2,2,2250-12,BC01 Transmission Case DC,14,Clean Up,35,busted hyd dq line pin,Casting Process/Equipment,09:10 PM,09:45 PM
1-May-23,AAC Plant 2,2,2250-7,A467 Adaptor DC,3,Die Change,0,scheduled die change,Die Related,02:30 AM,05:00 AM
2-May-23,AAC Plant 2,1,2250-11,BC01 Transmission Case DC,11,Condition Check Die,10,cond check cold shot,Die Related,08:20 AM,08:30 AM
2-May-23,AAC Plant 2,1,2250-3,908K TAH FWD DC,1,N/G Tip or Sleeve Change,70,shot tip leaking,Casting Process/Equipment,07:40 AM,08:50 AM
2-May-23,AAC Plant 2,1,500-3,G903 Stator Wheel DC,8,Condition Check Die,20,cond checlk,Die Related,07:05 AM,07:25 AM
2-May-23,AAC Plant 2,1,500-3,G903 Stator Wheel DC,8,Condition Check Die,90,cond check die change,Die Related,10:55 AM,12:25 PM
2-May-23,AAC Plant 2,1,800-1,908K Center Support DC,2,Ladle-ID,27,pe adjusting ladle,Casting Process/Equipment,10:45 AM,11:12 AM
2-May-23,AAC Plant 2,1,800-3,G300 CENTER SUPPORT DC,12,Condition Check Die,5,cond checl,Die Related,04:25 PM,04:30 PM
2-May-23,AAC Plant 2,2,2250-12,BC01 Transmission Case DC,14,Die Change,0,scheduled die cahnge,Die Related,05:15 PM,10:35 PM
2-May-23,AAC Plant 2,2,800-3,G300 CENTER SUPPORT DC,12,Die Change,110,die change lamination,Die Related,05:30 PM,07:20 PM
2-May-23,AAC Plant 2,2,800-3,G300 CENTER SUPPORT DC,8,Die Change,30,setting ss,Die Related,10:30 AM,11:00 AM
3-May-23,AAC Plant 2,1,2250-10,946F Crankcase DC,9,Clean Up,30,maint working on ladle,Casting Process/Equipment,10:30 AM,11:00 AM
3-May-23,AAC Plant 2,1,2250-11,BC01 Transmission Case DC,11,Condition Check Die,20,cond check,Die Related,05:40 AM,06:00 AM
3-May-23,AAC Plant 2,1,2250-11,BC01 Transmission Case DC,11,Die Change,155,cold shot on parts,Die Related,06:25 AM,09:00 AM
3-May-23,AAC Plant 2,1,2250-8,19MY NONPTO TRANSMISSION CASE DC,1,Condition Check Die,15,cond check,Die Related,11:00 AM,11:15 AM
3-May-23,AAC Plant 2,1,800-3,G300 CENTER SUPPORT DC,8,Date Stamp-ID,15,tonnage fault too low,Casting Process/Equipment,05:15 AM,05:30 AM
3-May-23,AAC Plant 2,2,2250-12,BC01 Transmission Case DC,14,Clean Up,10,cleaned shot end and tip sleeve,Casting Process/Equipment,05:15 PM,05:25 PM
3-May-23,AAC Plant 2,2,2250-2,908K TAH AWD DC,2,Condition Check Die,90,cond check,Die Related,06:45 PM,08:00 PM
3-May-23,AAC Plant 2,2,2250-2,908K TAH AWD DC,2,Condition Check Die,30,cond check,Die Related,11:30 PM,12:00 AM
3-May-23,AAC Plant 2,2,2250-2,908K TAH AWD DC,2,Die Change,225,die change,Die Related,12:00 AM,03:45 AM
3-May-23,AAC Plant 2,2,800-3,G300 CENTER SUPPORT DC,10,Die Change,62,die change,Die Related,07:20 PM,08:22 AM
3-May-23,AAC Plant 2,2,800-3,G300 CENTER SUPPORT DC,8,Die Change,60,die change,Die Related,06:00 PM,07:00 PM
4-May-23,AAC Plant 2,1,2250-10,946F Crankcase DC,9,Die Change,0,sched die change,Die Related,01:00 PM,05:00 PM
4-May-23,AAC Plant 2,1,2250-3,G300 TA HOUSING FWD DC,2,Die Change,0,scheduled die change,Die Related,05:00 AM,06:00 AM
4-May-23,AAC Plant 2,1,2250-3,G300 TA HOUSING FWD DC,2,Condition Check Die,15,cond check,Die Related,09:10 AM,09:25 AM
4-May-23,AAC Plant 2,1,2250-5,G298 TA HOUSING AWD DC,2,Condition Check Die,10,cond check qe req cold shut,Die Related,07:50 AM,08:00 AM
4-May-23,AAC Plant 2,1,2250-5,G298 TA HOUSING AWD DC,7,Condition Check Die,10,cond check qe req,Die Related,01:20 PM,01:30 PM
4-May-23,AAC Plant 2,1,2250-7,A467 Transmission Housing DC,4,Die Change,0,scheduled die change,Die Related,03:00 PM,05:00 PM
4-May-23,AAC Plant 2,1,2250-8,19MY PTO TRANSMISSION CASE DC,4,Die Change,0,sched die change,Die Related,05:15 AM,07:00 AM
4-May-23,AAC Plant 2,1,2250-8,19MY PTO TRANSMISSION CASE DC,4,Clean Up,20,cond check pe,Casting Process/Equipment,01:40 PM,02:00 PM
4-May-23,AAC Plant 2,1,800-3,G300 CENTER SUPPORT DC,13,Die Change,0,scheduled die change,Die Related,08:46 AM,10:30 AM
4-May-23,AAC Plant 2,1,800-3,G300 CENTER SUPPORT DC,9,Die Change,0,sched die change,Die Related,03:40 PM,05:00 PM
4-May-23,AAC Plant 2,2,2250-10,984F Crankcase DC,5,Die Change,180,die change,Die Related,02:00 AM,05:00 AM
4-May-23,AAC Plant 2,2,2250-10,984F Crankcase DC,5,Condition Check Die,50,cond check drag mark,Die Related,12:50 AM,01:40 AM
4-May-23,AAC Plant 2,2,2250-11,BC01 Transmission Case DC,11,Condition Check Die,20,cond check cracked rib,Die Related,02:45 AM,03:05 AM
4-May-23,AAC Plant 2,2,2250-6,946F Crankcase DC,14,Clean Up,10,starting other machines,Casting Process/Equipment,05:15 PM,05:25 PM
5-May-23,AAC Plant 2,1,2250-3,G300 TA HOUSING FWD DC,2,Condition Check Die,10,cond check,Die Related,09:05 AM,09:15 AM
5-May-23,AAC Plant 2,1,2250-5,G298 TA HOUSING AWD DC,7,Condition Check Die,15,developer checkl,Die Related,10:30 AM,10:45 AM
5-May-23,AAC Plant 2,1,2250-7,881 Oil Pan DC,5,Condition Check Die,10,cond check lamination,Die Related,12:45 PM,12:55 PM
5-May-23,AAC Plant 2,1,2250-7,881 Oil Pan DC,5,Condition Check Die,15,lamination on parts,Die Related,08:45 AM,09:00 AM
5-May-23,AAC Plant 2,1,2250-8,19MY PTO TRANSMISSION CASE DC,4,Die Change,0,scheduled die change,Die Related,03:00 PM,05:00 PM
5-May-23,AAC Plant 2,1,2250-9,881 Oil Pan DC,10,Condition Check Die,25,cond check ms pins,Die Related,08:55 AM,09:20 AM
5-May-23,AAC Plant 2,1,500-3,G903 Stator Wheel DC,8,Condition Check Die,10,cond check,Die Related,08:35 AM,08:45 AM
5-May-23,AAC Plant 2,1,500-3,G903 Stator Wheel DC,8,Die Change,27,cold metal,Die Related,09:45 AM,10:12 AM
5-May-23,AAC Plant 2,1,500-3,G903 Stator Wheel DC,8,Condition Check Die,10,thick flash,Die Related,12:50 PM,01:00 PM
5-May-23,AAC Plant 2,1,800-1,908K Center Support DC,2,Condition Check Die,17,cond check sprue bushing,Die Related,06:48 AM,07:05 AM
5-May-23,AAC Plant 2,1,800-2,G300 CENTER SUPPORT DC,14,Condition Check Machine,6,cond check,Casting Process/Equipment,05:55 AM,06:01 AM
5-May-23,AAC Plant 2,2,2250-11,BC01 Transmission Case DC,11,Die Change,75,die change sprue core leaking,Die Related,08:00 PM,09:15 PM
5-May-23,AAC Plant 2,2,2250-11,BC01 Transmission Case DC,11,Condition Check Die,10,cond check,Die Related,06:40 PM,06:50 PM
5-May-23,AAC Plant 2,2,2250-3,G300 TA HOUSING FWD DC,4,Die Change,0,scheduled die change leak on c4,Die Related,05:15 PM,07:30 PM
5-May-23,AAC Plant 2,2,2250-7,881 Oil Pan DC,5,Condition Check Die,10,cond check lamination,Die Related,06:10 PM,06:20 PM
5-May-23,AAC Plant 2,2,2250-7,881 Oil Pan DC,5,Condition Check Die,35,cond check lamination,Die Related,06:45 PM,07:20 PM
6-May-23,AAC Plant 2,1,2250-9,881 Oil Pan DC,10,Metal Delivery,20,molt metal alarm,Casting Process/Equipment,02:05 PM,02:25 PM
8-May-23,AAC Plant 2,1,2250-11,BC01 Transmission Case DC,13,Condition Check Die,10,cond check,Die Related,08:10 AM,08:20 AM
8-May-23,AAC Plant 2,1,2250-11,BC01 Transmission Case DC,13,Die Change,45,die change to 11 a,Die Related,01:20 PM,02:05 PM
8-May-23,AAC Plant 2,1,2250-13,G300 TRANSMISSION CASE DC,5,Metal Delivery,30,cold metal,Casting Process/Equipment,07:30 AM,08:00 AM
8-May-23,AAC Plant 2,1,2250-4,984F Crankcase DC,4,Condition Check Die,10,cond check,Die Related,07:00 AM,07:10 AM
8-May-23,AAC Plant 2,1,2250-5,G298 TA HOUSING AWD DC,6,Metal Delivery,80,metal temp low,Casting Process/Equipment,12:00 PM,01:20 PM
8-May-23,AAC Plant 2,1,2250-6,946F Crankcase DC,9,Clean Up,0,die change during 4s+d,Die Related,10:50 AM,11:50 AM
8-May-23,AAC Plant 2,1,2250-6,946F Crankcase DC,9,Condition Check Die,20,cond check cold shot on parts,Die Related,10:30 AM,10:50 AM
8-May-23,AAC Plant 2,1,2250-7,881 Oil Pan DC,5,Die Change,0,scheduled die change,Die Related,10:15 AM,11:30 AM
8-May-23,AAC Plant 2,2,2250-8,G300 TA HOUSING FWD DC,3,Clean Up,60,carry over from 1st die change,Casting Process/Equipment,05:15 PM,06:15 PM
9-May-23,AAC Plant 2,1,2250-10,984F Crankcase DC,2,Condition Check Die,20,cond checl,Die Related,11:50 AM,12:10 PM
9-May-23,AAC Plant 2,1,2250-4,984F Crankcase DC,4,Condition Check Die,10,cond check,Die Related,05:30 AM,05:40 AM
9-May-23,AAC Plant 2,1,2250-6,946F Crankcase DC,14,Condition Check Die,20,codn check cold shot,Die Related,12:20 PM,12:40 PM
9-May-23,AAC Plant 2,1,2250-7,A467 Adaptor DC,3,Die Change,0,scheduled die cahnge,Die Related,02:50 PM,05:00 PM
9-May-23,AAC Plant 2,2,1650-1,"103E Oil Pan, No. 1  DC",3,Ladle-ID,20,ulr fault,Casting Process/Equipment,08:10 PM,08:30 PM
9-May-23,AAC Plant 2,2,2250-9,881 Oil Pan DC,11,Metal Delivery,10,ladle fault,Casting Process/Equipment,08:20 PM,08:30 PM
9-May-23,AAC Plant 2,2,2250-9,881 Oil Pan DC,11,Die Change,75,die change leaking cool pin ms main core,Die Related,12:50 AM,02:05 AM
10-May-23,AAC Plant 2,1,2250-5,G298 TA HOUSING AWD DC,6,Condition Check Die,10,cond check qe check,Die Related,07:35 AM,07:45 AM
10-May-23,AAC Plant 2,1,2250-5,G298 TA HOUSING AWD DC,6,Metal Delivery,110,metal temp low,Casting Process/Equipment,11:50 AM,01:00 PM
10-May-23,AAC Plant 2,1,2250-8,19MY PTO TRANSMISSION CASE DC,4,Die Change,0,scheduled die change,Die Related,05:00 AM,07:00 AM
10-May-23,AAC Plant 2,1,500-3,G903 Stator Wheel DC,8,Condition Check Die,35,cond check,Die Related,09:45 AM,10:20 AM
10-May-23,AAC Plant 2,1,500-3,G903 Stator Wheel DC,8,Condition Check Die,10,condition check parts not gauging,Die Related,06:45 AM,06:55 AM
10-May-23,AAC Plant 2,1,800-1,908K Center Support DC,2,Condition Check Die,22,e-polish,Die Related,08:54 AM,09:16 AM
10-May-23,AAC Plant 2,2,2250-13,G300 TRANSMISSION CASE DC,5,Metal Delivery,10,molt metal,Casting Process/Equipment,10:10 PM,10:20 PM
10-May-23,AAC Plant 2,2,2250-6,946F Crankcase DC,8,Clean Up,65,carry over maint working on conveyor,Casting Process/Equipment,05:15 PM,06:20 PM
10-May-23,AAC Plant 2,2,2250-7,A467 Transmission Housing DC,4,Clean Up,0,scheduled die change,Casting Process/Equipment,03:00 AM,05:00 AM
11-May-23,AAC Plant 2,1,1650-1,"103E Oil Pan, No. 1  DC",3,Condition Check Machine,45,shaker,Die Related,11:50 AM,12:35 PM
11-May-23,AAC Plant 2,1,2250-10,984F Crankcase DC,5,Metal Delivery,25,cold metal,Casting Process/Equipment,04:20 PM,04:45 PM
11-May-23,AAC Plant 2,1,2250-2,908K TAH AWD DC,3,Metal Delivery,15,metal low alarm,Casting Process/Equipment,11:30 AM,11:45 AM
11-May-23,AAC Plant 2,1,2250-3,G300 TA HOUSING FWD DC,4,Die Change,0,sched die change,Die Related,05:00 AM,07:15 AM
11-May-23,AAC Plant 2,1,2250-9,881 Oil Pan DC,5,Condition Check Die,0,scheduled die change,Die Related,01:20 PM,03:00 PM
11-May-23,AAC Plant 2,1,2250-9,881 Oil Pan DC,5,Condition Check Die,15,cond checlk,Die Related,07:50 AM,08:05 AM
11-May-23,AAC Plant 2,2,2250-10,984F Crankcase DC,5,Die Change,75,die change sprue core,Die Related,08:15 PM,09:30 PM
11-May-23,AAC Plant 2,2,2250-14,G300 TRANSMISSION CASE DC,10,Condition Check Die,20,cond check cold shot,Die Related,09:35 PM,09:55 PM
11-May-23,AAC Plant 2,2,2250-14,G300 TRANSMISSION CASE DC,10,Die Change,95,die change cracked core pin ms main,Die Related,09:50 PM,11:25 PM
11-May-23,AAC Plant 2,2,2250-3,G300 TA HOUSING FWD DC,4,Die Change,55,die change auto exchange,Die Related,07:50 PM,08:45 PM
11-May-23,AAC Plant 2,2,2250-6,946F Crankcase DC,8,Clean Up,155,cartry over flash thru vac,Casting Process/Equipment,05:15 PM,07:50 PM
11-May-23,AAC Plant 2,2,800-1,908K Center Support DC,2,Die Change,60,die change,Die Related,08:30 PM,09:30 PM
11-May-23,AAC Plant 2,2,800-2,G300 CENTER SUPPORT DC,13,Die Change,60,die change,Die Related,07:00 AM,08:00 AM
11-May-23,AAC Plant 2,2,800-2,G300 CENTER SUPPORT DC,14,Die Change,60,die change,Die Related,05:30 PM,06:30 PM
12-May-23,AAC Plant 2,1,2250-3,G300 TA HOUSING FWD DC,2,Die Change,0,scheduled die change,Die Related,10:30 AM,11:45 AM
12-May-23,AAC Plant 2,1,2250-8,19MY NONPTO TRANSMISSION CASE DC,1,Die Change,0,scheduled die change,Die Related,02:40 PM,05:00 PM
12-May-23,AAC Plant 2,1,800-2,G300 CENTER SUPPORT DC,12,Die Change,219,die change die chip,Die Related,12:51 PM,04:30 PM
12-May-23,AAC Plant 2,2,2250-10,984F Crankcase DC,2,Die Change,185,die change,Die Related,10:35 AM,01:40 AM
12-May-23,AAC Plant 2,2,2250-9,881 Oil Pan DC,11,Metal Delivery,15,ladle arm fault out of metal,Casting Process/Equipment,02:55 AM,03:10 AM
12-May-23,AAC Plant 2,2,500-3,G903 Stator Wheel DC,8,Condition Check Die,20,condition check,Die Related,10:40 PM,11:00 PM
15-May-23,AAC Plant 2,1,2250-11,BC01 Transmission Case DC,11,Condition Check Die,20,cond check cold shot,Die Related,07:30 AM,07:50 AM
15-May-23,AAC Plant 2,1,2250-12,BC01 Transmission Case DC,14,Condition Check Die,20,cond check cold shot on parts,Die Related,04:10 PM,04:30 PM
15-May-23,AAC Plant 2,1,2250-8,G300 TA HOUSING FWD DC,3,Die Change,0,sched die change,Die Related,05:30 AM,08:30 AM
15-May-23,AAC Plant 2,1,2250-8,G300 TA HOUSING FWD DC,3,Condition Check Die,40,developer check e-polish,Die Related,10:30 AM,11:10 AM
15-May-23,AAC Plant 2,1,500-3,G903 Stator Wheel DC,6,Condition Check Die,36,cond check cleaned die face,Die Related,02:40 PM,03:16 PM
15-May-23,AAC Plant 2,1,500-3,G903 Stator Wheel DC,6,Date Stamp-ID,5,shot monitoring big bisc,Casting Process/Equipment,09:50 AM,09:55 AM
15-May-23,AAC Plant 2,1,500-3,G903 Stator Wheel DC,6,Date Stamp-ID,5,started up die,Casting Process/Equipment,08:25 AM,08:30 AM
15-May-23,AAC Plant 2,1,500-3,G903 Stator Wheel DC,6,Date Stamp-ID,10,shot monitoring,Casting Process/Equipment,08:50 AM,09:00 AM
15-May-23,AAC Plant 2,1,500-3,G903 Stator Wheel DC,8,Die Change,35,cavity damage die change,Die Related,07:50 AM,08:25 AM
15-May-23,AAC Plant 2,2,2250-10,946F Crankcase DC,14,Metal Delivery,160,metal issues furnace 4 too low,Casting Process/Equipment,10:50 PM,01:30 AM
15-May-23,AAC Plant 2,2,2250-11,BC01 Transmission Case DC,11,Die Change,115,die change broke insertr mc,Die Related,11:00 PM,12:55 AM
15-May-23,AAC Plant 2,2,2250-12,BC01 Transmission Case DC,14,Metal Delivery,155,metal issues,Casting Process/Equipment,11:30 PM,02:05 AM
15-May-23,AAC Plant 2,2,2250-2,908K TAH AWD DC,3,Metal Delivery,160,metal issues,Casting Process/Equipment,10:50 PM,01:30 AM
15-May-23,AAC Plant 2,2,2250-4,984F Crankcase DC,4,Metal Delivery,160,metal issues,Casting Process/Equipment,10:50 PM,01:30 AM
15-May-23,AAC Plant 2,2,2250-6,946F Crankcase DC,8,Metal Delivery,160,metal issues,Casting Process/Equipment,10:50 PM,01:30 AM
15-May-23,AAC Plant 2,2,2250-7,A467 Transmission Housing DC,4,Metal Delivery,200,shut down metal issues,Casting Process/Equipment,10:10 PM,01:30 AM
15-May-23,AAC Plant 2,2,500-3,G903 Stator Wheel DC,6,Condition Check Die,70,fit check die,Die Related,05:15 PM,06:25 PM
16-May-23,AAC Plant 2,1,2250-1,946F Crankcase DC,7,Die Change,0,scheduled die change,Die Related,02:30 PM,03:30 PM
16-May-23,AAC Plant 2,1,2250-1,946F Crankcase DC,7,Condition Check Die,10,cond check quality req,Die Related,06:45 AM,06:55 AM
16-May-23,AAC Plant 2,1,2250-10,946F Crankcase DC,14,Condition Check Die,15,cond checl,Die Related,10:10 AM,10:25 AM
16-May-23,AAC Plant 2,1,2250-10,946F Crankcase DC,14,Condition Check Die,25,cond check cold shot,Die Related,06:45 AM,07:10 AM
16-May-23,AAC Plant 2,1,2250-11,BC01 Transmission Case DC,13,Condition Check Die,15,cond check,Die Related,08:15 AM,08:30 AM
16-May-23,AAC Plant 2,1,2250-6,946F Crankcase DC,8,Condition Check Die,20,cond check discoloration hyd leak,Die Related,01:15 PM,01:35 PM
16-May-23,AAC Plant 2,1,2250-8,G300 TA HOUSING FWD DC,3,Condition Check Die,10,cond chekc,Die Related,08:30 AM,08:40 AM
16-May-23,AAC Plant 2,1,2250-9,881 Oil Pan DC,11,Condition Check Die,15,cond check qc,Die Related,06:25 AM,06:40 AM
16-May-23,AAC Plant 2,1,500-3,G903 Stator Wheel DC,6,Die Change,0,scheduled die change,Die Related,07:50 AM,08:34 AM
16-May-23,AAC Plant 2,1,500-3,G903 Stator Wheel DC,8,N/G Tip or Sleeve Change,50,change shot rod and tip,Casting Process/Equipment,10:00 AM,10:50 AM
16-May-23,AAC Plant 2,2,2250-11,BC01 Transmission Case DC,13,Condition Check Die,10,cond check heavy water damage at galling,Die Related,06:50 PM,07:00 PM
16-May-23,AAC Plant 2,2,2250-14,G300 TRANSMISSION CASE DC,6,Metal Delivery,20,molt metal alaarm,Casting Process/Equipment,07:50 PM,08:10 PM
16-May-23,AAC Plant 2,2,2250-8,G300 TA HOUSING FWD DC,3,Clean Up,35,carry over from 4s+d,Casting Process/Equipment,11:35 PM,12:10 AM
17-May-23,AAC Plant 2,1,2250-2,908K TAH FWD DC,1,Die Change,105,carry over  die change,Die Related,05:00 AM,06:45 AM
17-May-23,AAC Plant 2,1,2250-2,908K TAH FWD DC,1,Die Change,-105,,,,
17-May-23,AAC Plant 2,1,2250-2,908K TAH AWD DC,3,Other (Indirect),15,over start,Casting Process/Equipment,05:15 AM,05:30 AM
17-May-23,AAC Plant 2,1,2250-3,908K TAH FWD DC,1,Die Change,105,carry over die change,Die Related,05:00 AM,06:45 AM
17-May-23,AAC Plant 2,1,2250-9,881 Oil Pan DC,11,Metal Delivery,10,out of metal,Casting Process/Equipment,05:50 AM,06:00 AM
17-May-23,AAC Plant 2,2,2250-1,946F Crankcase DC,13,Date Stamp-ID,45,carry over wrong month stamp,Casting Process/Equipment,05:20 PM,06:05 PM
17-May-23,AAC Plant 2,2,2250-11,BC01 Transmission Case DC,13,Die Change,80,die change,Die Related,08:15 PM,09:35 PM
17-May-23,AAC Plant 2,2,2250-12,BC01 Transmission Case DC,14,Clean Up,100,4s+d per supe,Casting Process/Equipment,09:50 PM,11:30 PM
17-May-23,AAC Plant 2,2,2250-5,G298 TA HOUSING AWD DC,5,Metal Delivery,10,no metal,Casting Process/Equipment,08:45 PM,08:55 PM
17-May-23,AAC Plant 2,2,2250-9,881 Oil Pan DC,11,Metal Delivery,10,ladle arm fault,Casting Process/Equipment,11:50 PM,12:00 AM
18-May-23,AAC Plant 2,1,2250-11,BC01 Transmission Case DC,13,Metal Delivery,20,out of metal,Casting Process/Equipment,09:15 AM,09:35 AM
18-May-23,AAC Plant 2,1,2250-11,BC01 Transmission Case DC,13,Metal Delivery,15,out of metal,Casting Process/Equipment,03:00 PM,03:15 PM
18-May-23,AAC Plant 2,1,2250-14,G300 TRANSMISSION CASE DC,6,Metal Delivery,10,out of metal,Casting Process/Equipment,02:25 PM,02:35 PM
18-May-23,AAC Plant 2,1,2250-2,908K TAH AWD DC,2,Condition Check Die,10,cond check,Die Related,01:50 AM,02:00 AM
18-May-23,AAC Plant 2,1,2250-2,908K TAH AWD DC,2,Metal Delivery,80,no metal,Casting Process/Equipment,11:00 AM,12:20 PM
18-May-23,AAC Plant 2,1,2250-2,908K TAH AWD DC,3,Condition Check Die,20,condition check ng,Die Related,07:40 AM,08:00 AM
18-May-23,AAC Plant 2,1,2250-7,A467 Extension Housing DC,1,Die Change,0,scheduled die change,Die Related,05:15 AM,07:15 AM
18-May-23,AAC Plant 2,1,2250-8,G300 TA HOUSING FWD DC,3,Condition Check Die,60,condition check e-polish,Die Related,01:10 PM,02:10 PM
18-May-23,AAC Plant 2,2,1650-1,"103E Oil Pan, No. 1  DC",1,Metal Delivery,15,main shaker,Casting Process/Equipment,11:30 PM,11:45 PM
18-May-23,AAC Plant 2,2,2250-11,BC01 Transmission Case DC,13,Metal Delivery,70,main shaker down,Casting Process/Equipment,10:45 PM,11:55 PM
18-May-23,AAC Plant 2,2,2250-12,BC01 Transmission Case DC,14,Metal Delivery,20,main shaker down maint repairing,Casting Process/Equipment,11:30 PM,11:50 PM
18-May-23,AAC Plant 2,2,2250-13,G300 TRANSMISSION CASE DC,9,Metal Delivery,20,molten metal low alarm,Casting Process/Equipment,01:55 AM,02:15 AM
18-May-23,AAC Plant 2,2,2250-14,G300 TRANSMISSION CASE DC,6,Metal Delivery,15,low metal alarm,Casting Process/Equipment,03:00 AM,03:15 AM
18-May-23,AAC Plant 2,2,2250-14,G300 TRANSMISSION CASE DC,6,Metal Delivery,15,molt metal alarm,Casting Process/Equipment,03:45 AM,04:00 AM
18-May-23,AAC Plant 2,2,2250-3,908K TAH FWD DC,1,Metal Delivery,45,main shaker down,Casting Process/Equipment,10:40 PM,11:25 PM
18-May-23,AAC Plant 2,2,2250-5,G298 TA HOUSING AWD DC,5,Other (Indirect),10,main shaker down,Casting Process/Equipment,11:30 AM,11:40 AM
18-May-23,AAC Plant 2,2,2250-6,946F Crankcase DC,8,Other (Indirect),15,main shaker issues,Casting Process/Equipment,11:30 PM,11:45 PM
18-May-23,AAC Plant 2,2,2250-7,A467 Extension Housing DC,1,Other (Indirect),60,main shaker issues,Casting Process/Equipment,10:50 PM,11:50 PM
18-May-23,AAC Plant 2,2,2250-8,G300 TA HOUSING FWD DC,3,Metal Delivery,25,main shaker down,Casting Process/Equipment,11:30 PM,11:55 PM
18-May-23,AAC Plant 2,2,2250-9,881 Oil Pan DC,11,Metal Delivery,25,main shaker down,Casting Process/Equipment,11:30 AM,11:55 AM
19-May-23,AAC Plant 2,1,2250-12,BC01 Transmission Case DC,14,Condition Check Die,10,cobd check,Die Related,09:25 AM,09:35 AM
19-May-23,AAC Plant 2,1,2250-8,G300 TA HOUSING FWD DC,3,Die Change,0,scheduled die change,Die Related,09:40 AM,12:10 PM
19-May-23,AAC Plant 2,1,500-3,G903 Stator Wheel DC,8,Condition Check Die,15,cond check,Die Related,09:35 AM,09:50 AM
19-May-23,AAC Plant 2,1,800-2,G300 CENTER SUPPORT DC,10,Die Change,18,stuck part water leak,Die Related,02:42 PM,03:00 PM
19-May-23,AAC Plant 2,2,2250-14,G300 TRANSMISSION CASE DC,10,Metal Delivery,30,molt metal alarm,Casting Process/Equipment,06:45 PM,07:15 PM
19-May-23,AAC Plant 2,2,2250-3,G300 TA HOUSING FWD DC,2,Die Change,0,scheduled die change,Die Related,05:15 PM,06:10 PM
19-May-23,AAC Plant 2,2,2250-8,19MY PTO TRANSMISSION CASE DC,4,Metal Delivery,45,hot charge and ladle fault out of metal,Casting Process/Equipment,12:45 AM,01:30 AM
19-May-23,AAC Plant 2,2,2250-9,881 Oil Pan DC,11,Condition Check Die,15,cond check shrinkage,Die Related,01:25 AM,01:40 AM
19-May-23,AAC Plant 2,2,2250-9,881 Oil Pan DC,11,Condition Check Die,20,cond check,Die Related,11:55 PM,12:15 AM
19-May-23,AAC Plant 2,2,2250-9,881 Oil Pan DC,11,Condition Check Die,35,cond check,Die Related,12:30 AM,01:05 AM
20-May-23,AAC Plant 2,1,2250-4,984F Crankcase DC,1,Clean Up,10,bisc broke,Casting Process/Equipment,11:35 AM,11:45 AM
20-May-23,AAC Plant 2,2,2250-8,19MY PTO TRANSMISSION CASE DC,4,Die Change,20,carry over 4s+d,Die Related,10:40 PM,11:00 PM
20-May-23,AAC Plant 2,2,2250-8,19MY PTO TRANSMISSION CASE DC,4,Die Change,0,sched die change,Die Related,03:00 AM,04:00 AM
22-May-23,AAC Plant 2,1,2250-13,G300 TRANSMISSION CASE DC,9,Die Change,0,sched die change,Die Related,05:30 AM,06:00 AM
22-May-23,AAC Plant 2,1,2250-3,908K TAH FWD DC,1,Die Change,0,scheduled die change,Die Related,05:00 AM,07:10 AM
22-May-23,AAC Plant 2,1,2250-8,19MY NONPTO TRANSMISSION CASE DC,1,Condition Check Die,15,developer check no leaks,Die Related,10:55 AM,11:05 AM
22-May-23,AAC Plant 2,1,500-3,G903 Stator Wheel DC,8,Condition Check Die,10,cond check,Die Related,09:15 AM,09:25 AM
22-May-23,AAC Plant 2,2,2250-10,946F Crankcase DC,11,Metal Delivery,165,shut down metal issues,Casting Process/Equipment,01:30 AM,04:15 AM
22-May-23,AAC Plant 2,2,2250-13,G300 TRANSMISSION CASE DC,6,Metal Delivery,150,metal delivery,Casting Process/Equipment,01:30 AM,04:00 AM
22-May-23,AAC Plant 2,2,2250-14,G300 TRANSMISSION CASE DC,5,Metal Delivery,30,metal delivery out,Casting Process/Equipment,01:30 AM,02:00 AM
22-May-23,AAC Plant 2,2,2250-9,881 Oil Pan DC,11,Clean Up,165,shut down metal issues,Casting Process/Equipment,01:30 AM,04:15 AM
22-May-23,AAC Plant 2,2,2250-9,881 Oil Pan DC,11,Clean Up,70,die chip chunk out,Casting Process/Equipment,06:30 PM,07:40 PM
23-May-23,AAC Plant 2,1,2250-10,946F Crankcase DC,11,Metal Delivery,90,cold metal,Casting Process/Equipment,01:10 PM,02:40 PM
23-May-23,AAC Plant 2,1,2250-10,946F Crankcase DC,11,Metal Delivery,60,cold metal,Casting Process/Equipment,07:30 AM,08:30 AM
23-May-23,AAC Plant 2,1,2250-13,G300 TRANSMISSION CASE DC,6,Metal Delivery,20,out of metal,Casting Process/Equipment,06:55 AM,07:15 AM
23-May-23,AAC Plant 2,1,2250-5,G298 TA HOUSING AWD DC,5,Other (Indirect),40,carry over,Casting Process/Equipment,11:30 AM,12:10 PM
23-May-23,AAC Plant 2,1,2250-9,881 Oil Pan DC,11,Date Stamp-ID,5,wrong date stamp,Casting Process/Equipment,05:25 AM,05:30 AM
23-May-23,AAC Plant 2,1,500-3,G903 Stator Wheel DC,8,Condition Check Die,10,cond check,Die Related,10:00 AM,10:10 AM
23-May-23,AAC Plant 2,2,2250-11,BC01 Transmission Case DC,13,Die Change,85,die change,Die Related,05:15 PM,06:40 PM
23-May-23,AAC Plant 2,2,2250-8,19MY NONPTO TRANSMISSION CASE DC,1,Die Change,0,scheduled die change,Die Related,05:15 PM,06:55 PM
23-May-23,AAC Plant 2,2,2250-9,881 Oil Pan DC,11,Metal Delivery,15,ladle arm fault out of metal,Casting Process/Equipment,09:00 AM,09:15 AM
23-May-23,AAC Plant 2,2,500-3,G903 Stator Wheel DC,8,Condition Check Die,15,cond check,Die Related,09:00 PM,09:15 PM
24-May-23,AAC Plant 2,1,2250-1,19MY NONPTO TRANSMISSION CASE DC,1,Die Change,0,scheduled die change,Die Related,03:00 PM,05:00 PM
24-May-23,AAC Plant 2,1,2250-1,19MY NONPTO TRANSMISSION CASE DC,1,Date Stamp-ID,60,date stamp stuck,Casting Process/Equipment,05:45 AM,06:45 AM
24-May-23,AAC Plant 2,1,2250-1,19MY NONPTO TRANSMISSION CASE DC,1,Date Stamp-ID,-60,,,,
24-May-23,AAC Plant 2,1,2250-10,946F Crankcase DC,11,Date Stamp-ID,55,date stampstuck,Casting Process/Equipment,05:15 AM,06:10 AM
24-May-23,AAC Plant 2,1,2250-3,908K TAH FWD DC,1,Metal Delivery,45,metal temp low,Casting Process/Equipment,05:15 AM,06:00 AM
24-May-23,AAC Plant 2,1,2250-6,946F Crankcase DC,14,Condition Check Die,10,cond check qc req,Die Related,08:15 AM,08:25 AM
24-May-23,AAC Plant 2,1,2250-8,19MY NONPTO TRANSMISSION CASE DC,1,Date Stamp-ID,60,date stuck,Casting Process/Equipment,05:45 AM,06:45 AM
24-May-23,AAC Plant 2,1,500-2,B700 V6 Stator Wheel DC,9,Metal Delivery,15, furnace low,Casting Process/Equipment,06:45 AM,07:00 AM
24-May-23,AAC Plant 2,1,500-3,G903 Stator Wheel DC,7,Die Change,90,stop call wait die change to 8,Die Related,11:50 AM,01:20 PM
24-May-23,AAC Plant 2,1,500-3,G903 Stator Wheel DC,8,Die Change,0,scheduled die change,Die Related,10:15 AM,11:15 AM
24-May-23,AAC Plant 2,1,500-3,G903 Stator Wheel DC,8,Condition Check Die,15,cond check outer band thickness,Die Related,08:15 AM,08:30 AM
24-May-23,AAC Plant 2,1,500-3,G903 Stator Wheel DC,8,Condition Check Die,15,cond check balance ng,Die Related,05:45 AM,06:00 AM
24-May-23,AAC Plant 2,1,500-3,G903 Stator Wheel DC,8,Date Stamp-ID,60,trim press polishing,Casting Process/Equipment,02:04 PM,03:04 PM
24-May-23,AAC Plant 2,1,800-1,908K Center Support DC,2,Condition Check Die,27,e-polish,Die Related,06:38 AM,07:05 AM
24-May-23,AAC Plant 2,2,2250-13,G300 TRANSMISSION CASE DC,5,Metal Delivery,20,molten metal alarm,Casting Process/Equipment,05:40 PM,06:00 PM
24-May-23,AAC Plant 2,2,2250-5,G298 TA HOUSING AWD DC,7,Condition Check Die,15,shut down oil on c3 bolt boss,Die Related,04:15 AM,04:30 AM
24-May-23,AAC Plant 2,2,2250-7,A467 Transmission Housing DC,4,Metal Delivery,60,carry over 4s+d,Casting Process/Equipment,08:35 PM,09:35 PM
24-May-23,AAC Plant 2,2,2250-8,19MY PTO TRANSMISSION CASE DC,4,Die Change,0,scheduled die cahnge,Die Related,05:15 PM,05:50 PM
25-May-23,AAC Plant 2,1,2250-10,946F Crankcase DC,11,Metal Delivery,40,metal temp low,Casting Process/Equipment,08:20 AM,09:00 AM
25-May-23,AAC Plant 2,1,2250-13,G300 TRANSMISSION CASE DC,6,Metal Delivery,20,out of metal,Casting Process/Equipment,09:55 AM,10:15 AM
25-May-23,AAC Plant 2,1,2250-7,A467 Transmission Housing DC,4,Die Change,0,scheduled die change,Die Related,12:30 PM,02:00 PM
25-May-23,AAC Plant 2,1,500-3,G903 Stator Wheel DC,8,Condition Check Die,10,cond check,Die Related,03:40 PM,03:50 PM
25-May-23,AAC Plant 2,1,500-3,G903 Stator Wheel DC,8,Condition Check Die,20,condition check,Die Related,08:10 AM,08:30 AM
25-May-23,AAC Plant 2,1,800-1,908K Center Support DC,2,Die Change,0,scheduled die change,Die Related,03:00 PM,04:30 PM
25-May-23,AAC Plant 2,2,2250-1,946F Crankcase DC,13,Clean Up,60,over 4s+d,Casting Process/Equipment,09:25 PM,10:25 PM
25-May-23,AAC Plant 2,2,2250-1,946F Crankcase DC,13,Metal Delivery,155,melt issues,Casting Process/Equipment,10:25 PM,01:00 AM
25-May-23,AAC Plant 2,2,2250-10,946F Crankcase DC,11,Metal Delivery,155,metal issues,Casting Process/Equipment,10:25 PM,01:00 AM
25-May-23,AAC Plant 2,2,2250-10,946F Crankcase DC,11,Clean Up,60,over 4s+d,Casting Process/Equipment,09:25 AM,10:25 AM
25-May-23,AAC Plant 2,2,2250-2,908K TAH AWD DC,2,Clean Up,60,over 4s+d,Casting Process/Equipment,09:25 PM,10:25 PM
25-May-23,AAC Plant 2,2,2250-2,908K TAH AWD DC,2,Metal Delivery,150,metal issues,Casting Process/Equipment,10:25 PM,12:55 AM
25-May-23,AAC Plant 2,2,2250-3,908K TAH FWD DC,2,Ladle-ID,25,ladle fault no metal,Casting Process/Equipment,04:20 AM,04:45 AM
25-May-23,AAC Plant 2,2,2250-4,984F Crankcase DC,1,Clean Up,60,over 4s+d,Casting Process/Equipment,09:20 PM,10:20 PM
25-May-23,AAC Plant 2,2,2250-4,984F Crankcase DC,1,Metal Delivery,150,metal issues,Casting Process/Equipment,10:20 PM,12:50 AM
25-May-23,AAC Plant 2,2,2250-7,A467 Adaptor DC,3,Clean Up,60,over 4s+d,Casting Process/Equipment,09:20 PM,10:20 PM
25-May-23,AAC Plant 2,2,2250-7,A467 Adaptor DC,3,Metal Delivery,160,metal issues,Casting Process/Equipment,10:20 PM,01:00 AM
25-May-23,AAC Plant 2,2,2250-8,19MY PTO TRANSMISSION CASE DC,4,Clean Up,30,carry over from 4s+d,Casting Process/Equipment,10:45 PM,11:15 PM
25-May-23,AAC Plant 2,2,2250-8,19MY PTO TRANSMISSION CASE DC,4,Condition Check Die,10,shut down qc rq,Die Related,08:30 PM,08:40 AM
25-May-23,AAC Plant 2,2,2250-8,19MY PTO TRANSMISSION CASE DC,4,Die Change,0,scheduled die change,Die Related,12:40 AM,02:40 AM
25-May-23,AAC Plant 2,2,800-1,908K Center Support DC,1,Condition Check Die,12,conditon check ng span,Die Related,12:20 AM,12:32 AM
25-May-23,AAC Plant 2,2,800-1,908K Center Support DC,1,Condition Check Die,5,condition check water on the floor,Die Related,09:13 PM,09:18 PM
26-May-23,AAC Plant 2,1,2250-12,BC01 Transmission Case DC,13,Die Change,0,die change,Die Related,05:00 AM,06:00 AM
26-May-23,AAC Plant 2,1,2250-7,A467 Adaptor DC,3,Die Change,0,scheduled die change,Die Related,12:45 PM,02:00 PM
26-May-23,AAC Plant 2,1,500-3,G903 Stator Wheel DC,8,Condition Check Die,22,condition check parts not gauging,Die Related,07:50 AM,08:12 AM
26-May-23,AAC Plant 2,1,500-3,G903 Stator Wheel DC,8,Metal Delivery,10,cond check parts not gauging,Casting Process/Equipment,05:50 AM,06:00 AM
26-May-23,AAC Plant 2,1,500-3,G903 Stator Wheel DC,8,Condition Check Die,10,cond check,Die Related,10:50 AM,11:00 AM
26-May-23,AAC Plant 2,1,800-1,908K Center Support DC,1,Die Change,0,die change scheduled,Die Related,03:47 PM,05:00 PM
26-May-23,AAC Plant 2,2,2250-13,G300 TRANSMISSION CASE DC,5,Die Change,15,molt metal alarm,Die Related,06:05 AM,06:20 AM
26-May-23,AAC Plant 2,2,500-3,G903 Stator Wheel DC,8,Condition Check Die,20,cond check,Die Related,01:00 AM,01:20 AM
26-May-23,AAC Plant 2,2,500-3,G903 Stator Wheel DC,8,Condition Check Die,20,cond check,Die Related,05:30 PM,05:50 PM
26-May-23,AAC Plant 2,2,800-1,908K Center Support DC,3,Die Change,240,die change,Die Related,05:15 PM,09:15 PM
27-May-23,AAC Plant 2,1,800-3,G300 CENTER SUPPORT DC,12,Condition Check Die,75,cond check powder build uip,Die Related,10:00 AM,11:15 AM
27-May-23,AAC Plant 2,2,800-2,G300 CENTER SUPPORT DC,13,Condition Check Machine,14,cond check,Casting Process/Equipment,06:56 PM,07:10 PM
27-May-23,AAC Plant 2,2,800-3,G300 CENTER SUPPORT DC,9,Clean Up,165,carry over,Casting Process/Equipment,05:15 PM,08:00 PM
30-May-23,AAC Plant 2,1,2250-8,G300 TA HOUSING FWD DC,3,Die Change,0,scheduled die change,Die Related,01:00 AM,03:15 PM
30-May-23,AAC Plant 2,1,800-1,908K Center Support DC,3,Metal Delivery,25,water lines off ms,Casting Process/Equipment,05:30 AM,05:55 AM
30-May-23,AAC Plant 2,1,800-2,G300 CENTER SUPPORT DC,13,Condition Check Die,44,cond check,Die Related,06:45 AM,07:29 AM
30-May-23,AAC Plant 2,2,2250-12,BC01 Transmission Case DC,14,Die Change,0,scheduled die change,Die Related,05:15 AM,07:45 AM
30-May-23,AAC Plant 2,2,2250-8,19MY PTO TRANSMISSION CASE DC,4,Die Change,75,die change water leak ss,Die Related,05:15 PM,05:30 PM
30-May-23,AAC Plant 2,2,2250-9,881 Oil Pan DC,11,Metal Delivery,15,ladle arm fault,Casting Process/Equipment,07:50 PM,08:05 PM
30-May-23,AAC Plant 2,2,500-3,G903 Stator Wheel DC,18,Condition Check Die,15,cond check part not spinning,Die Related,08:00 PM,08:15 PM
31-May-23,AAC Plant 2,1,1650-1,"103E Oil Pan, No. 1  DC",1,Die Change,0,sched die change,Die Related,04:00 PM,04:45 PM
31-May-23,AAC Plant 2,1,2250-2,908K TAH AWD DC,1,Die Change,0,scheduled die change,Die Related,03:30 PM,05:00 PM
31-May-23,AAC Plant 2,1,2250-3,G300 TA HOUSING FWD DC,4,Condition Check Die,10,cond check,Die Related,10:30 AM,10:40 AM
31-May-23,AAC Plant 2,1,2250-3,908K TAH FWD DC,2,Die Change,0,scheduled die change,Die Related,06:15 AM,07:40 AM
31-May-23,AAC Plant 2,1,2250-7,A467 Adaptor DC,3,Die Change,0,scheduled die change,Die Related,08:25 AM,09:35 AM
31-May-23,AAC Plant 2,1,2250-8,19MY PTO TRANSMISSION CASE DC,4,Condition Check Die,15,PE developer check,Die Related,11:50 AM,12:05 PM
31-May-23,AAC Plant 2,1,2250-8,19MY NONPTO TRANSMISSION CASE DC,1,Date Stamp-ID,25,date stamp stuck,Die Related,05:15 AM,05:40 AM
31-May-23,AAC Plant 2,1,2250-9,881 Oil Pan DC,11,Condition Check Die,15,cond check,Die Related,04:30 PM,04:45 PM
31-May-23,AAC Plant 2,1,500-2,B700 V6 Stator Wheel DC,9,Metal Delivery,20,ladle pro,Casting Process/Equipment,04:10 PM,04:30 PM
31-May-23,AAC Plant 2,1,500-2,B700 V6 Stator Wheel DC,9,Metal Delivery,15,ladle t/o,Casting Process/Equipment,11:00 AM,11:15 AM
31-May-23,AAC Plant 2,1,800-2,G300 CENTER SUPPORT DC,13,Clean Up,12,finish putting ss in,Casting Process/Equipment,02:00 PM,02:12 PM
31-May-23,AAC Plant 2,2,1650-1,"103E Oil Pan, No. 1  DC",3,Die Change,25,die change carry over,Die Related,05:15 PM,05:40 PM
31-May-23,AAC Plant 2,2,2250-13,G300 TRANSMISSION CASE DC,5,Metal Delivery,15,molten metal alarm,Casting Process/Equipment,08:10 PM,08:25 PM
31-May-23,AAC Plant 2,2,2250-6,946F Crankcase DC,14,Die Change,0,scheduled die change,Die Related,05:15 PM,07:10 PM
1-Jun-23,AAC Plant 2,1,2250-9,881 Oil Pan DC,11,Metal Delivery,15,ladle over run,Casting Process/Equipment,08:10 AM,08:25 AM
1-Jun-23,AAC Plant 2,1,500-3,G903 Stator Wheel DC,7,Condition Check Die,140,cond check,Die Related,02:10 PM,04:30 PM
1-Jun-23,AAC Plant 2,1,500-3,G903 Stator Wheel DC,8,Condition Check Die,75,cond check parts not gauge,Die Related,06:45 AM,08:00 AM
1-Jun-23,AAC Plant 2,1,500-3,G903 Stator Wheel DC,8,Die Change,60,die change,Die Related,10:20 AM,11:20 AM
1-Jun-23,AAC Plant 2,2,1650-1,"103E Oil Pan, No. 1  DC",3,Metal Delivery,20,melt issue cold metal,Casting Process/Equipment,06:05 PM,06:25 PM
1-Jun-23,AAC Plant 2,2,2250-13,G300 TRANSMISSION CASE DC,5,Condition Check Die,200,cond check qc req,Die Related,05:50 AM,09:10 AM
1-Jun-23,AAC Plant 2,2,2250-7,A467 Transmission Housing DC,4,Condition Check Machine,75,die chip ss,Casting Process/Equipment,10:35 AM,11:50 PM
1-Jun-23,AAC Plant 2,2,2250-9,881 Oil Pan DC,11,Die Change,170,shut down qc req bolt hole flash,Die Related,11:50 PM,02:40 AM
2-Jun-23,AAC Plant 2,1,1650-1,"103E Oil Pan, No. 1  DC",3,Water/Die Lube Supply,45,water in shaker,Casting Process/Equipment,09:25 AM,10:10 AM
2-Jun-23,AAC Plant 2,1,2250-10,946F Crankcase DC,11,Date Stamp-ID,15,date stamp stuck,Casting Process/Equipment,05:15 AM,05:30 AM
2-Jun-23,AAC Plant 2,1,2250-10,946F Crankcase DC,11,Water/Die Lube Supply,50,shaker down water leak in main shaker,Casting Process/Equipment,08:30 AM,09:20 AM
2-Jun-23,AAC Plant 2,1,2250-11,BC01 Transmission Case DC,12,Water/Die Lube Supply,55,water in shaker,Casting Process/Equipment,08:25 AM,09:20 AM
2-Jun-23,AAC Plant 2,1,2250-12,BC01 Transmission Case DC,14,Water/Die Lube Supply,30,shaker,Casting Process/Equipment,08:50 AM,09:20 AM
2-Jun-23,AAC Plant 2,1,2250-13,G300 TRANSMISSION CASE DC,5,Water/Die Lube Supply,55,water in shaker,Casting Process/Equipment,09:25 AM,10:20 AM
2-Jun-23,AAC Plant 2,1,2250-3,908K TAH AWD DC,1,Die Change,0,scheduled die change,Die Related,05:00 AM,07:10 AM
2-Jun-23,AAC Plant 2,1,2250-3,908K TAH AWD DC,1,Date Stamp-ID,15,sensor vac fault,Casting Process/Equipment,03:15 PM,03:30 PM
2-Jun-23,AAC Plant 2,1,2250-5,G298 TA HOUSING AWD DC,6,Water/Die Lube Supply,15,shaker down leak in shaker,Casting Process/Equipment,10:00 AM,10:15 AM
2-Jun-23,AAC Plant 2,1,2250-6,946F Crankcase DC,14,Water/Die Lube Supply,20,shaker down leak in tunnel,Casting Process/Equipment,10:05 AM,10:25 AM
2-Jun-23,AAC Plant 2,1,2250-7,A467 Extension Housing DC,1,Die Change,25,carry over die change,Die Related,05:15 AM,05:40 AM
2-Jun-23,AAC Plant 2,1,2250-7,A467 Extension Housing DC,1,Water/Die Lube Supply,30,shaker down water leak,Casting Process/Equipment,09:30 AM,10:00 AM
2-Jun-23,AAC Plant 2,1,2250-9,881 Oil Pan DC,10,Metal Delivery,10,out of metal,Casting Process/Equipment,01:55 PM,02:05 PM
2-Jun-23,AAC Plant 2,1,500-2,B700 V6 Stator Wheel DC,10,Metal Delivery,20,ladle pto furnace low,Casting Process/Equipment,12:15 PM,12:35 PM
2-Jun-23,AAC Plant 2,1,500-3,G903 Stator Wheel DC,7,Condition Check Die,5,cond check b-cavity,Die Related,01:50 PM,01:55 PM
2-Jun-23,AAC Plant 2,1,800-2,G300 CENTER SUPPORT DC,13,Die Change,75,die change parts sticking,Die Related,02:10 PM,03:25 PM
2-Jun-23,AAC Plant 2,1,800-3,G300 CENTER SUPPORT DC,8,Date Stamp-ID,30,main air ps low,Casting Process/Equipment,04:00 PM,04:30 PM
2-Jun-23,AAC Plant 2,2,2250-3,908K TAH FWD DC,1,Die Change,0,scheduled die change,Die Related,05:15 PM,06:45 PM
2-Jun-23,AAC Plant 2,2,2250-6,946F Crankcase DC,14,Clean Up,10,ulr fault robot hit stuck runner in bsm,Casting Process/Equipment,12:50 AM,01:00 AM
2-Jun-23,AAC Plant 2,2,500-3,G903 Stator Wheel DC,8,Die Change,0,scheduled die change,Die Related,07:50 PM,08:20 PM
3-Jun-23,AAC Plant 2,1,2250-12,BC01 Transmission Case DC,14,Metal Delivery,60,cold metal twmp,Casting Process/Equipment,06:25 AM,07:25 AM
3-Jun-23,AAC Plant 2,1,2250-2,908K TAH AWD DC,1,Die Change,0,scheduled die change,Die Related,06:00 AM,07:35 AM
3-Jun-23,AAC Plant 2,1,800-2,G300 CENTER SUPPORT DC,14,Condition Check Die,15,cond checlk,Die Related,09:18 AM,09:33 AM
4-Jun-23,AAC Plant 2,2,500-3,G903 Stator Wheel DC,7,Condition Check Die,25,cond check,Casting Process/Equipment,08:40 PM,09:05 PM
4-Jun-23,AAC Plant 2,2,500-3,G903 Stator Wheel DC,7,Metal Delivery,45,cold metal,Casting Process/Equipment,06:00 PM,06:45 PM
4-Jun-23,AAC Plant 2,2,500-3,G903 Stator Wheel DC,7,Condition Check Machine,20,cond check ng balamce,Casting Process/Equipment,12:00 AM,12:20 AM
5-Jun-23,AAC Plant 2,1,1650-1,"103E Oil Pan, No. 1  DC",3,Metal Delivery,75,cold metal,Casting Process/Equipment,06:10 AM,07:25 AM
5-Jun-23,AAC Plant 2,1,2250-12,BC01 Transmission Case DC,14,Metal Delivery,10,cold metal temp,Casting Process/Equipment,05:55 AM,06:05 AM
5-Jun-23,AAC Plant 2,1,2250-13,G300 TRANSMISSION CASE DC,5,Metal Delivery,60,cold metal,Casting Process/Equipment,06:00 AM,07:00 AM
5-Jun-23,AAC Plant 2,1,2250-5,G298 TA HOUSING AWD DC,6,Condition Check Die,25,condition check discoloration on part,Die Related,07:30 AM,07:55 AM
5-Jun-23,AAC Plant 2,1,2250-8,19MY PTO TRANSMISSION CASE DC,4,Product Change,75,sch die change set g300 die 3,Die Related,01:05 PM,02:15 PM
5-Jun-23,AAC Plant 2,1,500-3,G903 Stator Wheel DC,7,Condition Check Die,10,cond check,Die Related,01:30 PM,01:40 PM
5-Jun-23,AAC Plant 2,2,2250-2,908K TAH AWD DC,1,Die Change,300,die change broke pin  c3,Die Related,10:15 PM,03:15 AM
5-Jun-23,AAC Plant 2,2,2250-3,G300 TA HOUSING FWD DC,4,Die Change,0,scheduled die change,Die Related,02:45 AM,04:45 AM
5-Jun-23,AAC Plant 2,2,2250-3,908K TAH FWD DC,1,Clean Up,20,over 4s,Casting Process/Equipment,11:40 AM,12:00 PM
5-Jun-23,AAC Plant 2,2,2250-5,G298 TA HOUSING AWD DC,6,Metal Delivery,55,metal temp low fault,Casting Process/Equipment,12:20 PM,01:15 AM
6-Jun-23,AAC Plant 2,1,500-3,G903 Stator Wheel DC,7,Condition Check Die,20,cond check,Die Related,12:15 PM,12:35 PM
6-Jun-23,AAC Plant 2,2,2250-11,BC01 Transmission Case DC,12,Condition Check Die,45,cond check,Die Related,09:15 AM,10:00 AM
6-Jun-23,AAC Plant 2,2,2250-7,A467 Transmission Housing DC,4,Metal Delivery,15,metal temp high,Casting Process/Equipment,10:20 PM,10:35 PM
6-Jun-23,AAC Plant 2,2,2250-8,G300 TA HOUSING FWD DC,3,Condition Check Die,15,over 4sd,Die Related,12:00 AM,12:15 AM
6-Jun-23,AAC Plant 2,2,500-3,G903 Stator Wheel DC,7,Die Change,20,setting trim die,Die Related,01:00 AM,01:20 AM
7-Jun-23,AAC Plant 2,1,2250-11,BC01 Transmission Case DC,12,Date Stamp-ID,15,date stamp safety,Casting Process/Equipment,05:00 AM,05:15 AM
7-Jun-23,AAC Plant 2,1,2250-11,BC01 Transmission Case DC,12,Metal Delivery,15,out of metal,Casting Process/Equipment,11:55 AM,12:10 PM
7-Jun-23,AAC Plant 2,1,2250-11,BC01 Transmission Case DC,12,Date Stamp-ID,-15,,,,
7-Jun-23,AAC Plant 2,1,2250-11,BC01 Transmission Case DC,12,Metal Delivery,-15,,,,
7-Jun-23,AAC Plant 2,1,2250-11,BC01 Transmission Case DC,12,Metal Delivery,15,out of metal,Casting Process/Equipment,11:55 AM,12:10 PM
7-Jun-23,AAC Plant 2,1,2250-12,BC01 Transmission Case DC,14,Die Change,30,set ms,Die Related,03:50 PM,04:20 PM
7-Jun-23,AAC Plant 2,1,2250-7,881 Oil Pan DC,11,Die Change,0,scheduled die change,Die Related,05:15 AM,06:40 AM
7-Jun-23,AAC Plant 2,1,2250-8,G300 TA HOUSING FWD DC,3,Condition Check Die,10,developer check leaking pin ms,Die Related,12:45 PM,12:55 PM
7-Jun-23,AAC Plant 2,1,500-2,B700 V6 Stator Wheel DC,4,Condition Check Die,10,condition check,Die Related,08:50 AM,09:00 AM
7-Jun-23,AAC Plant 2,1,500-3,G903 Stator Wheel DC,7,Metal Delivery,35,cold metal,Casting Process/Equipment,11:30 AM,12:05 PM
7-Jun-23,AAC Plant 2,2,2250-10,946F Crankcase DC,11,Condition Check Die,10,cond check lamination on c3 starter hook,Die Related,07:10 AM,07:20 AM
7-Jun-23,AAC Plant 2,2,2250-14,G300 TRANSMISSION CASE DC,7,Die Change,45,die change,Die Related,01:45 AM,02:30 AM
7-Jun-23,AAC Plant 2,2,2250-14,G300 TRANSMISSION CASE DC,7,Condition Check Die,120,cond checl,Die Related,11:15 PM,01:15 AM
7-Jun-23,AAC Plant 2,2,2250-14,G300 TRANSMISSION CASE DC,7,Condition Check Die,30,cond check,Die Related,09:45 PM,10:15 PM
7-Jun-23,AAC Plant 2,2,2250-2,908K TAH AWD DC,2,Die Change,0,scheduled die change,Die Related,02:05 AM,04:45 AM
7-Jun-23,AAC Plant 2,2,2250-3,908K TAH FWD DC,1,Die Change,0,scheduled die change,Die Related,01:50 AM,04:45 AM
7-Jun-23,AAC Plant 2,2,2250-5,G298 TA HOUSING AWD DC,5,Metal Delivery,25,ladle arm stuck in furnace,Casting Process/Equipment,12:50 AM,01:15 AM
7-Jun-23,AAC Plant 2,2,2250-7,881 Oil Pan DC,11,Clean Up,25,over 4s+d,Casting Process/Equipment,07:45 AM,08:10 PM
7-Jun-23,AAC Plant 2,2,800-3,G300 CENTER SUPPORT DC,11,Die Change,25,stuck part core 4 pto,Die Related,05:30 PM,05:55 PM
8-Jun-23,AAC Plant 2,1,1650-1,"103E Oil Pan, No. 1  DC",3,Die Change,0,scheduled die change,Die Related,02:30 PM,03:30 PM
8-Jun-23,AAC Plant 2,1,2250-12,BC01 Transmission Case DC,11,Condition Check Die,10,cond check,Die Related,06:10 AM,06:20 AM
8-Jun-23,AAC Plant 2,1,2250-8,19MY PTO TRANSMISSION CASE DC,4,Condition Check Die,15,developer check,Die Related,10:35 AM,10:50 AM
8-Jun-23,AAC Plant 2,1,2250-8,19MY PTO TRANSMISSION CASE DC,4,Die Change,0,scheduled die change,Die Related,05:00 AM,06:40 AM
8-Jun-23,AAC Plant 2,1,500-2,B700 V6 Stator Wheel DC,10,Date Stamp-ID,15,waiting on dot sheets for catcher,Casting Process/Equipment,05:15 AM,05:30 AM
8-Jun-23,AAC Plant 2,1,500-2,B700 V6 Stator Wheel DC,10,Metal Delivery,20,ladle pto furnace low,Casting Process/Equipment,11:15 AM,11:35 AM
8-Jun-23,AAC Plant 2,1,800-1,908K Center Support DC,3,Die Change,175,main ss water line leaking,Die Related,05:00 AM,08:25 AM
8-Jun-23,AAC Plant 2,2,2250-2,908K TAH FWD DC,1,Die Change,0,scheduled die change,Die Related,01:00 AM,04:45 AM
8-Jun-23,AAC Plant 2,2,2250-8,19MY PTO TRANSMISSION CASE DC,4,Clean Up,10,carry over 4s+d,Casting Process/Equipment,10:50 PM,11:00 PM
8-Jun-23,AAC Plant 2,2,500-3,G903 Stator Wheel DC,7,Condition Check Die,30,cond check b cavity,Die Related,06:30 PM,07:00 PM
8-Jun-23,AAC Plant 2,2,500-3,G903 Stator Wheel DC,7,Condition Check Die,20,cond check,Die Related,01:50 AM,02:10 AM
9-Jun-23,AAC Plant 2,1,2250-11,BC01 Transmission Case DC,12,Metal Delivery,20,cold metal,Casting Process/Equipment,12:40 PM,01:00 PM
9-Jun-23,AAC Plant 2,1,2250-11,BC01 Transmission Case DC,12,Metal Delivery,25,metal heating up,Casting Process/Equipment,02:00 PM,02:25 PM
9-Jun-23,AAC Plant 2,1,2250-6,984F Crankcase DC,1,Condition Check Die,15,cond check,Die Related,09:20 AM,09:35 AM
9-Jun-23,AAC Plant 2,1,2250-6,984F Crankcase DC,1,Die Change,0,scheduled die change,Die Related,01:00 PM,05:00 PM
9-Jun-23,AAC Plant 2,1,800-1,908K Center Support DC,3,Condition Check Die,7,parts not gauging,Die Related,08:13 AM,08:20 AM
9-Jun-23,AAC Plant 2,2,2250-8,19MY NONPTO TRANSMISSION CASE DC,1,Condition Check Machine,50,carry over die chi p,Casting Process/Equipment,09:50 PM,10:40 PM
10-Jun-23,AAC Plant 2,1,2250-11,BC01 Transmission Case DC,12,Date Stamp-ID,10,date stamp stuck,Casting Process/Equipment,05:15 AM,05:25 AM
10-Jun-23,AAC Plant 2,1,500-3,G903 Stator Wheel DC,7,Date Stamp-ID,10,bsm lost power,Casting Process/Equipment,07:20 AM,07:30 AM
10-Jun-23,AAC Plant 2,1,800-2,G300 CENTER SUPPORT DC,14,Metal Delivery,25,out of metal,Casting Process/Equipment,12:37 PM,01:02 PM
10-Jun-23,AAC Plant 2,1,800-3,G300 CENTER SUPPORT DC,11,Condition Check Die,75,cond check powder pin clogged,Die Related,01:20 PM,02:35 PM
10-Jun-23,AAC Plant 2,2,800-1,908K Center Support DC,1,Condition Check Die,20,cond check,Die Related,03:00 AM,03:20 AM
12-Jun-23,AAC Plant 2,1,2250-12,BC01 Transmission Case DC,11,Other (Indirect),30,side shaker jammed up,Casting Process/Equipment,11:00 AM,11:30 AM
12-Jun-23,AAC Plant 2,1,500-3,G903 Stator Wheel DC,7,Condition Check Die,15,cond check,Die Related,01:45 PM,02:00 PM
12-Jun-23,AAC Plant 2,1,800-1,908K Center Support DC,1,Other (Indirect),20,engineer working on robot,Casting Process/Equipment,08:40 AM,09:00 AM
12-Jun-23,AAC Plant 2,2,2250-7,881 Oil Pan DC,10,Date Stamp-ID,15,wrong date stamp,Casting Process/Equipment,07:50 PM,08:05 PM
12-Jun-23,AAC Plant 2,2,2250-7,881 Oil Pan DC,11,Die Change,75,die change broke pin,Die Related,05:20 AM,06:35 AM
12-Jun-23,AAC Plant 2,2,2250-8,19MY PTO TRANSMISSION CASE DC,4,Die Change,50,carry over die change,Die Related,05:15 PM,06:05 PM
12-Jun-23,AAC Plant 2,2,2250-9,"103E Oil Pan, No. 1  DC",2,Die Change,200,carry over 1st die change,Die Related,05:15 AM,08:35 PM
13-Jun-23,AAC Plant 2,1,2250-11,BC01 Transmission Case DC,12,Condition Check Die,20,cond check,Die Related,10:20 AM,10:40 AM
13-Jun-23,AAC Plant 2,1,2250-11,BC01 Transmission Case DC,12,Condition Check Die,20,cond check cold shot on parts,Die Related,06:00 AM,06:20 AM
13-Jun-23,AAC Plant 2,1,2250-3,G300 TA HOUSING FWD DC,4,Die Change,0,scheduled die cahneg,Die Related,11:30 AM,02:10 PM
13-Jun-23,AAC Plant 2,1,2250-4,984F Crankcase DC,1,Condition Check Die,15,cond check,Die Related,02:00 PM,02:15 PM
13-Jun-23,AAC Plant 2,1,2250-7,881 Oil Pan DC,11,Condition Check Die,40,cond check,Die Related,06:45 AM,07:25 AM
13-Jun-23,AAC Plant 2,1,2250-7,A467 Adaptor DC,3,Clean Up,20,broke ej pin,Casting Process/Equipment,04:40 PM,05:00 PM
13-Jun-23,AAC Plant 2,1,2250-7,A467 Adaptor DC,3,Die Change,50,metal stuck on ms,Die Related,03:35 PM,04:25 PM
13-Jun-23,AAC Plant 2,1,800-1,908K Center Support DC,1,Die Change,90,die change die chip and water leak,Die Related,06:08 AM,07:38 AM
13-Jun-23,AAC Plant 2,1,800-2,G300 CENTER SUPPORT DC,14,Die Change,0,sched die change,Die Related,03:00 PM,05:00 PM
13-Jun-23,AAC Plant 2,2,2250-3,G300 TA HOUSING FWD DC,4,Die Change,0,scheduled die change carry over,Die Related,05:15 PM,06:00 PM
13-Jun-23,AAC Plant 2,2,2250-4,984F Crankcase DC,5,Condition Check Die,15,cond check cold shot,Die Related,08:15 PM,08:30 PM
13-Jun-23,AAC Plant 2,2,2250-5,G298 TA HOUSING AWD DC,6,Die Change,185,carry over 4s,Die Related,08:20 PM,11:25 PM
14-Jun-23,AAC Plant 2,1,2250-2,908K TAH AWD DC,3,Condition Check Die,20,cond check,Die Related,01:40 PM,02:00 PM
14-Jun-23,AAC Plant 2,1,2250-4,984F Crankcase DC,5,Condition Check Die,10,cond check,Die Related,07:05 AM,07:15 AM
14-Jun-23,AAC Plant 2,1,2250-4,984F Crankcase DC,5,Condition Check Die,15,pe shut down ng fg,Die Related,09:00 AM,09:15 AM
14-Jun-23,AAC Plant 2,1,2250-8,G300 TA HOUSING FWD DC,4,Die Change,0,scheduled die change,Die Related,03:10 PM,05:00 PM
14-Jun-23,AAC Plant 2,1,2250-8,G300 TA HOUSING FWD DC,4,Water/Die Lube Supply,60,ulr fault out,Casting Process/Equipment,12:10 PM,01:10 PM
14-Jun-23,AAC Plant 2,1,2250-8,G300 TA HOUSING FWD DC,4,Condition Check Die,20,developer check ng pin leak ss,Die Related,02:20 PM,02:40 PM
14-Jun-23,AAC Plant 2,1,2250-9,881 Oil Pan DC,9,Die Change,15,die close wrong core,Die Related,05:15 AM,05:30 AM
14-Jun-23,AAC Plant 2,2,2250-1,946F Crankcase DC,7,Clean Up,60,dimensional ng fg gauge,Casting Process/Equipment,08:15 PM,09:15 PM
14-Jun-23,AAC Plant 2,2,2250-3,G300 TA HOUSING FWD DC,3,Die Change,0,scheduled die change,Die Related,08:50 PM,12:30 AM
14-Jun-23,AAC Plant 2,2,2250-8,19MY NONPTO TRANSMISSION CASE DC,1,Clean Up,5,over 4s,Casting Process/Equipment,02:20 AM,02:25 AM
15-Jun-23,AAC Plant 2,1,2250-11,BC01 Transmission Case DC,12,Condition Check Die,10,cond check discoloration,Die Related,02:55 PM,03:05 PM
15-Jun-23,AAC Plant 2,1,2250-14,G300 TRANSMISSION CASE DC,7,Metal Delivery,10,out of metal,Casting Process/Equipment,10:10 AM,10:20 AM
15-Jun-23,AAC Plant 2,1,2250-3,G300 TA HOUSING FWD DC,3,Die Change,0,sched die change,Die Related,10:30 AM,12:00 PM
15-Jun-23,AAC Plant 2,1,500-2,B700 V6 Stator Wheel DC,10,Condition Check Die,150,cond check,Die Related,08:00 AM,10:30 AM
15-Jun-23,AAC Plant 2,2,2250-11,BC01 Transmission Case DC,12,Clean Up,45,scrap chute backed up shaker jammed,Casting Process/Equipment,09:45 PM,10:30 PM
15-Jun-23,AAC Plant 2,2,2250-12,BC01 Transmission Case DC,11,Metal Delivery,40,chute fault,Casting Process/Equipment,09:50 PM,10:30 PM
15-Jun-23,AAC Plant 2,2,2250-8,G300 TA HOUSING FWD DC,3,Die Change,0,scheduled die change,Die Related,05:15 PM,06:55 PM
16-Jun-23,AAC Plant 2,1,2250-9,881 Oil Pan DC,9,Condition Check Die,20,cond check,Die Related,08:00 AM,08:20 AM
16-Jun-23,AAC Plant 2,1,800-1,908K Center Support DC,3,Date Stamp-ID,43,carry over,Casting Process/Equipment,05:15 AM,05:58 AM
16-Jun-23,AAC Plant 2,1,800-2,G300 CENTER SUPPORT DC,9,Die Change,0,scheduled die change,Die Related,08:17 AM,09:17 AM
16-Jun-23,AAC Plant 2,1,800-3,G300 CENTER SUPPORT DC,8,Clean Up,25,reset ss,Casting Process/Equipment,02:00 AM,02:25 AM
16-Jun-23,AAC Plant 2,2,2250-7,A467 Transmission Housing DC,4,Die Change,0,scheduled die change,Die Related,07:40 PM,08:40 PM
17-Jun-23,AAC Plant 2,2,2250-12,BC01 Transmission Case DC,11,Condition Check Die,15,condition check bg fg,Die Related,07:20 PM,07:35 PM
17-Jun-23,AAC Plant 2,2,800-2,G300 CENTER SUPPORT DC,13,Die Change,67,die change pull g300 13 set 9,Die Related,11:00 PM,12:07 AM
17-Jun-23,AAC Plant 2,2,800-3,G300 CENTER SUPPORT DC,8,Clean Up,40,carry over new water line,Casting Process/Equipment,05:15 AM,05:55 AM
18-Jun-23,AAC Plant 2,2,2250-9,881 Oil Pan DC,11,Clean Up,115,shut down,Casting Process/Equipment,07:30 PM,09:25 PM
19-Jun-23,AAC Plant 2,1,2250-5,G298 TA HOUSING AWD DC,7,Condition Check Die,15,cond check,Die Related,09:20 AM,09:35 AM
19-Jun-23,AAC Plant 2,1,2250-7,A467 Adaptor DC,3,Condition Check Die,25,cond cgheck cold shot,Die Related,08:35 AM,09:00 AM
19-Jun-23,AAC Plant 2,1,2250-7,A467 Adaptor DC,3,Condition Check Die,90,cond check,Die Related,06:05 AM,07:35 AM
19-Jun-23,AAC Plant 2,1,2250-8,G300 TA HOUSING FWD DC,3,Die Change,0,scheduled die change,Die Related,08:50 AM,10:20 AM
19-Jun-23,AAC Plant 2,1,2250-9,881 Oil Pan DC,9,Metal Delivery,10,out of metal,Casting Process/Equipment,03:15 AM,03:25 AM
19-Jun-23,AAC Plant 2,1,500-3,G903 Stator Wheel DC,7,Condition Check Die,10,cond check,Die Related,09:35 AM,09:45 AM
19-Jun-23,AAC Plant 2,1,800-1,908K Center Support DC,3,Other (Indirect),62,pull ss,Casting Process/Equipment,11:00 AM,12:02 PM
19-Jun-23,AAC Plant 2,1,800-2,G300 CENTER SUPPORT DC,9,Die Change,95,die change,Die Related,02:55 PM,04:30 PM
19-Jun-23,AAC Plant 2,2,2250-12,BC01 Transmission Case DC,11,Metal Delivery,10,scrap chute,Casting Process/Equipment,08:25 PM,08:35 PM
19-Jun-23,AAC Plant 2,2,2250-13,G300 TRANSMISSION CASE DC,10,Condition Check Die,75,cond check,Die Related,08:55 PM,10:10 PM
19-Jun-23,AAC Plant 2,2,2250-14,G300 TRANSMISSION CASE DC,8,Condition Check Die,130,condition check,Die Related,08:35 PM,10:45 PM
19-Jun-23,AAC Plant 2,2,2250-3,G300 TA HOUSING FWD DC,2,Die Change,0,sched die change,Die Related,05:15 PM,06:00 PM
19-Jun-23,AAC Plant 2,2,2250-4,984F Crankcase DC,5,Clean Up,5,over 4s+d,Casting Process/Equipment,03:50 AM,03:55 AM
19-Jun-23,AAC Plant 2,2,2250-7,A467 Transmission Housing DC,4,Die Change,0,sched die change,Die Related,05:15 PM,07:50 PM
19-Jun-23,AAC Plant 2,2,800-2,G300 CENTER SUPPORT DC,11,Condition Check Machine,10,cond check,Casting Process/Equipment,02:12 AM,02:22 AM
20-Jun-23,AAC Plant 2,1,2250-14,G300 TRANSMISSION CASE DC,5,Metal Delivery,15,ladle mispour,Casting Process/Equipment,02:05 PM,02:20 PM
20-Jun-23,AAC Plant 2,1,2250-3,G300 TA HOUSING FWD DC,2,Die Change,0,core swap die change,Die Related,11:30 AM,01:50 PM
20-Jun-23,AAC Plant 2,1,2250-6,984F Crankcase DC,3,N/G Tip or Sleeve Change,60,change sleeve shot fwd t/o,Casting Process/Equipment,11:30 AM,12:30 PM
20-Jun-23,AAC Plant 2,1,800-2,G300 CENTER SUPPORT DC,11,Condition Check Die,47,cond check,Die Related,08:41 AM,09:28 AM
20-Jun-23,AAC Plant 2,1,800-3,G300 CENTER SUPPORT DC,8,Date Stamp-ID,15,over start,Casting Process/Equipment,05:15 AM,05:30 AM
20-Jun-23,AAC Plant 2,2,2250-10,946F Crankcase DC,8,Clean Up,15,scrap chute fault,Casting Process/Equipment,07:45 PM,08:00 PM
20-Jun-23,AAC Plant 2,2,2250-14,G300 TRANSMISSION CASE DC,5,Metal Delivery,10,molt metal alarm,Casting Process/Equipment,01:55 AM,02:05 AM
20-Jun-23,AAC Plant 2,2,2250-2,908K TAH FWD DC,1,Die Change,0,scheduled die change,Die Related,05:15 PM,09:00 PM
20-Jun-23,AAC Plant 2,2,2250-9,881 Oil Pan DC,9,Clean Up,55,cond check c1 core pin ng fg,Casting Process/Equipment,09:35 PM,10:30 PM
20-Jun-23,AAC Plant 2,2,800-1,908K Center Support DC,3,Clean Up,45,carry over,Casting Process/Equipment,05:15 AM,06:00 PM
20-Jun-23,AAC Plant 2,2,800-2,G300 CENTER SUPPORT DC,8,Die Change,0,sched die change,Die Related,05:15 PM,07:55 PM
20-Jun-23,AAC Plant 2,2,800-3,G300 CENTER SUPPORT DC,11,Die Change,0,scheduled die change,Die Related,05:15 PM,07:40 PM
21-Jun-23,AAC Plant 2,1,2250-10,946F Crankcase DC,8,Date Stamp-ID,25,date stamp stuck,Casting Process/Equipment,05:15 AM,05:40 AM
21-Jun-23,AAC Plant 2,1,2250-2,908K TAH FWD DC,1,Die Change,0,sched die change,Die Related,03:05 PM,05:00 PM
21-Jun-23,AAC Plant 2,1,2250-3,G300 TA HOUSING FWD DC,3,Die Change,0,scheduled die change,Die Related,03:00 PM,05:00 PM
21-Jun-23,AAC Plant 2,1,2250-5,G298 TA HOUSING AWD DC,7,Die Change,75,die change dm req,Die Related,03:45 PM,05:00 PM
21-Jun-23,AAC Plant 2,1,2250-6,984F Crankcase DC,3,Condition Check Die,10,cond check,Die Related,01:25 PM,01:35 PM
21-Jun-23,AAC Plant 2,1,2250-7,A467 Extension Housing DC,1,Die Change,0,scheduled die chnage,Die Related,01:00 PM,02:00 PM
21-Jun-23,AAC Plant 2,1,2250-8,19MY PTO TRANSMISSION CASE DC,4,Die Change,0,scheduled die change,Die Related,07:50 AM,09:50 AM
21-Jun-23,AAC Plant 2,1,800-1,G300 CENTER SUPPORT DC,8,Other (Indirect),8,PE changing lube station,Casting Process/Equipment,02:16 PM,02:24 PM
21-Jun-23,AAC Plant 2,1,800-1,G300 CENTER SUPPORT DC,8,Other (Indirect),9,PE powder lube settings,Casting Process/Equipment,03:33 PM,03:42 PM
21-Jun-23,AAC Plant 2,1,800-1,G300 CENTER SUPPORT DC,8,Other (Indirect),-17,,,,
21-Jun-23,AAC Plant 2,2,1650-1,"103E Oil Pan, No. 1  DC",1,Condition Check Die,20,cond check,Die Related,07:50 PM,08:10 PM
21-Jun-23,AAC Plant 2,2,2250-1,946F Crankcase DC,10,Die Change,5,over 4s+d /die change,Die Related,09:05 PM,09:10 PM
21-Jun-23,AAC Plant 2,2,2250-10,946F Crankcase DC,8,Metal Delivery,20,;low metal,Casting Process/Equipment,08:50 PM,09:10 PM
21-Jun-23,AAC Plant 2,2,2250-14,G300 TRANSMISSION CASE DC,5,Condition Check Die,75,condition check,Die Related,05:40 PM,06:55 PM
21-Jun-23,AAC Plant 2,2,2250-6,946F Crankcase DC,12,Die Change,0,scheduled die change,Die Related,05:15 AM,01:15 AM
21-Jun-23,AAC Plant 2,2,800-2,G300 CENTER SUPPORT DC,8,Condition Check Machine,73,cond check,Casting Process/Equipment,02:02 AM,03:15 AM
22-Jun-23,AAC Plant 2,1,2250-14,G300 TRANSMISSION CASE DC,5,Condition Check Die,20,cond check leakers at customer,Die Related,02:30 PM,02:50 PM
22-Jun-23,AAC Plant 2,1,2250-2,908K TAH AWD DC,2,Metal Delivery,15,ct over ladle stop,Casting Process/Equipment,12:35 PM,12:50 PM
22-Jun-23,AAC Plant 2,1,2250-7,A467 Adaptor DC,3,Die Change,0,scheduled die change,Die Related,01:40 PM,03:20 PM
22-Jun-23,AAC Plant 2,1,2250-8,G300 TA HOUSING FWD DC,4,Die Change,0,scheduled die change,Die Related,05:15 AM,07:15 AM
22-Jun-23,AAC Plant 2,1,2250-8,G300 TA HOUSING FWD DC,4,Condition Check Die,15,developer check,Die Related,01:45 PM,02:00 PM
22-Jun-23,AAC Plant 2,1,800-2,G300 CENTER SUPPORT DC,8,Condition Check Die,26,cond check,Die Related,05:39 AM,06:05 AM
22-Jun-23,AAC Plant 2,2,2250-1,946F Crankcase DC,10,Die Change,0,scheduled die change,Die Related,03:00 AM,04:45 AM
22-Jun-23,AAC Plant 2,2,2250-13,G300 TRANSMISSION CASE DC,10,Condition Check Die,120,cond check discoloration pull die 10/die change,Die Related,05:40 PM,07:40 PM
22-Jun-23,AAC Plant 2,2,2250-9,881 Oil Pan DC,5,Condition Check Die,20,cond check,Die Related,06:05 PM,06:25 PM
22-Jun-23,AAC Plant 2,2,2250-9,881 Oil Pan DC,5,Die Change,0,sched die change crack in part,Die Related,07:50 PM,08:30 PM
23-Jun-23,AAC Plant 2,1,2250-11,BC01 Transmission Case DC,13,Die Change,420,carry over,Die Related,05:00 AM,12:00 PM
23-Jun-23,AAC Plant 2,1,800-1,908K Center Support DC,1,Condition Check Die,28,cond check,Die Related,08:52 AM,09:20 AM
23-Jun-23,AAC Plant 2,1,800-1,908K Center Support DC,1,Die Change,180,sprue bushing busted,Die Related,11:30 AM,02:30 PM
23-Jun-23,AAC Plant 2,2,2250-1,946F Crankcase DC,14,Die Change,0,scheduled die change,Die Related,05:15 PM,09:05 PM
23-Jun-23,AAC Plant 2,2,2250-12,BC01 Transmission Case DC,11,Clean Up,20,man power shortage,Casting Process/Equipment,05:15 PM,05:25 PM
23-Jun-23,AAC Plant 2,2,2250-14,G300 TRANSMISSION CASE DC,8,Metal Delivery,20,molten metal alarm,Casting Process/Equipment,11:25 PM,11:45 PM
23-Jun-23,AAC Plant 2,2,2250-3,G300 TA HOUSING FWD DC,3,Die Change,0,scheduled die change,Die Related,02:15 AM,08:05 PM
23-Jun-23,AAC Plant 2,2,2250-8,19MY PTO TRANSMISSION CASE DC,4,Condition Check Die,85,cond check sprue core leaing,Die Related,08:15 AM,09:40 PM
23-Jun-23,AAC Plant 2,2,2250-9,"103E Oil Pan, No. 1  DC",3,Die Change,0,sched die change,Die Related,02:50 AM,04:00 AM
24-Jun-23,AAC Plant 2,1,800-1,908K Center Support DC,2,Condition Check Die,41,condition check,Die Related,11:25 AM,12:06 PM
24-Jun-23,AAC Plant 2,1,800-2,G300 CENTER SUPPORT DC,8,Condition Check Die,17,cond check,Die Related,03:01 PM,03:18 PM
24-Jun-23,AAC Plant 2,1,800-2,G300 CENTER SUPPORT DC,8,Condition Check Die,14,cond check,Die Related,07:26 AM,07:40 AM
24-Jun-23,AAC Plant 2,2,2250-14,G300 TRANSMISSION CASE DC,9,Metal Delivery,25,molten metal alarm,Casting Process/Equipment,06:10 AM,06:35 AM
25-Jun-23,AAC Plant 2,1,800-3,G300 CENTER SUPPORT DC,12,Water/Die Lube Supply,20,water fault,Casting Process/Equipment,10:00 AM,10:20 AM
26-Jun-23,AAC Plant 2,1,2250-12,BC01 Transmission Case DC,11,Die Change,120,broke insert on ms,Die Related,08:30 AM,10:30 AM
26-Jun-23,AAC Plant 2,1,2250-12,BC01 Transmission Case DC,13,Condition Check Die,15,cond check cold shot on parts,Die Related,11:20 AM,11:35 AM
26-Jun-23,AAC Plant 2,1,2250-4,984F Crankcase DC,3,Condition Check Die,15,cond check,Die Related,09:05 AM,09:20 AM
26-Jun-23,AAC Plant 2,1,2250-5,G298 TA HOUSING AWD DC,7,Metal Delivery,90,metal temp low alarm,Casting Process/Equipment,09:00 AM,10:30 AM
26-Jun-23,AAC Plant 2,1,2250-8,19MY PTO TRANSMISSION CASE DC,4,Die Change,0,scheduled die change,Die Related,06:15 AM,07:55 AM
26-Jun-23,AAC Plant 2,1,500-3,G903 Stator Wheel DC,7,Condition Check Die,15,cond check a cavity,Die Related,02:55 PM,03:10 PM
26-Jun-23,AAC Plant 2,1,800-1,908K Center Support DC,2,Clean Up,45,fit check had it done and re cleaned,Casting Process/Equipment,11:00 AM,11:45 AM
26-Jun-23,AAC Plant 2,1,800-3,G300 CENTER SUPPORT DC,12,Condition Check Die,30,cond check,Die Related,06:29 AM,06:59 AM
26-Jun-23,AAC Plant 2,2,2250-2,908K TAH AWD DC,2,Clean Up,20,e-polish,Casting Process/Equipment,06:20 PM,06:40 PM
26-Jun-23,AAC Plant 2,2,2250-6,946F Crankcase DC,10,Die Change,215,shut down broke pin on ms,Die Related,09:15 PM,12:50 AM
26-Jun-23,AAC Plant 2,2,2250-6,946F Crankcase DC,10,Die Change,-215,,,,
26-Jun-23,AAC Plant 2,2,2250-6,946F Crankcase DC,7,Other (Indirect),85,shut down main shaker issues,Casting Process/Equipment,03:05 AM,04:30 AM
26-Jun-23,AAC Plant 2,2,800-3,G300 CENTER SUPPORT DC,12,Clean Up,28,carry over powder lube,Casting Process/Equipment,05:15 PM,05:48 PM
27-Jun-23,AAC Plant 2,1,2250-11,BC01 Transmission Case DC,11,Die Change,0,scheduledd ie change,Die Related,10:05 AM,12:30 PM
27-Jun-23,AAC Plant 2,1,2250-3,G300 TA HOUSING FWD DC,2,Die Change,0,scheduled die change,Die Related,11:00 AM,11:30 PM
27-Jun-23,AAC Plant 2,1,2250-5,G298 TA HOUSING AWD DC,4,Condition Check Die,20,cond check qe req,Die Related,09:10 AM,09:30 AM
27-Jun-23,AAC Plant 2,1,2250-8,G300 TA HOUSING FWD DC,4,Die Change,0,scheduled die change,Die Related,05:25 AM,08:00 AM
27-Jun-23,AAC Plant 2,1,2250-8,G300 TA HOUSING FWD DC,4,Condition Check Die,10,cold shot cond check,Die Related,09:45 AM,09:55 AM
27-Jun-23,AAC Plant 2,1,2250-8,G300 TRANSMISSION CASE DC,4,Die Change,0,scheduled die change,Die Related,05:25 AM,08:00 AM
27-Jun-23,AAC Plant 2,1,2250-8,G300 TRANSMISSION CASE DC,4,Condition Check Die,10,condition check cold shut,Die Related,09:45 AM,09:55 AM
27-Jun-23,AAC Plant 2,1,2250-8,G300 TRANSMISSION CASE DC,4,Condition Check Die,-10,,,,
27-Jun-23,AAC Plant 2,1,500-3,G903 Stator Wheel DC,7,Date Stamp-ID,5,cleaned photo eye,Casting Process/Equipment,04:10 PM,04:15 PM
27-Jun-23,AAC Plant 2,2,2250-12,BC01 Transmission Case DC,13,Condition Check Die,45,cond check part cracking on ss,Die Related,06:20 PM,07:05 PM
27-Jun-23,AAC Plant 2,2,2250-3,908K TAH FWD DC,1,Die Change,0,scheduled die change,Die Related,03:00 AM,04:45 AM
27-Jun-23,AAC Plant 2,2,2250-7,A467 Transmission Housing DC,4,Die Change,0,sched die change,Die Related,10:50 PM,12:15 AM
27-Jun-23,AAC Plant 2,2,800-2,G300 CENTER SUPPORT DC,8,Die Change,60,"die change flash thru a,b",Die Related,03:30 AM,04:30 AM
28-Jun-23,AAC Plant 2,1,2250-10,946F Crankcase DC,8,N/G Tip or Sleeve Change,105,shot return time over,Casting Process/Equipment,12:00 PM,01:45 PM
28-Jun-23,AAC Plant 2,1,2250-14,G300 TRANSMISSION CASE DC,10,Other (Indirect),250,ejectot pins deep,Casting Process/Equipment,12:50 PM,05:00 PM
28-Jun-23,AAC Plant 2,1,2250-3,G300 TA HOUSING FWD DC,4,Condition Check Die,10,cond check,Die Related,02:45 PM,02:55 PM
28-Jun-23,AAC Plant 2,1,2250-3,G300 TA HOUSING FWD DC,4,Die Change,0,scheduled die change,Die Related,05:00 AM,07:25 AM
28-Jun-23,AAC Plant 2,1,500-2,B700 V6 Stator Wheel DC,10,Condition Check Die,15,cond check,Die Related,08:20 AM,08:35 AM
28-Jun-23,AAC Plant 2,2,2250-6,946F Crankcase DC,10,Die Change,290,carry over squeeze pins hyd leak,Die Related,05:15 PM,10:05 PM
28-Jun-23,AAC Plant 2,2,2250-6,946F Crankcase DC,10,Die Change,-290,,,,
28-Jun-23,AAC Plant 2,2,2250-8,19MY PTO TRANSMISSION CASE DC,4,Die Change,0,sched die change,Die Related,06:15 AM,08:15 AM
29-Jun-23,AAC Plant 2,1,2250-12,BC01 Transmission Case DC,13,Condition Check Die,10,cond check cold shot on ss,Die Related,02:25 AM,02:35 AM
29-Jun-23,AAC Plant 2,1,2250-12,BC01 Transmission Case DC,13,Condition Check Die,10,cond check cold shot on c3,Die Related,10:45 AM,10:55 AM
29-Jun-23,AAC Plant 2,1,2250-3,G300 TA HOUSING FWD DC,4,Die Change,180,carry over waiting on ss,Die Related,05:00 AM,08:00 AM
29-Jun-23,AAC Plant 2,1,2250-7,A467 Transmission Housing DC,4,Die Change,0,scheduled die change,Die Related,02:45 PM,05:00 PM
29-Jun-23,AAC Plant 2,1,2250-9,881 Oil Pan DC,11,Clean Up,15,over 4s+d,Casting Process/Equipment,07:40 AM,07:55 AM
29-Jun-23,AAC Plant 2,1,500-2,B700 V6 Stator Wheel DC,10,Date Stamp-ID,20,running prep,Casting Process/Equipment,11:00 AM,11:20 AM
29-Jun-23,AAC Plant 2,1,500-3,G903 Stator Wheel DC,7,Date Stamp-ID,5,start up over,Casting Process/Equipment,05:15 AM,05:20 AM
29-Jun-23,AAC Plant 2,1,800-3,G300 CENTER SUPPORT DC,12,Date Stamp-ID,35,running prep,Die Related,08:15 AM,08:50 AM
29-Jun-23,AAC Plant 2,2,2250-2,908K TAH AWD DC,3,Die Change,0,sched die change,Die Related,03:30 AM,04:45 AM
29-Jun-23,AAC Plant 2,2,2250-7,881 Oil Pan DC,9,Clean Up,140,shut down qc req drag mark,Casting Process/Equipment,11:55 PM,02:15 AM
30-Jun-23,AAC Plant 2,1,2250-11,BC01 Transmission Case DC,11,Die Change,0,scheduled die change,Die Related,09:30 AM,02:35 PM
30-Jun-23,AAC Plant 2,1,2250-12,BC01 Transmission Case DC,13,Other (Indirect),40,storms,Casting Process/Equipment,08:55 AM,09:35 AM
30-Jun-23,AAC Plant 2,1,2250-12,BC01 Transmission Case DC,13,Condition Check Machine,40,over 4s,Casting Process/Equipment,11:00 AM,11:40 AM
30-Jun-23,AAC Plant 2,1,2250-12,BC01 Transmission Case DC,13,Condition Check Machine,25,cold shot on parts /cond check,Casting Process/Equipment,07:15 PM,04:40 PM
30-Jun-23,AAC Plant 2,1,2250-13,G300 TRANSMISSION CASE DC,6,Condition Check Die,30,carry over die chip,Die Related,05:15 AM,05:45 AM
30-Jun-23,AAC Plant 2,1,2250-2,908K TAH FWD DC,1,Die Change,0,scheduled die change,Die Related,05:00 AM,08:50 AM
30-Jun-23,AAC Plant 2,1,2250-3,G300 TA HOUSING FWD DC,4,Other (Indirect),15,lost power,Casting Process/Equipment,06:45 AM,07:00 AM
30-Jun-23,AAC Plant 2,1,2250-6,984F Crankcase DC,4,Other (Indirect),30,stuck part lost power,Casting Process/Equipment,07:00 AM,07:30 AM
30-Jun-23,AAC Plant 2,1,2250-7,881 Oil Pan DC,10,Condition Check Die,20,cond check,Die Related,11:05 AM,11:25 AM
30-Jun-23,AAC Plant 2,1,2250-8,19MY NONPTO TRANSMISSION CASE DC,1,Die Change,0,scheduled die change,Die Related,12:50 PM,02:30 PM
30-Jun-23,AAC Plant 2,1,2250-9,881 Oil Pan DC,11,Other (Indirect),30,shut down storm,Casting Process/Equipment,09:00 AM,09:30 AM
30-Jun-23,AAC Plant 2,1,500-3,G903 Stator Wheel DC,7,Date Stamp-ID,5,shot monitor fauilt small bisc,Casting Process/Equipment,05:40 AM,05:45 AM
30-Jun-23,AAC Plant 2,2,2250-13,G300 TRANSMISSION CASE DC,6,Die Change,360,broke pin c4 shut down die change set #8,Die Related,11:00 PM,05:00 AM
30-Jun-23,AAC Plant 2,2,2250-13,G300 TRANSMISSION CASE DC,6,Condition Check Die,30,cond check discoloration cold shot,Die Related,06:25 PM,06:55 PM
1-Jul-23,AAC Plant 2,1,2250-3,G300 TA HOUSING FWD DC,4,Condition Check Die,10,qc request,Die Related,08:40 AM,08:50 AM
1-Jul-23,AAC Plant 2,2,800-3,G300 CENTER SUPPORT DC,12,Ladle-ID,20,broke wire,Casting Process/Equipment,02:20 AM,02:40 AM
5-Jul-23,AAC Plant 2,1,1650-1,"103E Oil Pan, No. 1  DC",1,Other (Indirect),105,xt over travel,Casting Process/Equipment,03:00 PM,04:45 PM
5-Jul-23,AAC Plant 2,1,2250-1,946F Crankcase DC,14,Water/Die Lube Supply,15,"carry over from 4s+d, water press low",Casting Process/Equipment,11:30 AM,11:45 AM
5-Jul-23,AAC Plant 2,1,2250-10,946F Crankcase DC,8,Die Change,120,setting 946cc 10,Die Related,08:00 AM,10:00 AM
5-Jul-23,AAC Plant 2,1,2250-13,G300 TRANSMISSION CASE DC,8,Metal Delivery,60,cold metal,Casting Process/Equipment,06:35 AM,07:35 AM
5-Jul-23,AAC Plant 2,1,2250-2,908K TAH FWD DC,1,Water/Die Lube Supply,20,"carry over from 4s+d, water pressure low",Casting Process/Equipment,11:15 AM,11:35 AM
5-Jul-23,AAC Plant 2,1,2250-3,G300 TA HOUSING FWD DC,4,Die Change,80,set die g300 tah 4,Die Related,07:00 AM,08:20 AM
5-Jul-23,AAC Plant 2,1,2250-4,984F Crankcase DC,3,Condition Check Die,20,qc request,Die Related,12:50 PM,01:10 PM
5-Jul-23,AAC Plant 2,1,2250-4,984F Crankcase DC,3,Water/Die Lube Supply,15,main water pressure low,Casting Process/Equipment,09:30 AM,09:45 AM
5-Jul-23,AAC Plant 2,1,800-3,G300 CENTER SUPPORT DC,12,Date Stamp-ID,21,vac presss fault,Casting Process/Equipment,05:30 AM,05:51 AM
5-Jul-23,AAC Plant 2,2,2250-10,946F Crankcase DC,12,Die Change,105,carry over from 1st shift die change,Die Related,05:15 PM,07:00 PM
5-Jul-23,AAC Plant 2,2,2250-14,G300 TRANSMISSION CASE DC,10,Condition Check Die,150,cond check,Die Related,01:30 AM,04:00 AM
5-Jul-23,AAC Plant 2,2,2250-2,908K TAH AWD DC,3,Ladle-ID,55,molten metal detect,Casting Process/Equipment,03:10 AM,04:05 AM
5-Jul-23,AAC Plant 2,2,2250-2,908K TAH AWD DC,3,Die Change,0,scheduled die change,Die Related,05:15 AM,06:40 AM
5-Jul-23,AAC Plant 2,2,2250-9,881 Oil Pan DC,11,Metal Delivery,10,ladle arm fault,Casting Process/Equipment,09:15 AM,09:25 AM
6-Jul-23,AAC Plant 2,1,1650-1,"103E Oil Pan, No. 1  DC",1,Metal Delivery,145,cold metal,Casting Process/Equipment,06:35 AM,09:00 AM
6-Jul-23,AAC Plant 2,1,2250-1,946F Crankcase DC,14,Condition Check Die,20,cond check,Die Related,09:00 AM,09:20 AM
6-Jul-23,AAC Plant 2,1,2250-10,946F Crankcase DC,10,Metal Delivery,20,metal temp low,Casting Process/Equipment,11:55 AM,12:15 PM
6-Jul-23,AAC Plant 2,1,2250-11,BC01 Transmission Case DC,11,Die Change,30,set ms back in,Die Related,04:00 PM,04:30 PM
6-Jul-23,AAC Plant 2,1,2250-14,G300 TRANSMISSION CASE DC,7,Die Change,0,die change set 7,Die Related,09:30 AM,10:05 AM
6-Jul-23,AAC Plant 2,1,2250-8,G300 TA HOUSING FWD DC,2,Condition Check Die,15,cond check cold shot,Die Related,07:20 AM,07:35 AM
6-Jul-23,AAC Plant 2,1,800-1,G300 CENTER SUPPORT DC,9,Condition Check Die,23,cond check,Die Related,07:52 AM,08:15 AM
6-Jul-23,AAC Plant 2,2,2250-10,946F Crankcase DC,12,Clean Up,15,scrap chute fault,Casting Process/Equipment,05:35 PM,05:50 PM
6-Jul-23,AAC Plant 2,2,2250-14,G300 TRANSMISSION CASE DC,9,Die Change,15,carry over die change,Die Related,05:15 PM,05:30 PM
6-Jul-23,AAC Plant 2,2,2250-2,908K TAH AWD DC,3,Clean Up,5,over 4s,Casting Process/Equipment,11:20 PM,11:25 PM
6-Jul-23,AAC Plant 2,2,2250-6,946F Crankcase DC,8,Die Change,690,scheduled die change,Die Related,05:15 PM,04:45 AM
6-Jul-23,AAC Plant 2,2,2250-6,946F Crankcase DC,8,Die Change,-690,,,,
7-Jul-23,AAC Plant 2,1,2250-5,G298 TA HOUSING AWD DC,4,Condition Check Die,25,cond check,Die Related,08:10 AM,08:35 AM
7-Jul-23,AAC Plant 2,1,2250-6,946F Crankcase DC,6,Die Change,75,carry over die change,Die Related,05:15 AM,06:30 AM
7-Jul-23,AAC Plant 2,1,2250-7,A467 Adaptor DC,3,Die Change,0,scheduled die change,Die Related,05:15 AM,08:30 AM
7-Jul-23,AAC Plant 2,1,2250-8,19MY NONPTO TRANSMISSION CASE DC,1,Die Change,0,scheduled die change,Die Related,02:00 PM,05:00 PM
7-Jul-23,AAC Plant 2,1,2250-8,19MY NONPTO TRANSMISSION CASE DC,1,Date Stamp-ID,45,date stamp,Casting Process/Equipment,05:15 AM,06:00 AM
7-Jul-23,AAC Plant 2,1,500-2,B700 V6 Stator Wheel DC,4,Die Change,80,die change,Die Related,10:40 AM,12:00 AM
7-Jul-23,AAC Plant 2,2,2250-14,G300 TRANSMISSION CASE DC,7,Condition Check Die,15,lamination on c-4;,Die Related,02:15 AM,02:30 AM
7-Jul-23,AAC Plant 2,2,2250-8,G300 TA HOUSING FWD DC,3,Die Change,110,carryover die change from 1st,Die Related,05:15 PM,07:05 PM
7-Jul-23,AAC Plant 2,2,2250-8,G300 TA HOUSING FWD DC,3,Condition Check Die,45,lamination on c-1,Die Related,08:15 PM,09:00 PM
7-Jul-23,AAC Plant 2,2,800-3,G300 CENTER SUPPORT DC,14,Condition Check Die,10,not sending powder to m/s; p-1 was not discharging,Die Related,09:20 PM,09:30 PM
8-Jul-23,AAC Plant 2,1,500-2,B700 V6 Stator Wheel DC,10,Date Stamp-ID,10,bsm jammed,Casting Process/Equipment,07:50 AM,08:00 AM
8-Jul-23,AAC Plant 2,1,800-3,G300 CENTER SUPPORT DC,14,Condition Check Die,12,cond check low ej pins,Die Related,02:04 PM,02:16 PM
8-Jul-23,AAC Plant 2,1,800-3,G300 CENTER SUPPORT DC,14,Metal Delivery,28,metal temp low,Casting Process/Equipment,10:52 AM,11:20 AM
8-Jul-23,AAC Plant 2,2,2250-9,881 Oil Pan DC,11,Die Change,100,shut down ng repair,Die Related,08:15 PM,09:55 AM
8-Jul-23,AAC Plant 2,2,800-2,G300 CENTER SUPPORT DC,9,Die Change,50,die change set 12,Die Related,03:00 AM,03:50 AM
9-Jul-23,AAC Plant 2,1,2250-12,BC01 Transmission Case DC,12,Condition Check Die,15,cond check cold shot on bolt boss,Die Related,02:30 PM,02:45 PM
10-Jul-23,AAC Plant 2,1,2250-10,946F Crankcase DC,10,Metal Delivery,20,metal temp low,Casting Process/Equipment,11:55 AM,12:15 PM
10-Jul-23,AAC Plant 2,1,2250-10,946F Crankcase DC,10,Metal Delivery,-20,,,,
10-Jul-23,AAC Plant 2,1,2250-12,BC01 Transmission Case DC,12,Metal Delivery,10,out of metal,Casting Process/Equipment,02:40 PM,02:50 PM
10-Jul-23,AAC Plant 2,1,2250-5,G298 TA HOUSING AWD DC,4,Condition Check Die,10,cond check developer check,Die Related,10:30 AM,10:40 AM
10-Jul-23,AAC Plant 2,1,2250-6,946F Crankcase DC,8,Water/Die Lube Supply,10,ng tip lube supply,Casting Process/Equipment,05:40 AM,05:50 AM
10-Jul-23,AAC Plant 2,1,2250-9,881 Oil Pan DC,5,Metal Delivery,10,out of metal,Casting Process/Equipment,08:40 AM,08:50 AM
10-Jul-23,AAC Plant 2,1,800-1,908K Center Support DC,3,Other (Indirect),40,putting stationary back in,Casting Process/Equipment,11:00 AM,11:40 AM
10-Jul-23,AAC Plant 2,2,2250-13,G300 TRANSMISSION CASE DC,8,Metal Delivery,10,low metal spindle error,Casting Process/Equipment,11:05 PM,11:15 PM
10-Jul-23,AAC Plant 2,2,2250-13,G300 TRANSMISSION CASE DC,8,Metal Delivery,15,low metal,Casting Process/Equipment,09:40 PM,09:55 PM
10-Jul-23,AAC Plant 2,2,2250-13,G300 TRANSMISSION CASE DC,8,Metal Delivery,20,low metal,Casting Process/Equipment,07:50 PM,08:10 PM
10-Jul-23,AAC Plant 2,2,2250-14,G300 TRANSMISSION CASE DC,7,Metal Delivery,25,molt metal out of metal,Casting Process/Equipment,09:25 PM,09:50 PM
10-Jul-23,AAC Plant 2,2,2250-2,908K TAH AWD DC,3,Ladle-ID,20,polish,Casting Process/Equipment,06:25 PM,06:45 PM
10-Jul-23,AAC Plant 2,2,2250-5,G298 TA HOUSING AWD DC,4,Metal Delivery,10,hot charge out of metal,Casting Process/Equipment,06:20 PM,06:30 PM
10-Jul-23,AAC Plant 2,2,2250-6,946F Crankcase DC,8,Clean Up,200,carry over from 4s+d waiting on back up,Casting Process/Equipment,10:30 AM,02:10 AM
10-Jul-23,AAC Plant 2,2,2250-9,881 Oil Pan DC,5,Metal Delivery,10,ladle arm fault,Casting Process/Equipment,02:30 AM,02:40 AM
10-Jul-23,AAC Plant 2,2,500-3,G903 Stator Wheel DC,7,Condition Check Machine,25,cond check b cavity,Casting Process/Equipment,01:35 AM,02:00 AM
11-Jul-23,AAC Plant 2,1,2250-11,BC01 Transmission Case DC,13,Metal Delivery,10,out of metal,Casting Process/Equipment,06:05 AM,06:15 AM
11-Jul-23,AAC Plant 2,1,2250-11,BC01 Transmission Case DC,13,Clean Up,10,over 4s+d,Casting Process/Equipment,01:40 AM,01:50 PM
11-Jul-23,AAC Plant 2,1,2250-5,G298 TA HOUSING AWD DC,4,N/G Tip or Sleeve Change,95,ng shot tip,Casting Process/Equipment,12:50 AM,02:25 AM
11-Jul-23,AAC Plant 2,1,2250-7,A467 Transmission Housing DC,4,Die Change,0,scheduled die change,Die Related,10:05 AM,11:05 AM
11-Jul-23,AAC Plant 2,2,2250-1,946F Crankcase DC,14,Clean Up,25,polish,Casting Process/Equipment,08:20 PM,08:45 PM
11-Jul-23,AAC Plant 2,2,500-3,G903 Stator Wheel DC,7,Condition Check Die,30,condition check b cavity,Die Related,09:30 PM,10:00 PM
12-Jul-23,AAC Plant 2,2,2250-2,908K TAH AWD DC,2,Clean Up,30,clean 2250-3 belly pan,Casting Process/Equipment,05:15 PM,05:45 PM
12-Jul-23,AAC Plant 2,2,2250-5,G298 TA HOUSING AWD DC,4,Metal Delivery,15,ladle fault out metal,Casting Process/Equipment,09:30 PM,09:45 PM
12-Jul-23,AAC Plant 2,2,2250-9,881 Oil Pan DC,5,Die Change,70,die change broke ej pin,Die Related,05:25 PM,06:35 PM
12-Jul-23,AAC Plant 2,2,800-1,908K Center Support DC,3,Condition Check Machine,40,cond check,Casting Process/Equipment,03:30 AM,04:10 AM
13-Jul-23,AAC Plant 2,1,2250-9,881 Oil Pan DC,10,Metal Delivery,10,out of metal,Casting Process/Equipment,08:20 AM,08:30 AM
13-Jul-23,AAC Plant 2,1,500-3,G903 Stator Wheel DC,7,Condition Check Die,15,cond check ng floor heigh t,Die Related,05:50 AM,06:05 AM
13-Jul-23,AAC Plant 2,2,2250-7,A467 Adaptor DC,3,Die Change,0,scheduled die change,Die Related,05:15 PM,09:15 PM
13-Jul-23,AAC Plant 2,2,2250-8,19MY PTO TRANSMISSION CASE DC,4,Die Change,0,scheduled die change,Die Related,05:15 PM,07:15 PM
13-Jul-23,AAC Plant 2,2,500-3,G903 Stator Wheel DC,7,Condition Check Machine,30,cond check b cavity,Casting Process/Equipment,09:40 PM,10:10 PM
13-Jul-23,AAC Plant 2,2,500-3,G903 Stator Wheel DC,7,Condition Check Die,20,cond check,Die Related,05:30 AM,05:50 AM
13-Jul-23,AAC Plant 2,2,800-3,G300 CENTER SUPPORT DC,12,Condition Check Die,20,cond check bisc stuck to ss,Die Related,02:30 AM,02:50 AM
14-Jul-23,AAC Plant 2,1,2250-11,BC01 Transmission Case DC,13,Condition Check Die,30,crack ss cond check,Die Related,08:10 AM,08:40 AM
14-Jul-23,AAC Plant 2,1,2250-11,BC01 Transmission Case DC,13,Clean Up,10,over ls,Casting Process/Equipment,09:50 AM,10:00 AM
14-Jul-23,AAC Plant 2,1,2250-2,908K TAH AWD DC,3,Other (Indirect),10,safety fence clean belly pan 2250-3,Casting Process/Equipment,11:50 AM,12:00 PM
14-Jul-23,AAC Plant 2,1,500-3,G903 Stator Wheel DC,7,Condition Check Die,15,cond check scratch marks,Die Related,08:30 AM,08:45 AM
14-Jul-23,AAC Plant 2,2,2250-4,984F Crankcase DC,4,Ladle-ID,10,small bisc size,Casting Process/Equipment,07:45 AM,07:55 PM
14-Jul-23,AAC Plant 2,2,2250-8,19MY NONPTO TRANSMISSION CASE DC,1,Die Change,0,scheduled die change,Die Related,05:15 PM,06:40 PM
14-Jul-23,AAC Plant 2,2,2250-9,881 Oil Pan DC,10,Die Change,100,die change qc req,Die Related,12:10 AM,01:50 AM
14-Jul-23,AAC Plant 2,2,500-3,G903 Stator Wheel DC,7,Condition Check Die,40,cond check b cavity,Die Related,01:00 AM,01:40 AM
14-Jul-23,AAC Plant 2,2,500-3,G903 Stator Wheel DC,7,Condition Check Die,30,cond check b cavity,Die Related,09:30 PM,10:00 PM
17-Jul-23,AAC Plant 2,1,2250-12,BC01 Transmission Case DC,14,Condition Check Die,30,cond check,Die Related,07:05 AM,07:35 AM
17-Jul-23,AAC Plant 2,1,2250-7,A467 Transmission Housing DC,4,Die Change,0,scheduled die cahnge,Die Related,05:15 AM,07:40 AM
17-Jul-23,AAC Plant 2,1,800-2,G300 CENTER SUPPORT DC,13,Clean Up,0,sched die change,Casting Process/Equipment,10:00 AM,11:10 AM
17-Jul-23,AAC Plant 2,1,800-2,G300 CENTER SUPPORT DC,13,Condition Check Die,31,cond check powder leak,Die Related,08:09 AM,08:40 AM
17-Jul-23,AAC Plant 2,2,2250-9,881 Oil Pan DC,9,Metal Delivery,10,ladle arm fault,Casting Process/Equipment,07:40 PM,07:50 PM
18-Jul-23,AAC Plant 2,1,500-3,G903 Stator Wheel DC,7,Die Change,25,scheduled die change b cavity balance,Die Related,09:00 AM,09:25 AM
18-Jul-23,AAC Plant 2,1,500-3,G903 Stator Wheel DC,7,Condition Check Die,10,cond check,Die Related,05:50 AM,06:00 AM
18-Jul-23,AAC Plant 2,2,2250-7,A467 Transmission Housing DC,4,Die Change,80,sched die change sprue core,Die Related,10:30 PM,11:50 PM
18-Jul-23,AAC Plant 2,2,2250-8,19MY NONPTO TRANSMISSION CASE DC,1,Die Change,75,die change bent pin on c1q,Die Related,01:30 AM,02:45 AM
19-Jul-23,AAC Plant 2,1,2250-12,BC01 Transmission Case DC,11,Metal Delivery,25,cold metal temo,Casting Process/Equipment,12:35 PM,01:00 PM
19-Jul-23,AAC Plant 2,1,800-2,G300 CENTER SUPPORT DC,11,Die Change,60,die change,Die Related,06:40 AM,07:40 AM
24-Jul-23,AAC Plant 2,1,2250-2,908K TAH AWD DC,3,Other (Indirect),10,air pressure low,Casting Process/Equipment,05:35 AM,05:45 AM
24-Jul-23,AAC Plant 2,1,2250-3,G300 TA HOUSING FWD DC,3,Other (Indirect),15,air pressure low,Casting Process/Equipment,05:30 AM,05:45 AM
24-Jul-23,AAC Plant 2,1,2250-9,881 Oil Pan DC,9,Date Stamp-ID,15,date stamp,Casting Process/Equipment,05:00 AM,05:15 AM
24-Jul-23,AAC Plant 2,1,500-3,G903 Stator Wheel DC,8,Date Stamp-ID,20,low air psi,Casting Process/Equipment,05:34 AM,05:54 AM
24-Jul-23,AAC Plant 2,1,800-3,G300 CENTER SUPPORT DC,12,Date Stamp-ID,20,air psi low,Casting Process/Equipment,05:38 AM,05:58 AM
24-Jul-23,AAC Plant 2,2,2250-10,946F Crankcase DC,12,Die Change,210,shut down qc req,Die Related,12:30 AM,04:00 AM
24-Jul-23,AAC Plant 2,2,2250-6,946F Crankcase DC,7,Die Change,15,carry over from 1st adj spray shot,Die Related,05:15 PM,05:30 PM
24-Jul-23,AAC Plant 2,2,2250-8,19MY NONPTO TRANSMISSION CASE DC,1,Die Change,0,scheduled die change,Die Related,03:00 AM,04:00 AM
24-Jul-23,AAC Plant 2,2,500-3,G903 Stator Wheel DC,8,Condition Check Die,10,cond check,Die Related,08:00 PM,08:10 PM
24-Jul-23,AAC Plant 2,2,800-1,908K Center Support DC,3,Condition Check Machine,30,cond check,Casting Process/Equipment,08:00 PM,08:30 PM
25-Jul-23,AAC Plant 2,1,2250-4,984F Crankcase DC,1,Condition Check Die,10,cond check,Die Related,07:25 AM,07:35 AM
25-Jul-23,AAC Plant 2,1,2250-4,984F Crankcase DC,1,Clean Up,0,scheduled die change during 4s maint replace ej hose,Casting Process/Equipment,09:00 AM,10:00 AM
25-Jul-23,AAC Plant 2,1,800-1,908K Center Support DC,2,Die Change,95,die change main core leaking,Die Related,07:00 AM,08:35 AM
25-Jul-23,AAC Plant 2,2,800-2,G300 CENTER SUPPORT DC,9,Die Change,60,die change,Die Related,02:35 AM,03:35 AM
26-Jul-23,AAC Plant 2,1,2250-11,BC01 Transmission Case DC,12,Clean Up,10,over 4s,Casting Process/Equipment,12:45 PM,12:55 PM
26-Jul-23,AAC Plant 2,1,2250-14,G300 TRANSMISSION CASE DC,8,Metal Delivery,10,out of metal,Casting Process/Equipment,01:30 PM,01:40 PM
26-Jul-23,AAC Plant 2,1,2250-8,19MY PTO TRANSMISSION CASE DC,4,Die Change,0,scheduled die change,Die Related,03:00 PM,05:00 PM
26-Jul-23,AAC Plant 2,1,500-3,G903 Stator Wheel DC,8,Condition Check Die,60,cond check high ej pin,Die Related,09:30 AM,10:30 AM
26-Jul-23,AAC Plant 2,1,800-1,908K Center Support DC,1,Die Change,0,die change during 4s+d p1 powder cylinder abnormal,Die Related,09:32 AM,10:32 AM
26-Jul-23,AAC Plant 2,1,800-1,908K Center Support DC,3,Condition Check Die,25,cond check,Die Related,02:27 PM,02:52 PM
26-Jul-23,AAC Plant 2,2,2250-5,G298 TA HOUSING AWD DC,7,Die Change,205,carry over waitn on back up die to be ready,Die Related,05:15 PM,08:40 PM
26-Jul-23,AAC Plant 2,2,2250-7,A467 Adaptor DC,3,Condition Check Die,45,cond check,Die Related,10:05 PM,10:50 PM
26-Jul-23,AAC Plant 2,2,800-1,908K Center Support DC,3,Condition Check Machine,20,cond check,Casting Process/Equipment,06:20 PM,06:40 PM
27-Jul-23,AAC Plant 2,1,2250-1,946F Crankcase DC,14,Water/Die Lube Supply,20,cooling water fault,Casting Process/Equipment,06:15 AM,06:35 AM
27-Jul-23,AAC Plant 2,1,2250-10,946F Crankcase DC,10,Condition Check Die,15,cond check qc req,Die Related,07:35 AM,07:50 AM
27-Jul-23,AAC Plant 2,1,2250-5,G298 TA HOUSING AWD DC,7,Water/Die Lube Supply,10,spray robot fault,Casting Process/Equipment,06:50 AM,07:00 AM
27-Jul-23,AAC Plant 2,1,2250-7,A467 Adaptor DC,3,Date Stamp-ID,10,wrong date stamp,Casting Process/Equipment,06:20 AM,06:30 AM
27-Jul-23,AAC Plant 2,1,2250-8,19MY PTO TRANSMISSION CASE DC,1,Date Stamp-ID,10,date stamp stuck,Casting Process/Equipment,05:15 AM,05:25 AM
27-Jul-23,AAC Plant 2,1,2250-8,19MY PTO TRANSMISSION CASE DC,1,Date Stamp-ID,10,wrong dtate stamp,Casting Process/Equipment,06:20 AM,06:30 AM
27-Jul-23,AAC Plant 2,2,2250-12,BC01 Transmission Case DC,14,Metal Delivery,70,shaker jammed,Casting Process/Equipment,06:05 PM,07:15 PM
27-Jul-23,AAC Plant 2,2,2250-3,G300 TA HOUSING FWD DC,2,Die Change,0,scheduled die cahnge,Die Related,02:00 AM,04:00 AM
27-Jul-23,AAC Plant 2,2,2250-7,A467 Adaptor DC,3,Die Change,0,scheduled die change,Die Related,01:00 AM,03:00 AM
27-Jul-23,AAC Plant 2,2,800-2,G300 CENTER SUPPORT DC,10,Condition Check Machine,30,cond check,Casting Process/Equipment,04:00 AM,04:30 AM
28-Jul-23,AAC Plant 2,1,2250-5,G298 TA HOUSING AWD DC,7,Water/Die Lube Supply,30,spray robot fault,Casting Process/Equipment,01:35 AM,02:05 PM
28-Jul-23,AAC Plant 2,2,2250-3,908K TAH FWD DC,1,Die Change,0,scheduled die change carry over,Die Related,05:15 PM,05:40 PM
28-Jul-23,AAC Plant 2,2,2250-5,G298 TA HOUSING AWD DC,7,Metal Delivery,25,ladle fault,Casting Process/Equipment,01:55 AM,02:20 AM
28-Jul-23,AAC Plant 2,2,800-2,G300 CENTER SUPPORT DC,10,Die Change,60,die change,Die Related,01:00 AM,02:00 AM
29-Jul-23,AAC Plant 2,1,800-2,G300 CENTER SUPPORT DC,13,Die Change,68,die change,Die Related,05:22 AM,06:30 AM
29-Jul-23,AAC Plant 2,1,800-2,G300 CENTER SUPPORT DC,14,Condition Check Die,148,part ng,Die Related,11:14 AM,01:39 PM
31-Jul-23,AAC Plant 2,1,2250-10,946F Crankcase DC,10,Die Change,0,scheduled die change,Die Related,03:00 PM,05:00 PM
31-Jul-23,AAC Plant 2,1,2250-13,G300 TRANSMISSION CASE DC,9,Metal Delivery,105,cold metal,Casting Process/Equipment,06:45 AM,08:30 AM
31-Jul-23,AAC Plant 2,1,2250-14,G300 TRANSMISSION CASE DC,8,Metal Delivery,20,out of metal,Casting Process/Equipment,10:25 AM,10:45 AM
31-Jul-23,AAC Plant 2,1,2250-7,A467 Adaptor DC,3,Die Change,0,scheduled die change,Die Related,05:30 AM,08:15 AM
31-Jul-23,AAC Plant 2,1,500-3,G903 Stator Wheel DC,8,Metal Delivery,35,furnace temp low,Casting Process/Equipment,06:45 AM,07:20 AM
31-Jul-23,AAC Plant 2,1,800-1,908K Center Support DC,3,Die Change,0,scheduled die change,Die Related,07:45 AM,11:05 AM
31-Jul-23,AAC Plant 2,2,1650-1,"103E Oil Pan, No. 1  DC",3,Die Change,60,cont die change,Die Related,11:00 PM,12:00 AM
31-Jul-23,AAC Plant 2,2,2250-10,946F Crankcase DC,10,Die Change,165,shut down qc req bent pin ms c3,Die Related,06:15 PM,09:00 PM
31-Jul-23,AAC Plant 2,2,2250-7,A467 Adaptor DC,3,Die Change,0,sched die change,Die Related,03:00 AM,04:00 AM
1-Aug-23,AAC Plant 2,1,1650-1,"103E Oil Pan, No. 1  DC",2,N/G Tip or Sleeve Change,190,sleeve and tip change,Casting Process/Equipment,06:50 AM,10:00 AM
1-Aug-23,AAC Plant 2,1,2250-1,946F Crankcase DC,14,Condition Check Die,10,condition check ok,Casting Process/Equipment,08:10 AM,08:20 AM
1-Aug-23,AAC Plant 2,1,2250-12,BC01 Transmission Case DC,14,Condition Check Die,55,cold shut on part,Die Related,02:20 PM,03:15 PM
1-Aug-23,AAC Plant 2,1,800-1,G300 CENTER SUPPORT DC,13,Die Change,80,flashed through powder pin,Die Related,12:30 PM,01:50 PM
1-Aug-23,AAC Plant 2,2,2250-14,G300 TRANSMISSION CASE DC,5,Metal Delivery,15,out of metal,Casting Process/Equipment,11:50 PM,12:05 AM
1-Aug-23,AAC Plant 2,2,500-3,G903 Stator Wheel DC,8,Condition Check Die,20,a-cav not spinning,Die Related,02:00 AM,02:20 AM
1-Aug-23,AAC Plant 2,2,500-3,G903 Stator Wheel DC,8,Condition Check Die,20,floor height ng,Die Related,10:30 PM,10:50 PM
2-Aug-23,AAC Plant 2,1,2250-11,BC01 Transmission Case DC,13,Condition Check Die,35,cond check,Die Related,10:00 AM,10:35 AM
2-Aug-23,AAC Plant 2,1,2250-6,946F Crankcase DC,10,Die Change,30,carry over die change,Die Related,05:15 AM,05:45 AM
2-Aug-23,AAC Plant 2,1,2250-6,946F Crankcase DC,10,Die Change,230,set ms,Die Related,10:25 AM,02:15 PM
2-Aug-23,AAC Plant 2,1,2250-6,946F Crankcase DC,10,Die Change,-230,,,,
2-Aug-23,AAC Plant 2,1,2250-6,946F Crankcase DC,10,Die Change,-30,,,,
2-Aug-23,AAC Plant 2,1,2250-6,946F Crankcase DC,10,Die Change,30,carry over die change,Die Related,05:15 AM,05:45 AM
2-Aug-23,AAC Plant 2,1,2250-8,G300 TA HOUSING FWD DC,4,Die Change,45,die change,Die Related,05:00 AM,05:45 AM
2-Aug-23,AAC Plant 2,1,2250-9,881 Oil Pan DC,9,Metal Delivery,15,ladle arm over ran out of metal,Casting Process/Equipment,01:00 PM,01:15 PM
2-Aug-23,AAC Plant 2,1,500-3,G903 Stator Wheel DC,8,Condition Check Die,15,cond check,Die Related,08:10 AM,08:25 AM
2-Aug-23,AAC Plant 2,1,800-2,G300 CENTER SUPPORT DC,14,Condition Check Die,53,cond checlk,Die Related,09:17 AM,10:13 AM
2-Aug-23,AAC Plant 2,2,2250-6,946F Crankcase DC,12,Die Change,280,carry over waiting on die,Die Related,05:15 PM,10:00 PM
2-Aug-23,AAC Plant 2,2,2250-6,946F Crankcase DC,12,Die Change,-280,,,,
2-Aug-23,AAC Plant 2,2,2250-7,A467 Adaptor DC,3,Die Change,0,scheduled die change,Die Related,05:15 PM,07:55 PM
3-Aug-23,AAC Plant 2,1,2250-1,946F Crankcase DC,14,Condition Check Die,15,cond check flash in sq pin,Die Related,01:30 PM,01:45 PM
3-Aug-23,AAC Plant 2,1,2250-14,G300 TRANSMISSION CASE DC,7,Condition Check Die,15,parts cracking,Die Related,07:40 AM,07:55 AM
3-Aug-23,AAC Plant 2,2,1650-1,"103E Oil Pan, No. 1  DC",2,Die Change,90,die change parts cracking,Die Related,01:15 AM,02:45 AM
3-Aug-23,AAC Plant 2,2,2250-1,946F Crankcase DC,14,Die Change,0,sched die change,Die Related,05:35 AM,09:20 AM
3-Aug-23,AAC Plant 2,2,2250-3,908K TAH FWD DC,2,Die Change,0,scheduled die change,Die Related,05:15 AM,05:35 AM
3-Aug-23,AAC Plant 2,2,800-1,908K Center Support DC,3,Metal Delivery,8,melt finishing up furnace cleaning,Casting Process/Equipment,11:30 PM,11:38 PM
4-Aug-23,AAC Plant 2,1,2250-1,946F Crankcase DC,10,Condition Check Machine,50,PE working on ulr,Casting Process/Equipment,09:05 AM,09:55 AM
4-Aug-23,AAC Plant 2,1,2250-10,946F Crankcase DC,11,Metal Delivery,30,cold metal,Casting Process/Equipment,10:35 AM,11:05 AM
4-Aug-23,AAC Plant 2,1,2250-9,881 Oil Pan DC,9,Die Change,0,sched die change,Die Related,07:00 AM,09:00 AM
4-Aug-23,AAC Plant 2,1,2250-9,"103E Oil Pan, No. 1  DC",1,Condition Check Die,25,parts cracking,Die Related,09:15 AM,09:40 AM
4-Aug-23,AAC Plant 2,1,800-3,G300 CENTER SUPPORT DC,12,Condition Check Die,22,cond checlk,Die Related,03:13 PM,03:35 PM
4-Aug-23,AAC Plant 2,2,2250-6,946F Crankcase DC,7,Clean Up,20,cond check ng hook,Casting Process/Equipment,06:10 AM,06:30 AM
4-Aug-23,AAC Plant 2,2,2250-8,19MY PTO TRANSMISSION CASE DC,2,Condition Check Die,35,cond check,Die Related,05:30 PM,06:05 PM
4-Aug-23,AAC Plant 2,2,2250-9,881 Oil Pan DC,9,Die Change,0,scheduled die change,Die Related,06:05 PM,07:25 PM
5-Aug-23,AAC Plant 2,1,2250-1,946F Crankcase DC,14,Condition Check Die,10,cond check,Die Related,12:25 PM,12:35 PM
5-Aug-23,AAC Plant 2,1,2250-1,946F Crankcase DC,14,Condition Check Die,60,cond check,Die Related,06:30 AM,07:30 AM
5-Aug-23,AAC Plant 2,1,2250-6,946F Crankcase DC,7,Condition Check Die,105,cond check,Die Related,11:50 AM,01:35 PM
5-Aug-23,AAC Plant 2,1,2250-7,881 Oil Pan DC,10,Condition Check Die,15,cond check,Die Related,12:40 PM,12:55 PM
5-Aug-23,AAC Plant 2,1,800-1,908K Center Support DC,3,Condition Check Die,28,cond e-polish check,Die Related,09:02 AM,09:30 AM
5-Aug-23,AAC Plant 2,1,800-1,908K Center Support DC,3,Condition Check Die,17,cond check,Die Related,02:38 PM,02:55 PM
6-Aug-23,AAC Plant 2,2,1650-1,"103E Oil Pan, No. 1  DC",3,Metal Delivery,10,low metal,Casting Process/Equipment,09:00 PM,09:10 PM
7-Aug-23,AAC Plant 2,1,2250-1,946F Crankcase DC,14,Condition Check Die,250,cond check,Die Related,07:30 AM,11:35 AM
7-Aug-23,AAC Plant 2,1,2250-14,G300 TRANSMISSION CASE DC,5,Metal Delivery,15,out of metal,Casting Process/Equipment,02:25 PM,02:40 PM
7-Aug-23,AAC Plant 2,1,2250-14,G300 TRANSMISSION CASE DC,7,Condition Check Die,15,cond check,Die Related,08:45 AM,09:00 AM
7-Aug-23,AAC Plant 2,1,2250-4,984F Crankcase DC,3,Condition Check Die,15,cond check,Die Related,09:55 AM,10:10 AM
7-Aug-23,AAC Plant 2,1,2250-5,G298 TA HOUSING AWD DC,6,Condition Check Die,10,cond checl,Die Related,06:05 AM,06:15 AM
7-Aug-23,AAC Plant 2,1,2250-5,G298 TA HOUSING AWD DC,6,Clean Up,45,cond check developer check,Casting Process/Equipment,11:00 AM,11:45 AM
7-Aug-23,AAC Plant 2,1,2250-9,881 Oil Pan DC,9,Die Change,0,scheduled die change,Die Related,09:10 AM,11:25 AM
7-Aug-23,AAC Plant 2,2,1650-1,"103E Oil Pan, No. 1  DC",3,Condition Check Die,15,cond check,Die Related,02:20 AM,02:35 AM
7-Aug-23,AAC Plant 2,2,2250-11,BC01 Transmission Case DC,13,Condition Check Die,40,cond check,Die Related,06:25 PM,07:05 PM
7-Aug-23,AAC Plant 2,2,2250-11,BC01 Transmission Case DC,13,Condition Check Die,10,cond check,Die Related,11:50 AM,12:00 PM
7-Aug-23,AAC Plant 2,2,2250-7,A467 Adaptor DC,3,Die Change,0,scheduled die change,Die Related,05:15 PM,09:00 PM
7-Aug-23,AAC Plant 2,2,2250-9,881 Oil Pan DC,10,Die Change,110,die change parts cracking,Die Related,05:15 PM,07:05 PM
7-Aug-23,AAC Plant 2,2,800-1,908K Center Support DC,3,Condition Check Machine,19,cond check,Casting Process/Equipment,02:11 AM,02:30 AM
8-Aug-23,AAC Plant 2,1,1650-1,"103E Oil Pan, No. 1  DC",3,Metal Delivery,95,cold metal,Casting Process/Equipment,11:55 AM,01:30 PM
8-Aug-23,AAC Plant 2,1,2250-13,G300 TRANSMISSION CASE DC,10,Metal Delivery,50,metal temp low,Casting Process/Equipment,11:10 AM,12:00 PM
8-Aug-23,AAC Plant 2,1,2250-5,G298 TA HOUSING AWD DC,6,Condition Check Die,10,cond check pin leaking on c3,Die Related,06:20 AM,06:30 AM
8-Aug-23,AAC Plant 2,2,2250-11,BC01 Transmission Case DC,12,Die Change,180,die change,Die Related,05:15 PM,08:15 PM
8-Aug-23,AAC Plant 2,2,2250-12,BC01 Transmission Case DC,11,Clean Up,15,clean up parts left inside ulr cage,Casting Process/Equipment,05:15 PM,05:30 PM
9-Aug-23,AAC Plant 2,1,2250-10,946F Crankcase DC,12,Die Change,90,setting die,Die Related,05:00 AM,06:30 AM
9-Aug-23,AAC Plant 2,1,2250-11,BC01 Transmission Case DC,12,Clean Up,45,replace tip lube lines,Casting Process/Equipment,04:00 AM,04:45 AM
9-Aug-23,AAC Plant 2,1,2250-4,984F Crankcase DC,4,Condition Check Die,10,cond check,Die Related,12:35 PM,12:45 PM
9-Aug-23,AAC Plant 2,1,2250-6,946F Crankcase DC,7,Die Change,0,scheduled die change,Die Related,01:00 PM,02:20 PM
9-Aug-23,AAC Plant 2,1,2250-9,881 Oil Pan DC,10,Die Change,0,scheduled die change,Die Related,06:40 AM,07:45 AM
9-Aug-23,AAC Plant 2,2,1650-1,"103E Oil Pan, No. 1  DC",3,Clean Up,45,e-polish,Casting Process/Equipment,01:30 AM,02:15 AM
9-Aug-23,AAC Plant 2,2,2250-1,946F Crankcase DC,14,Clean Up,60,cond check no leaks,Casting Process/Equipment,08:55 PM,09:55 PM
9-Aug-23,AAC Plant 2,2,2250-13,G300 TRANSMISSION CASE DC,10,Metal Delivery,40,molt metal detect,Casting Process/Equipment,03:20 AM,04:00 AM
9-Aug-23,AAC Plant 2,2,2250-13,G300 TRANSMISSION CASE DC,10,Metal Delivery,30,molt metal detect,Casting Process/Equipment,01:40 AM,02:10 AM
9-Aug-23,AAC Plant 2,2,2250-14,G300 TRANSMISSION CASE DC,5,Metal Delivery,10,molt metal,Casting Process/Equipment,12:45 AM,12:55 AM
9-Aug-23,AAC Plant 2,2,2250-14,G300 TRANSMISSION CASE DC,5,Metal Delivery,20,molt metal,Casting Process/Equipment,01:50 AM,02:10 AM
9-Aug-23,AAC Plant 2,2,2250-14,G300 TRANSMISSION CASE DC,5,Metal Delivery,10,molt metal low,Casting Process/Equipment,02:35 AM,02:45 AM
9-Aug-23,AAC Plant 2,2,2250-14,G300 TRANSMISSION CASE DC,5,Metal Delivery,30,molt metal out of metal,Casting Process/Equipment,03:30 AM,04:00 AM
9-Aug-23,AAC Plant 2,2,2250-3,G300 TA HOUSING FWD DC,2,Ladle-ID,85,ulr fault ladle bearing ng,Casting Process/Equipment,06:50 PM,08:15 PM
9-Aug-23,AAC Plant 2,2,2250-6,984F Crankcase DC,3,Die Change,135,shut down die repair,Die Related,02:15 AM,04:30 AM
9-Aug-23,AAC Plant 2,2,2250-7,A467 Transmission Housing DC,4,Die Change,0,scheduled die change,Die Related,03:00 AM,04:45 AM
9-Aug-23,AAC Plant 2,2,500-3,G903 Stator Wheel DC,8,Condition Check Machine,10,metal  build up,Casting Process/Equipment,06:30 PM,06:40 PM
9-Aug-23,AAC Plant 2,2,800-2,G300 CENTER SUPPORT DC,10,Clean Up,34,cond monitor fualt,Casting Process/Equipment,05:15 PM,05:49 PM
10-Aug-23,AAC Plant 2,1,2250-1,946F Crankcase DC,14,Condition Check Die,10,developer check,Die Related,09:20 AM,09:30 AM
10-Aug-23,AAC Plant 2,1,2250-14,G300 TRANSMISSION CASE DC,5,Metal Delivery,20,out of metal,Casting Process/Equipment,11:40 AM,12:00 PM
10-Aug-23,AAC Plant 2,1,2250-4,984F Crankcase DC,4,Condition Check Die,20,cond check,Die Related,06:00 AM,06:20 AM
10-Aug-23,AAC Plant 2,1,2250-9,"103E Oil Pan, No. 1  DC",1,Condition Check Die,15,cond check,Die Related,08:30 AM,08:45 AM
10-Aug-23,AAC Plant 2,2,2250-1,946F Crankcase DC,14,Condition Check Die,25,cond check,Die Related,12:00 AM,12:25 AM
10-Aug-23,AAC Plant 2,2,2250-10,946F Crankcase DC,12,Die Change,90,shut down qc req,Die Related,12:00 PM,01:30 AM
10-Aug-23,AAC Plant 2,2,2250-12,BC01 Transmission Case DC,11,Condition Check Die,14,cond check parts crackng,Die Related,08:35 PM,09:00 PM
10-Aug-23,AAC Plant 2,2,2250-3,G300 TA HOUSING FWD DC,2,Die Change,0,sched die change,Die Related,08:40 PM,10:30 PM
10-Aug-23,AAC Plant 2,2,2250-6,984F Crankcase DC,2,Condition Check Die,30,cond check,Die Related,07:55 PM,08:25 PM
10-Aug-23,AAC Plant 2,2,2250-7,881 Oil Pan DC,10,Die Change,90,sched die change,Die Related,12:40 AM,02:10 AM
10-Aug-23,AAC Plant 2,2,500-3,G903 Stator Wheel DC,8,Condition Check Die,10,cond check,Die Related,02:00 AM,02:10 AM
10-Aug-23,AAC Plant 2,2,500-3,G903 Stator Wheel DC,8,Condition Check Die,10,cond check,Die Related,10:30 PM,10:40 PM
11-Aug-23,AAC Plant 2,1,2250-14,G300 TRANSMISSION CASE DC,5,Metal Delivery,10,out of metal,Casting Process/Equipment,10:20 AM,10:30 AM
11-Aug-23,AAC Plant 2,1,2250-4,984F Crankcase DC,4,Condition Check Die,10,cond check no leaks,Die Related,12:00 PM,12:10 PM
11-Aug-23,AAC Plant 2,1,800-1,908K Center Support DC,3,Condition Check Die,26,cond check,Die Related,12:24 PM,12:50 PM
11-Aug-23,AAC Plant 2,1,800-3,G300 CENTER SUPPORT DC,13,Date Stamp-ID,60,furnace cleaning,Casting Process/Equipment,08:10 AM,09:10 AM
11-Aug-23,AAC Plant 2,1,800-3,G300 CENTER SUPPORT DC,13,Die Change,60,die change,Die Related,02:00 AM,03:00 AM
11-Aug-23,AAC Plant 2,1,800-3,G300 CENTER SUPPORT DC,8,Die Change,60,die 3 change,Die Related,07:10 AM,08:10 AM
11-Aug-23,AAC Plant 2,2,2250-6,984F Crankcase DC,2,Metal Delivery,10,hot charge out of metal,Casting Process/Equipment,09:25 PM,09:35 PM
11-Aug-23,AAC Plant 2,2,500-3,G903 Stator Wheel DC,8,Condition Check Die,5,band thickness ng,Die Related,10:20 PM,10:25 PM
11-Aug-23,AAC Plant 2,2,800-2,G300 CENTER SUPPORT DC,10,Condition Check Machine,60,cond chec,Casting Process/Equipment,02:37 AM,03:37 AM
12-Aug-23,AAC Plant 2,1,2250-11,BC01 Transmission Case DC,12,Condition Check Die,45,cond check,Die Related,09:10 AM,09:55 AM
12-Aug-23,AAC Plant 2,1,2250-12,BC01 Transmission Case DC,11,Condition Check Die,15,cracks on parts,Die Related,07:05 AM,07:20 AM
12-Aug-23,AAC Plant 2,1,800-1,G300 CENTER SUPPORT DC,10,Condition Check Die,18,cond check,Die Related,08:40 AM,08:58 AM
12-Aug-23,AAC Plant 2,2,2250-3,G300 TA HOUSING FWD DC,3,Die Change,0,sched die chaneg,Die Related,01:00 AM,04:00 AM
12-Aug-23,AAC Plant 2,2,2250-8,19MY NONPTO TRANSMISSION CASE DC,1,Metal Delivery,20,ladle over run fault,Casting Process/Equipment,02:00 AM,02:20 AM
12-Aug-23,AAC Plant 2,2,800-3,G300 CENTER SUPPORT DC,14,Clean Up,15,shift change,Casting Process/Equipment,05:00 AM,05:15 PM
14-Aug-23,AAC Plant 2,1,2250-1,946F Crankcase DC,14,Condition Check Die,10,cond check per qc porosity,Die Related,10:05 AM,10:15 AM
14-Aug-23,AAC Plant 2,1,2250-1,946F Crankcase DC,14,Water/Die Lube Supply,30,shot fwd pto,Casting Process/Equipment,07:30 AM,08:00 AM
14-Aug-23,AAC Plant 2,1,2250-4,984F Crankcase DC,4,Condition Check Die,45,ng parts cond check,Die Related,02:15 PM,03:00 PM
14-Aug-23,AAC Plant 2,1,2250-7,A467 Extension Housing DC,1,Die Change,0,scheduled die change,Die Related,05:15 AM,07:40 AM
14-Aug-23,AAC Plant 2,1,500-2,B700 V6 Stator Wheel DC,10,Die Change,120,die change,Die Related,06:45 AM,08:45 AM
14-Aug-23,AAC Plant 2,1,500-2,B700 V6 Stator Wheel DC,4,Date Stamp-ID,115,b cavity not gauging shut down,Casting Process/Equipment,03:05 PM,05:00 PM
14-Aug-23,AAC Plant 2,2,2250-14,G300 TRANSMISSION CASE DC,5,Metal Delivery,10,low metal alarm,Casting Process/Equipment,07:55 PM,08:05 PM
14-Aug-23,AAC Plant 2,2,2250-4,984F Crankcase DC,4,Condition Check Die,20,cind check,Die Related,12:00 AM,12:20 AM
14-Aug-23,AAC Plant 2,2,2250-6,984F Crankcase DC,2,Die Change,0,scheduled die change,Die Related,02:35 AM,04:30 AM
14-Aug-23,AAC Plant 2,2,2250-7,881 Oil Pan DC,10,Die Change,0,scheduled die change,Die Related,05:15 PM,07:15 PM
14-Aug-23,AAC Plant 2,2,500-3,G903 Stator Wheel DC,8,Condition Check Die,20,cond check,Die Related,01:30 AM,01:50 AM
15-Aug-23,AAC Plant 2,1,2250-1,946F Crankcase DC,14,Condition Check Die,10,cond check tl req,Die Related,06:30 AM,06:40 AM
15-Aug-23,AAC Plant 2,1,2250-3,908K TAH FWD DC,1,Die Change,0,scheduled die change,Die Related,11:00 AM,01:25 PM
15-Aug-23,AAC Plant 2,1,2250-5,G298 TA HOUSING AWD DC,4,Condition Check Die,10,cond checl,Die Related,01:30 PM,01:40 PM
15-Aug-23,AAC Plant 2,1,2250-5,G298 TA HOUSING AWD DC,7,Condition Check Die,5,cond check crack insert,Die Related,09:15 AM,09:20 AM
15-Aug-23,AAC Plant 2,1,2250-8,19MY PTO TRANSMISSION CASE DC,4,Die Change,0,scheduled die change,Die Related,03:00 PM,05:00 PM
15-Aug-23,AAC Plant 2,1,500-3,G903 Stator Wheel DC,8,Die Change,60,die change,Die Related,10:00 AM,11:00 AM
15-Aug-23,AAC Plant 2,2,2250-13,G300 TRANSMISSION CASE DC,10,Condition Check Machine,60,cond check found fix spray pipe broke off in check valve,Casting Process/Equipment,06:00 PM,07:00 PM
15-Aug-23,AAC Plant 2,2,2250-7,881 Oil Pan DC,10,Die Change,0,scheduled die change,Die Related,03:00 AM,04:45 AM
15-Aug-23,AAC Plant 2,2,500-2,B700 V6 Stator Wheel DC,10,Die Change,60,finish die change,Die Related,12:30 AM,01:30 AM
15-Aug-23,AAC Plant 2,2,500-3,G903 Stator Wheel DC,7,Condition Check Machine,10,shot monitor,Casting Process/Equipment,10:50 PM,11:00 PM
16-Aug-23,AAC Plant 2,1,500-3,G903 Stator Wheel DC,7,Condition Check Die,75,cond check ph eye,Die Related,11:45 AM,01:00 PM
16-Aug-23,AAC Plant 2,1,800-3,G300 CENTER SUPPORT DC,14,Metal Delivery,25,melt over fill furnace,Casting Process/Equipment,08:10 AM,08:35 AM
16-Aug-23,AAC Plant 2,2,2250-11,BC01 Transmission Case DC,12,Clean Up,20,still waiting on die maint,Casting Process/Equipment,12:50 AM,01:10 AM
16-Aug-23,AAC Plant 2,2,2250-12,BC01 Transmission Case DC,14,Other (Indirect),10,shaker backed up,Casting Process/Equipment,05:50 PM,06:00 PM
16-Aug-23,AAC Plant 2,2,2250-13,G300 TRANSMISSION CASE DC,10,Die Change,285,die change carry over,Die Related,05:15 PM,10:00 PM
16-Aug-23,AAC Plant 2,2,2250-8,G300 TA HOUSING FWD DC,4,Die Change,0,scheduled die change,Die Related,03:00 AM,04:45 AM
16-Aug-23,AAC Plant 2,2,500-2,B700 V6 Stator Wheel DC,4,Condition Check Die,25,cond check,Die Related,07:20 PM,07:45 PM
16-Aug-23,AAC Plant 2,2,500-2,B700 V6 Stator Wheel DC,4,Condition Check Die,11,cond checl,Die Related,03:30 AM,03:41 AM
16-Aug-23,AAC Plant 2,2,800-2,G300 CENTER SUPPORT DC,10,Condition Check Die,36,cond check chunk out,Die Related,07:27 AM,08:33 PM
17-Aug-23,AAC Plant 2,1,2250-3,G298 TA HOUSING AWD DC,6,Die Change,60,pulled die 6 set 5,Die Related,11:30 AM,12:30 PM
17-Aug-23,AAC Plant 2,1,2250-5,G298 TA HOUSING AWD DC,2,Die Change,0,sched die change 4s+d,Die Related,11:00 AM,12:00 PM
17-Aug-23,AAC Plant 2,1,2250-5,G298 TA HOUSING AWD DC,4,Condition Check Die,20,cond check,Die Related,01:00 PM,01:20 AM
17-Aug-23,AAC Plant 2,1,2250-8,19MY PTO TRANSMISSION CASE DC,1,Date Stamp-ID,15,date stamp stuck,Casting Process/Equipment,05:15 AM,05:30 AM
17-Aug-23,AAC Plant 2,1,2250-8,19MY PTO TRANSMISSION CASE DC,1,Date Stamp-ID,10,shut down /date stamp,Casting Process/Equipment,07:00 AM,07:10 AM
17-Aug-23,AAC Plant 2,1,2250-9,881 Oil Pan DC,11,Metal Delivery,35,ladle ran over,Casting Process/Equipment,09:55 AM,10:30 AM
17-Aug-23,AAC Plant 2,1,500-3,G903 Stator Wheel DC,7,Condition Check Die,20,cond check,Die Related,05:25 AM,05:45 AM
17-Aug-23,AAC Plant 2,1,500-3,G903 Stator Wheel DC,7,Condition Check Die,10,cond check,Die Related,02:00 PM,02:10 PM
17-Aug-23,AAC Plant 2,1,800-3,G300 CENTER SUPPORT DC,14,Metal Delivery,5,metal temp low,Casting Process/Equipment,10:20 AM,10:25 AM
17-Aug-23,AAC Plant 2,1,800-3,G300 CENTER SUPPORT DC,14,Date Stamp-ID,27,out of baskets waiting on pc,Casting Process/Equipment,01:33 PM,02:00 PM
17-Aug-23,AAC Plant 2,1,800-3,G300 CENTER SUPPORT DC,14,Metal Delivery,10,metal temp low,Casting Process/Equipment,07:38 AM,07:48 AM
17-Aug-23,AAC Plant 2,2,2250-11,BC01 Transmission Case DC,12,Condition Check Die,40,e-polish,Die Related,07:45 AM,08:25 AM
17-Aug-23,AAC Plant 2,2,2250-3,G298 TA HOUSING AWD DC,5,Die Change,0,scheduled die change,Die Related,04:00 AM,04:45 AM
17-Aug-23,AAC Plant 2,2,2250-8,19MY NONPTO TRANSMISSION CASE DC,1,Metal Delivery,15,molt netal low level,Casting Process/Equipment,06:45 PM,07:00 PM
17-Aug-23,AAC Plant 2,2,2250-9,881 Oil Pan DC,11,Metal Delivery,10,ladle arm fault  out of metal,Casting Process/Equipment,10:20 PM,10:30 PM
17-Aug-23,AAC Plant 2,2,500-3,G903 Stator Wheel DC,7,Condition Check Die,50,cond check b cavity,Die Related,09:00 PM,09:50 PM
18-Aug-23,AAC Plant 2,1,2250-3,G300 TA HOUSING FWD DC,3,Condition Check Die,35,cond check per qe,Die Related,08:05 AM,08:40 AM
18-Aug-23,AAC Plant 2,1,2250-8,19MY NONPTO TRANSMISSION CASE DC,1,Date Stamp-ID,10,date stamp stuck,Casting Process/Equipment,05:15 AM,05:25 AM
18-Aug-23,AAC Plant 2,1,2250-8,19MY NONPTO TRANSMISSION CASE DC,1,Die Change,0,sched die change,Die Related,02:45 PM,05:00 PM
18-Aug-23,AAC Plant 2,1,2250-9,881 Oil Pan DC,11,Die Change,0,scheduled die change,Die Related,10:00 AM,12:05 PM
18-Aug-23,AAC Plant 2,1,800-2,G300 CENTER SUPPORT DC,10,Metal Delivery,9,cycle over low metal,Casting Process/Equipment,08:00 AM,08:09 AM
18-Aug-23,AAC Plant 2,2,2250-3,G300 TA HOUSING FWD DC,3,Clean Up,10,over 4s+d,Casting Process/Equipment,09:10 PM,09:20 PM
18-Aug-23,AAC Plant 2,2,2250-6,984F Crankcase DC,2,Die Change,145,die change,Die Related,02:05 AM,04:30 AM
18-Aug-23,AAC Plant 2,2,800-1,908K Center Support DC,2,Condition Check Machine,20,cond check,Casting Process/Equipment,02:21 AM,02:41 AM
18-Aug-23,AAC Plant 2,2,800-2,G300 CENTER SUPPORT DC,10,Condition Check Machine,21,cond check,Casting Process/Equipment,06:24 PM,06:45 PM
19-Aug-23,AAC Plant 2,1,2250-9,"103E Oil Pan, No. 1  DC",1,Condition Check Die,25,cond checl,Die Related,01:45 PM,02:10 PM
19-Aug-23,AAC Plant 2,1,2250-9,"103E Oil Pan, No. 1  DC",1,Condition Check Die,135,cond check crack parts,Die Related,08:25 AM,10:40 AM
19-Aug-23,AAC Plant 2,2,2250-9,"103E Oil Pan, No. 1  DC",1,Other (Indirect),25,side shaker backed up,Casting Process/Equipment,01:35 AM,02:00 AM
21-Aug-23,AAC Plant 2,1,2250-12,BC01 Transmission Case DC,14,Condition Check Die,30,cond check,Die Related,01:00 AM,01:30 PM
21-Aug-23,AAC Plant 2,1,2250-13,G300 TRANSMISSION CASE DC,7,Metal Delivery,45,cold metal,Casting Process/Equipment,12:50 PM,01:35 PM
21-Aug-23,AAC Plant 2,1,2250-14,G300 TRANSMISSION CASE DC,10,Condition Check Die,15,cond check,Die Related,02:50 PM,03:05 PM
21-Aug-23,AAC Plant 2,1,2250-2,908K TAH FWD DC,1,Die Change,0,scheduled die change,Die Related,03:00 AM,05:00 PM
21-Aug-23,AAC Plant 2,1,2250-8,19MY PTO TRANSMISSION CASE DC,1,Condition Check Die,10,cond check water flow c4,Die Related,07:25 AM,07:35 AM
21-Aug-23,AAC Plant 2,1,2250-8,19MY PTO TRANSMISSION CASE DC,1,Date Stamp-ID,15,date stamp stuck,Casting Process/Equipment,05:30 AM,05:45 AM
21-Aug-23,AAC Plant 2,1,2250-8,19MY PTO TRANSMISSION CASE DC,1,Condition Check Die,15,pe cond check,Die Related,12:00 PM,12:15 PM
21-Aug-23,AAC Plant 2,1,2250-8,19MY PTO TRANSMISSION CASE DC,1,Die Change,0,scheduled die change,Die Related,12:15 PM,02:15 PM
21-Aug-23,AAC Plant 2,1,2250-9,881 Oil Pan DC,11,Die Change,0,scheduled die change,Die Related,05:00 AM,07:20 AM
21-Aug-23,AAC Plant 2,1,800-2,G300 CENTER SUPPORT DC,10,Metal Delivery,20,cycle over low metal,Casting Process/Equipment,07:34 AM,07:54 AM
21-Aug-23,AAC Plant 2,1,800-3,G300 CENTER SUPPORT DC,14,Metal Delivery,13,metal temp,Casting Process/Equipment,08:54 AM,09:07 AM
21-Aug-23,AAC Plant 2,2,2250-14,G300 TRANSMISSION CASE DC,8,Condition Check Die,10,cond check,Die Related,06:00 PM,06:10 PM
21-Aug-23,AAC Plant 2,2,2250-14,G300 TRANSMISSION CASE DC,8,Condition Check Die,25,cond checl,Die Related,11:05 PM,11:30 PM
21-Aug-23,AAC Plant 2,2,2250-14,G300 TRANSMISSION CASE DC,8,Condition Check Die,35,cond check die,Die Related,12:25 AM,01:00 AM
21-Aug-23,AAC Plant 2,2,800-1,908K Center Support DC,2,Condition Check Machine,26,cond checlk,Casting Process/Equipment,03:39 AM,04:05 AM
21-Aug-23,AAC Plant 2,2,800-2,G300 CENTER SUPPORT DC,11,Die Change,0,scheduled die change,Die Related,05:15 PM,06:30 PM
21-Aug-23,AAC Plant 2,2,800-3,G300 CENTER SUPPORT DC,14,Condition Check Machine,15,cond check,Casting Process/Equipment,04:30 AM,04:45 AM
22-Aug-23,AAC Plant 2,1,2250-1,946F Crankcase DC,14,Condition Check Die,20,cond check,Die Related,08:40 AM,09:00 AM
22-Aug-23,AAC Plant 2,1,500-2,B700 V6 Stator Wheel DC,10,Die Change,45,carry over die change,Die Related,05:15 AM,06:00 AM
22-Aug-23,AAC Plant 2,1,500-3,G903 Stator Wheel DC,7,Condition Check Die,25,cond check,Die Related,12:50 PM,01:15 PM
22-Aug-23,AAC Plant 2,2,2250-10,946F Crankcase DC,9,Clean Up,265,eop hyd cylinder came apart c2,Casting Process/Equipment,12:35 AM,05:00 AM
22-Aug-23,AAC Plant 2,2,2250-10,946F Crankcase DC,9,Condition Check Die,40,cond check,Die Related,08:05 PM,08:45 PM
22-Aug-23,AAC Plant 2,2,2250-11,BC01 Transmission Case DC,12,Metal Delivery,10,die close t/o,Casting Process/Equipment,03:25 AM,03:35 AM
22-Aug-23,AAC Plant 2,2,2250-3,G300 TA HOUSING FWD DC,3,Die Change,0,scheduled die change,Die Related,03:00 AM,04:45 AM
22-Aug-23,AAC Plant 2,2,2250-9,881 Oil Pan DC,11,Condition Check Die,30,shut down qc req,Die Related,11:25 PM,11:55 PM
22-Aug-23,AAC Plant 2,2,800-1,908K Center Support DC,2,Condition Check Machine,75,cond check,Casting Process/Equipment,03:15 AM,04:30 AM
23-Aug-23,AAC Plant 2,1,2250-10,946F Crankcase DC,9,Other (Indirect),15,shaker jammed,Casting Process/Equipment,10:30 AM,10:45 AM
23-Aug-23,AAC Plant 2,1,2250-11,BC01 Transmission Case DC,12,Other (Indirect),45,waiting on crane,Casting Process/Equipment,09:00 AM,09:45 AM
23-Aug-23,AAC Plant 2,1,2250-14,G300 TRANSMISSION CASE DC,9,Condition Check Die,15,cond check cracked insert main core,Die Related,05:45 AM,06:00 AM
23-Aug-23,AAC Plant 2,1,2250-6,984F Crankcase DC,3,Die Change,0,scheduled die change,Die Related,03:15 PM,05:00 PM
23-Aug-23,AAC Plant 2,1,2250-7,A467 Transmission Housing DC,4,Die Change,0,sched die change,Die Related,05:15 AM,07:50 AM
23-Aug-23,AAC Plant 2,1,2250-9,881 Oil Pan DC,11,Other (Indirect),30,shaker jammed,Casting Process/Equipment,10:30 AM,11:00 AM
23-Aug-23,AAC Plant 2,1,500-3,G903 Stator Wheel DC,7,Condition Check Die,45,cond check,Die Related,06:15 AM,07:00 AM
23-Aug-23,AAC Plant 2,1,800-1,908K Center Support DC,2,Die Change,75,die leaking carry over bad leak,Die Related,05:15 AM,06:40 AM
23-Aug-23,AAC Plant 2,2,2250-1,946F Crankcase DC,12,Clean Up,15,e-polish,Casting Process/Equipment,05:15 PM,05:30 PM
23-Aug-23,AAC Plant 2,2,2250-10,946F Crankcase DC,9,Condition Check Die,15,developer check c4,Die Related,09:05 PM,09:20 PM
23-Aug-23,AAC Plant 2,2,2250-12,BC01 Transmission Case DC,14,Condition Check Die,15,cond check,Die Related,03:00 AM,03:15 AM
23-Aug-23,AAC Plant 2,2,2250-8,G300 TA HOUSING FWD DC,3,Clean Up,85,startt production,Casting Process/Equipment,02:40 AM,03:35 AM
23-Aug-23,AAC Plant 2,2,800-3,G300 CENTER SUPPORT DC,14,Ladle-ID,30,ladle fault broke wire,Casting Process/Equipment,02:05 AM,02:35 AM
24-Aug-23,AAC Plant 2,1,2250-1,946F Crankcase DC,12,Clean Up,35,water leak onto the back aisle,Casting Process/Equipment,09:00 AM,09:35 AM
24-Aug-23,AAC Plant 2,1,2250-10,946F Crankcase DC,9,Date Stamp-ID,15,start up late,Casting Process/Equipment,05:15 AM,05:30 AM
24-Aug-23,AAC Plant 2,1,2250-6,G300 TA HOUSING FWD DC,4,Condition Check Die,10,cond check die,Die Related,11:00 AM,11:10 AM
24-Aug-23,AAC Plant 2,1,2250-7,A467 Adaptor DC,3,Die Change,0,scheduled die change,Die Related,05:15 AM,07:25 AM
24-Aug-23,AAC Plant 2,1,2250-8,G300 TA HOUSING FWD DC,3,Condition Check Die,10,cond check,Die Related,07:05 AM,07:15 AM
24-Aug-23,AAC Plant 2,1,500-3,G903 Stator Wheel DC,7,Condition Check Die,5,cond check,Die Related,11:20 AM,11:25 AM
24-Aug-23,AAC Plant 2,2,2250-13,G300 TRANSMISSION CASE DC,7,Die Change,0,sched die change,Die Related,05:15 AM,09:00 AM
24-Aug-23,AAC Plant 2,2,2250-3,908K TAH FWD DC,1,Die Change,0,scheduled die cahnge,Die Related,11:20 PM,01:25 AM
24-Aug-23,AAC Plant 2,2,2250-8,G300 TA HOUSING FWD DC,3,Die Change,60,die change set my19pto,Die Related,12:50 AM,01:50 AM
24-Aug-23,AAC Plant 2,2,2250-8,19MY PTO TRANSMISSION CASE DC,4,Die Change,60,carry over die change,Die Related,01:50 AM,02:50 AM
25-Aug-23,AAC Plant 2,1,2250-4,984F Crankcase DC,5,Condition Check Die,15,cond checl,Die Related,09:00 AM,09:15 AM
25-Aug-23,AAC Plant 2,1,2250-7,A467 Extension Housing DC,1,Die Change,0,sched die change,Die Related,05:15 AM,10:00 AM
25-Aug-23,AAC Plant 2,1,800-2,G300 CENTER SUPPORT DC,11,Die Change,55,die change flash,Die Related,11:50 AM,12:45 PM
25-Aug-23,AAC Plant 2,2,2250-13,G300 TRANSMISSION CASE DC,7,Metal Delivery,10,low metal alarm,Casting Process/Equipment,08:05 AM,08:15 AM
25-Aug-23,AAC Plant 2,2,2250-14,G300 TRANSMISSION CASE DC,5,Metal Delivery,15,ladle return over run,Casting Process/Equipment,01:00 AM,01:15 AM
25-Aug-23,AAC Plant 2,2,2250-14,G300 TRANSMISSION CASE DC,5,Metal Delivery,10,ladle return opver ran,Casting Process/Equipment,09:00 AM,09:10 PM
25-Aug-23,AAC Plant 2,2,2250-7,881 Oil Pan DC,5,Die Change,0,sched die change,Die Related,05:15 PM,09:30 PM
25-Aug-23,AAC Plant 2,2,500-3,G903 Stator Wheel DC,7,Ladle-ID,30,ladle fault,Casting Process/Equipment,05:30 PM,06:00 PM
25-Aug-23,AAC Plant 2,2,800-1,908K Center Support DC,1,Die Change,60,die change,Die Related,03:45 AM,04:45 AM
26-Aug-23,AAC Plant 2,1,2250-7,881 Oil Pan DC,5,Condition Check Die,20,cond check,Die Related,12:40 PM,01:00 PM
26-Aug-23,AAC Plant 2,1,2250-7,881 Oil Pan DC,5,Condition Check Die,10,cond check,Die Related,05:45 AM,05:55 AM
26-Aug-23,AAC Plant 2,2,1650-1,"103E Oil Pan, No. 1  DC",2,Date Stamp-ID,5,cto,Casting Process/Equipment,05:25 PM,05:30 PM
26-Aug-23,AAC Plant 2,2,1650-1,"103E Oil Pan, No. 1  DC",2,Other (Indirect),15,e-stop,Casting Process/Equipment,01:35 AM,01:50 AM
26-Aug-23,AAC Plant 2,2,2250-12,BC01 Transmission Case DC,14,Other (Indirect),10,cto,Casting Process/Equipment,07:00 AM,07:10 PM
26-Aug-23,AAC Plant 2,2,2250-12,BC01 Transmission Case DC,14,Other (Indirect),15,cycle stop,Casting Process/Equipment,03:45 AM,04:00 AM
28-Aug-23,AAC Plant 2,1,2250-14,G300 TRANSMISSION CASE DC,5,Condition Check Die,15,cond check,Die Related,06:45 AM,07:00 AM
28-Aug-23,AAC Plant 2,1,2250-2,908K TAH AWD DC,1,Clean Up,0,scheduled 4s die change during,Casting Process/Equipment,10:30 AM,11:30 AM
28-Aug-23,AAC Plant 2,1,2250-3,908K TAH FWD DC,1,Die Change,0,scheduled die change,Die Related,03:30 PM,05:00 PM
28-Aug-23,AAC Plant 2,1,2250-3,908K TAH FWD DC,1,Condition Check Die,10,cond check ok,Die Related,02:10 PM,02:20 PM
28-Aug-23,AAC Plant 2,1,2250-4,19MY PTO TRANSMISSION CASE DC,4,Die Change,0,sched die change,Die Related,03:15 PM,05:00 PM
28-Aug-23,AAC Plant 2,1,2250-6,G300 TA HOUSING FWD DC,4,Die Change,0,scheduled die change,Die Related,07:15 AM,11:15 AM
28-Aug-23,AAC Plant 2,1,2250-7,881 Oil Pan DC,10,Die Change,0,scheduled die change (finish),Die Related,11:30 AM,12:35 PM
28-Aug-23,AAC Plant 2,1,2250-7,881 Oil Pan DC,10,Condition Check Die,20,PE check water flow,Die Related,10:10 AM,10:30 AM
28-Aug-23,AAC Plant 2,2,2250-11,BC01 Transmission Case DC,12,Condition Check Die,10,cond check,Die Related,07:25 PM,07:35 PM
28-Aug-23,AAC Plant 2,2,2250-9,881 Oil Pan DC,9,Condition Check Die,50,shut down qc req,Die Related,08:00 PM,08:50 PM
29-Aug-23,AAC Plant 2,1,2250-7,A467 Adaptor DC,3,Die Change,0,scheduled die change,Die Related,03:00 PM,05:00 PM
29-Aug-23,AAC Plant 2,1,2250-8,19MY PTO TRANSMISSION CASE DC,1,Date Stamp-ID,15,date stamp stuck,Casting Process/Equipment,05:15 AM,05:30 AM
29-Aug-23,AAC Plant 2,1,800-3,G300 CENTER SUPPORT DC,13,N/G Tip or Sleeve Change,109,shot sleeve cracked,Casting Process/Equipment,02:01 PM,03:50 PM
29-Aug-23,AAC Plant 2,2,2250-10,946F Crankcase DC,14,Die Change,215,die change water leak ms main core,Die Related,10:30 AM,02:05 AM
29-Aug-23,AAC Plant 2,2,2250-14,G300 TRANSMISSION CASE DC,6,Die Change,180,carry over die change,Die Related,05:15 AM,08:15 PM
29-Aug-23,AAC Plant 2,2,2250-3,908K TAH AWD DC,2,Die Change,0,scheduled die change,Die Related,11:00 PM,12:30 AM
29-Aug-23,AAC Plant 2,2,2250-5,G298 TA HOUSING AWD DC,5,Die Change,165,pwc fault,Die Related,01:15 AM,04:00 AM
30-Aug-23,AAC Plant 2,1,2250-10,946F Crankcase DC,7,Other (Indirect),15,cold metal,Casting Process/Equipment,08:55 AM,09:10 AM
30-Aug-23,AAC Plant 2,1,2250-10,946F Crankcase DC,9,Die Change,0,sched die change,Die Related,03:15 PM,04:45 PM
30-Aug-23,AAC Plant 2,1,2250-11,BC01 Transmission Case DC,12,Date Stamp-ID,15,date stamp,Casting Process/Equipment,05:00 AM,05:15 AM
30-Aug-23,AAC Plant 2,1,2250-4,984F Crankcase DC,4,Die Change,45,carry over die change,Die Related,05:00 AM,05:45 AM
30-Aug-23,AAC Plant 2,1,2250-6,984F Crankcase DC,3,Die Change,0,scheduled die change,Die Related,03:15 PM,04:45 PM
30-Aug-23,AAC Plant 2,1,2250-8,19MY NONPTO TRANSMISSION CASE DC,1,Die Change,0,scheduled die change,Die Related,08:50 AM,11:10 AM
30-Aug-23,AAC Plant 2,1,2250-8,19MY NONPTO TRANSMISSION CASE DC,1,Date Stamp-ID,60,date stamp stuck,Casting Process/Equipment,05:15 AM,06:15 AM
30-Aug-23,AAC Plant 2,1,2250-9,881 Oil Pan DC,9,Other (Indirect),5,PE checking die,Casting Process/Equipment,01:15 PM,01:20 PM
30-Aug-23,AAC Plant 2,1,2250-9,881 Oil Pan DC,9,Condition Check Die,10,pe chgecking pc on c2,Die Related,02:45 PM,02:55 PM
30-Aug-23,AAC Plant 2,1,2250-9,881 Oil Pan DC,9,Condition Check Die,20,failed s/a at customer,Die Related,08:15 AM,08:35 AM
30-Aug-23,AAC Plant 2,1,500-2,B700 V6 Stator Wheel DC,10,Condition Check Die,15,cond checlk,Die Related,06:30 AM,06:45 AM
30-Aug-23,AAC Plant 2,1,500-2,B700 V6 Stator Wheel DC,10,Condition Check Die,20,cond check,Die Related,05:35 AM,05:55 AM
30-Aug-23,AAC Plant 2,1,500-3,G903 Stator Wheel DC,7,Clean Up,15,cond check,Casting Process/Equipment,07:00 AM,07:15 AM
30-Aug-23,AAC Plant 2,2,2250-12,BC01 Transmission Case DC,12,Die Change,0,scheduled die change,Die Related,05:15 PM,07:30 PM
30-Aug-23,AAC Plant 2,2,2250-7,A467 Adaptor DC,3,Die Change,0,scheduled die change,Die Related,05:15 PM,07:05 PM
30-Aug-23,AAC Plant 2,2,500-3,G903 Stator Wheel DC,7,Condition Check Machine,20,cond check parts not spinning,Casting Process/Equipment,07:00 PM,07:20 AM
30-Aug-23,AAC Plant 2,2,500-3,G903 Stator Wheel DC,7,Condition Check Machine,15,cond check,Casting Process/Equipment,10:00 PM,10:15 PM
30-Aug-23,AAC Plant 2,2,500-3,G903 Stator Wheel DC,7,Condition Check Machine,5,cond checl,Casting Process/Equipment,02:30 AM,02:35 AM
30-Aug-23,AAC Plant 2,2,500-3,G903 Stator Wheel DC,7,Condition Check Machine,35,cond check,Casting Process/Equipment,03:00 AM,03:35 AM
30-Aug-23,AAC Plant 2,2,800-1,908K Center Support DC,2,Condition Check Machine,30,cond checl,Casting Process/Equipment,04:00 AM,04:30 AM
31-Aug-23,AAC Plant 2,1,1650-1,881 Oil Pan DC,10,Condition Check Die,20,cond check,Die Related,03:45 PM,03:35 PM
31-Aug-23,AAC Plant 2,1,500-3,G903 Stator Wheel DC,7,Condition Check Die,15,cond check,Die Related,12:15 PM,12:30 PM
31-Aug-23,AAC Plant 2,1,800-1,908K Center Support DC,2,Clean Up,20,clean hood robot cage sude,Casting Process/Equipment,05:15 AM,05:35 AM
31-Aug-23,AAC Plant 2,2,2250-13,G300 TRANSMISSION CASE DC,9,Die Change,0,scheduled die change,Die Related,05:15 PM,10:15 PM
31-Aug-23,AAC Plant 2,2,2250-8,G300 TA HOUSING FWD DC,3,Die Change,165,die change,Die Related,07:50 PM,11:35 PM
31-Aug-23,AAC Plant 2,2,2250-8,G300 TA HOUSING FWD DC,4,N/G Tip or Sleeve Change,185,shot fwd pto,Casting Process/Equipment,01:00 AM,04:05 AM
31-Aug-23,AAC Plant 2,2,2250-8,G300 TA HOUSING FWD DC,4,Die Change,5,start production,Die Related,12:50 AM,12:55 AM
31-Aug-23,AAC Plant 2,2,800-2,G300 CENTER SUPPORT DC,12,Die Change,15,setting ms,Die Related,09:40 PM,09:55 PM
31-Aug-23,AAC Plant 2,2,800-2,G300 CENTER SUPPORT DC,12,Condition Check Machine,28,cond check,Casting Process/Equipment,08:12 PM,08:40 PM
1-Sep-23,AAC Plant 2,1,1650-1,881 Oil Pan DC,10,Die Change,85,die change per manager,Die Related,07:40 AM,09:05 AM
1-Sep-23,AAC Plant 2,1,2250-10,946F Crankcase DC,14,Condition Check Die,15,cond check cold shot,Die Related,06:35 AM,06:50 AM
1-Sep-23,AAC Plant 2,1,2250-10,946F Crankcase DC,14,Condition Check Die,20,cond check,Die Related,10:30 AM,10:50 AM
1-Sep-23,AAC Plant 2,1,2250-11,BC01 Transmission Case DC,14,Other (Indirect),15,catcher left,Casting Process/Equipment,11:00 AM,11:15 AM
1-Sep-23,AAC Plant 2,1,2250-8,G300 TA HOUSING FWD DC,4,Date Stamp-ID,30,date stamp stuck,Die Related,02:00 PM,02:30 PM
1-Sep-23,AAC Plant 2,2,2250-1,946F Crankcase DC,7,Condition Check Die,15,cond check,Die Related,08:30 PM,08:45 PM
1-Sep-23,AAC Plant 2,2,2250-2,908K TAH AWD DC,2,Die Change,70,die change carry over,Die Related,05:15 PM,06:25 PM
1-Sep-23,AAC Plant 2,2,2250-6,946F Crankcase DC,9,Metal Delivery,10,hot charge,Casting Process/Equipment,04:05 AM,04:15 AM
1-Sep-23,AAC Plant 2,2,2250-7,A467 Extension Housing DC,1,Die Change,0,scheduled die change,Die Related,03:45 AM,04:45 AM
1-Sep-23,AAC Plant 2,2,500-3,G903 Stator Wheel DC,7,Condition Check Die,40,cond check,Die Related,02:20 AM,03:00 AM
1-Sep-23,AAC Plant 2,2,500-3,G903 Stator Wheel DC,7,Condition Check Die,20,condition check,Die Related,06:40 PM,07:00 PM
2-Sep-23,AAC Plant 2,1,2250-1,946F Crankcase DC,7,Condition Check Die,10,cond check,Die Related,02:50 AM,03:00 AM
2-Sep-23,AAC Plant 2,1,2250-14,G300 TRANSMISSION CASE DC,6,Metal Delivery,20,e-stop melt hit furnace,Casting Process/Equipment,07:55 AM,08:15 AM
2-Sep-23,AAC Plant 2,1,2250-14,G300 TRANSMISSION CASE DC,6,Metal Delivery,10,out of metal,Casting Process/Equipment,04:20 PM,04:30 PM
2-Sep-23,AAC Plant 2,1,800-1,908K Center Support DC,1,Condition Check Die,7,tl chcking die and run,Die Related,09:33 AM,09:40 AM
2-Sep-23,AAC Plant 2,1,800-1,908K Center Support DC,1,Condition Check Die,33,cond check,Die Related,08:55 AM,09:28 AM
2-Sep-23,AAC Plant 2,1,800-2,G300 CENTER SUPPORT DC,12,Die Change,101,die change flash out on ss,Die Related,02:10 PM,03:51 PM
2-Sep-23,AAC Plant 2,2,2250-14,G300 TRANSMISSION CASE DC,6,Other (Indirect),15,checking ocnv,Casting Process/Equipment,11:45 PM,12:00 AM
2-Sep-23,AAC Plant 2,2,2250-6,984F Crankcase DC,3,Clean Up,60,carry over die change,Casting Process/Equipment,05:15 PM,06:15 PM
2-Sep-23,AAC Plant 2,2,800-3,G300 CENTER SUPPORT DC,13,Die Change,35,carry over from 4s,Die Related,10:55 PM,11:30 PM
5-Sep-23,AAC Plant 2,1,2250-2,908K TAH AWD DC,3,Metal Delivery,40,metal temp low alarm,Casting Process/Equipment,01:35 PM,02:15 PM
5-Sep-23,AAC Plant 2,1,2250-2,908K TAH AWD DC,3,Metal Delivery,40,low metal temp,Casting Process/Equipment,04:05 PM,04:45 PM
5-Sep-23,AAC Plant 2,1,2250-2,908K TAH AWD DC,3,Metal Delivery,90,low metal temp,Casting Process/Equipment,07:10 AM,08:40 AM
5-Sep-23,AAC Plant 2,1,2250-7,A467 Adaptor DC,3,Die Change,0,scheduled die change,Die Related,05:15 AM,07:15 AM
5-Sep-23,AAC Plant 2,2,1650-1,"103E Oil Pan, No. 1  DC",2,Die Change,0,scheduled die change,Die Related,05:15 PM,07:15 PM
5-Sep-23,AAC Plant 2,2,2250-14,G300 TRANSMISSION CASE DC,6,Condition Check Die,25,cond check carry over fit check c4 thick flash,Die Related,05:15 PM,05:40 PM
5-Sep-23,AAC Plant 2,2,2250-5,G298 TA HOUSING AWD DC,6,Die Change,170,pwc fault,Die Related,05:35 PM,08:25 PM
5-Sep-23,AAC Plant 2,2,2250-6,984F Crankcase DC,3,Clean Up,20,carry over polished after dm made repair,Casting Process/Equipment,11:10 AM,11:30 PM
5-Sep-23,AAC Plant 2,2,2250-8,19MY PTO TRANSMISSION CASE DC,4,Die Change,0,scheduled die change,Die Related,05:15 PM,08:00 PM
6-Sep-23,AAC Plant 2,2,2250-14,G300 TRANSMISSION CASE DC,6,Condition Check Die,20,cond check,Die Related,06:30 AM,06:50 AM
6-Sep-23,AAC Plant 2,2,2250-14,G300 TRANSMISSION CASE DC,6,Condition Check Die,25,cond checlk,Die Related,05:40 AM,06:05 AM
6-Sep-23,AAC Plant 2,2,2250-8,19MY PTO TRANSMISSION CASE DC,4,Die Change,0,scheduled die change,Die Related,01:00 AM,03:20 AM
6-Sep-23,AAC Plant 2,2,800-3,G300 CENTER SUPPORT DC,13,Condition Check Die,25,e-polish bolt boss chuck out,Die Related,04:20 AM,04:45 AM
7-Sep-23,AAC Plant 2,1,2250-8,19MY NONPTO TRANSMISSION CASE DC,1,Date Stamp-ID,20,date stamp stuck,Casting Process/Equipment,05:15 AM,05:35 AM
7-Sep-23,AAC Plant 2,1,2250-8,19MY NONPTO TRANSMISSION CASE DC,1,Die Change,0,scheduled die change,Die Related,02:15 PM,05:00 PM
7-Sep-23,AAC Plant 2,2,2250-10,946F Crankcase DC,9,Die Change,140,carry pver from 1st die change,Die Related,05:15 PM,07:35 PM
7-Sep-23,AAC Plant 2,2,2250-8,G300 TA HOUSING FWD DC,3,Die Change,225,die change,Die Related,08:30 PM,12:25 AM
7-Sep-23,AAC Plant 2,2,800-3,G300 CENTER SUPPORT DC,13,Condition Check Die,15,cond check,Die Related,06:21 PM,06:36 PM
8-Sep-23,AAC Plant 2,2,2250-11,BC01 Transmission Case DC,14,Condition Check Die,15,cond check,Die Related,07:10 AM,07:25 AM
9-Sep-23,AAC Plant 2,2,2250-14,G300 TRANSMISSION CASE DC,7,Die Change,20,die change broke pin c3,Die Related,07:00 PM,07:20 PM
10-Sep-23,AAC Plant 2,1,800-2,G300 CENTER SUPPORT DC,14,Condition Check Machine,25,cond check,Casting Process/Equipment,01:20 PM,01:45 PM
11-Sep-23,AAC Plant 2,1,1650-1,"103E Oil Pan, No. 1  DC",1,Metal Delivery,45,cold metal 643,Casting Process/Equipment,09:45 AM,10:30 AM
11-Sep-23,AAC Plant 2,1,2250-8,G300 TA HOUSING FWD DC,4,Die Change,0,scheduled die change,Die Related,03:00 PM,05:00 PM
11-Sep-23,AAC Plant 2,1,800-2,G300 CENTER SUPPORT DC,14,Condition Check Die,40,cnd check,Die Related,01:55 PM,02:35 PM
11-Sep-23,AAC Plant 2,2,2250-11,BC01 Transmission Case DC,14,Die Change,0,scheduled die change,Die Related,05:15 PM,08:45 PM
11-Sep-23,AAC Plant 2,2,2250-4,946F Crankcase DC,8,Die Change,0,scheduled die change,Die Related,03:00 AM,04:45 AM
11-Sep-23,AAC Plant 2,2,2250-8,19MY PTO TRANSMISSION CASE DC,4,Clean Up,25,carry over die change,Casting Process/Equipment,05:15 PM,05:40 PM
11-Sep-23,AAC Plant 2,2,800-1,908K Center Support DC,2,Clean Up,27,bisc fall no detect,Casting Process/Equipment,05:15 PM,05:40 PM
12-Sep-23,AAC Plant 2,1,2250-4,984F Crankcase DC,5,Die Change,0,scheduled die change,Die Related,05:00 AM,07:00 AM
12-Sep-23,AAC Plant 2,1,2250-4,984F Crankcase DC,5,Condition Check Die,15,pe condition check,Die Related,09:15 AM,09:30 AM
12-Sep-23,AAC Plant 2,1,800-1,908K Center Support DC,2,Die Change,0,scheduled die change,Die Related,11:00 AM,11:25 AM
12-Sep-23,AAC Plant 2,2,2250-5,G298 TA HOUSING AWD DC,6,Die Change,60,carry over die change,Die Related,05:15 PM,06:15 PM
12-Sep-23,AAC Plant 2,2,2250-8,19MY PTO TRANSMISSION CASE DC,4,Die Change,0,scheduled die change,Die Related,03:00 AM,04:10 AM
13-Sep-23,AAC Plant 2,1,2250-4,984F Crankcase DC,5,Condition Check Die,10,cond checlk,Die Related,10:35 AM,10:45 AM
13-Sep-23,AAC Plant 2,1,2250-7,A467 Adaptor DC,3,Die Change,0,sched die change,Die Related,05:00 AM,07:20 AM
13-Sep-23,AAC Plant 2,1,500-2,B700 V6 Stator Wheel DC,10,Date Stamp-ID,130,shot rod not making fwd ls,Casting Process/Equipment,05:15 AM,07:25 AM
13-Sep-23,AAC Plant 2,1,500-3,G903 Stator Wheel DC,7,Condition Check Die,25,part not setting in finishing tp,Die Related,02:45 PM,03:10 PM
13-Sep-23,AAC Plant 2,2,2250-4,984F Crankcase DC,5,Die Change,0,schgeduled die change,Die Related,03:00 AM,04:45 AM
13-Sep-23,AAC Plant 2,2,2250-6,984F Crankcase DC,4,Die Change,0,scheduled die change,Die Related,03:00 AM,04:45 AM
13-Sep-23,AAC Plant 2,2,500-3,G903 Stator Wheel DC,7,Condition Check Die,20,cond check,Die Related,08:30 AM,08:50 AM
13-Sep-23,AAC Plant 2,2,500-3,G903 Stator Wheel DC,7,Condition Check Die,5,cond check,Die Related,01:35 AM,01:40 AM
14-Sep-23,AAC Plant 2,1,2250-4,946F Crankcase DC,8,Other (Indirect),60,carry over finish setting die,Casting Process/Equipment,05:00 AM,06:00 AM
14-Sep-23,AAC Plant 2,1,2250-9,881 Oil Pan DC,9,Condition Check Die,30,cond check,Die Related,11:30 AM,12:00 PM
14-Sep-23,AAC Plant 2,1,500-2,B700 V6 Stator Wheel DC,10,Condition Check Die,35,parts not spinning,Die Related,07:15 AM,07:50 AM
14-Sep-23,AAC Plant 2,1,500-2,B700 V6 Stator Wheel DC,10,Condition Check Die,20,condition check,Die Related,10:25 AM,10:45 AM
14-Sep-23,AAC Plant 2,1,800-1,908K Center Support DC,2,Die Change,0,scheduled die change,Die Related,02:40 PM,04:30 PM
14-Sep-23,AAC Plant 2,1,800-3,G300 CENTER SUPPORT DC,13,Die Change,105,c4 return t/o,Die Related,05:15 AM,07:00 AM
14-Sep-23,AAC Plant 2,1,800-3,G300 CENTER SUPPORT DC,13,Date Stamp-ID,65,running prep c5 ls dbl reading,Casting Process/Equipment,07:00 AM,08:05 AM
14-Sep-23,AAC Plant 2,2,2250-13,G300 TRANSMISSION CASE DC,9,Die Change,60,die change carry over,Die Related,05:15 PM,06:15 PM
14-Sep-23,AAC Plant 2,2,2250-3,908K TAH FWD DC,2,Die Change,0,scheduled die change,Die Related,01:00 AM,05:00 AM
14-Sep-23,AAC Plant 2,2,2250-9,881 Oil Pan DC,11,Clean Up,60,carry over die change,Casting Process/Equipment,05:15 PM,06:15 PM
15-Sep-23,AAC Plant 2,1,2250-10,946F Crankcase DC,14,Condition Check Die,15,developer check,Die Related,10:30 AM,10:45 AM
15-Sep-23,AAC Plant 2,1,2250-4,946F Crankcase DC,8,Condition Check Die,20,developer check,Die Related,09:00 AM,09:20 AM
15-Sep-23,AAC Plant 2,1,800-2,G300 CENTER SUPPORT DC,14,Condition Check Die,23,cond check water flow,Die Related,12:50 PM,01:13 PM
15-Sep-23,AAC Plant 2,2,2250-11,BC01 Transmission Case DC,14,Condition Check Die,90,cond check,Die Related,02:20 AM,03:50 AM
15-Sep-23,AAC Plant 2,2,2250-11,BC01 Transmission Case DC,14,Condition Check Die,10,cond check,Die Related,10:55 PM,11:05 PM
15-Sep-23,AAC Plant 2,2,2250-11,BC01 Transmission Case DC,14,Condition Check Die,10,cond check,Die Related,09:35 PM,09:45 PM
15-Sep-23,AAC Plant 2,2,2250-11,BC01 Transmission Case DC,14,Condition Check Die,45,cond check,Die Related,07:20 PM,08:05 PM
15-Sep-23,AAC Plant 2,2,2250-11,BC01 Transmission Case DC,14,Condition Check Die,15,cond checl,Die Related,01:00 AM,01:15 AM
15-Sep-23,AAC Plant 2,2,2250-8,G300 TA HOUSING FWD DC,3,Die Change,10,carry over die change,Die Related,05:15 PM,05:25 PM
15-Sep-23,AAC Plant 2,2,2250-8,G300 TA HOUSING FWD DC,3,Die Change,170,die change broke pin ms,Die Related,08:15 PM,11:05 AM
15-Sep-23,AAC Plant 2,2,500-3,G903 Stator Wheel DC,7,Condition Check Die,30,cond check,Die Related,12:40 AM,01:10 AM
16-Sep-23,AAC Plant 2,1,2250-10,946F Crankcase DC,14,Metal Delivery,45,cold metal,Casting Process/Equipment,02:20 PM,03:05 PM
16-Sep-23,AAC Plant 2,1,2250-4,946F Crankcase DC,8,Condition Check Die,20,cond check,Die Related,09:20 AM,09:40 AM
16-Sep-23,AAC Plant 2,1,800-2,G300 CENTER SUPPORT DC,14,Die Change,84,die change cone broken,Die Related,08:00 AM,09:24 AM
16-Sep-23,AAC Plant 2,1,800-3,G300 CENTER SUPPORT DC,14,Metal Delivery,13,small bisc furnace low,Casting Process/Equipment,02:21 PM,02:34 PM
16-Sep-23,AAC Plant 2,2,2250-10,946F Crankcase DC,14,Metal Delivery,10,metal temp fault,Casting Process/Equipment,12:25 PM,12:35 PM
16-Sep-23,AAC Plant 2,2,2250-9,881 Oil Pan DC,10,Die Change,15, die change carry over,Die Related,05:15 PM,05:30 PM
17-Sep-23,AAC Plant 2,1,800-2,G300 CENTER SUPPORT DC,8,Die Change,60,die change flashed out,Die Related,05:50 AM,06:50 AM
18-Sep-23,AAC Plant 2,1,2250-3,G300 TA HOUSING FWD DC,4,Condition Check Die,10,cond check,Die Related,09:10 AM,09:20 AM
18-Sep-23,AAC Plant 2,1,2250-3,G300 TA HOUSING FWD DC,4,Die Change,0,scheduled die change,Die Related,09:20 AM,01:05 PM
18-Sep-23,AAC Plant 2,1,2250-4,946F Crankcase DC,8,Condition Check Die,10,shut down,Die Related,07:25 AM,07:35 AM
18-Sep-23,AAC Plant 2,2,2250-4,946F Crankcase DC,8,Clean Up,10,over 4s+f,Casting Process/Equipment,10:50 PM,11:00 PM
19-Sep-23,AAC Plant 2,1,2250-11,BC01 Transmission Case DC,11,Condition Check Die,25,cond check,Die Related,06:20 AM,06:45 AM
19-Sep-23,AAC Plant 2,1,2250-11,BC01 Transmission Case DC,11,Condition Check Machine,115,cond check on machine,Casting Process/Equipment,07:40 AM,09:15 AM
19-Sep-23,AAC Plant 2,1,2250-4,946F Crankcase DC,9,Die Change,0,scheduled die change,Die Related,03:00 PM,05:00 PM
19-Sep-23,AAC Plant 2,1,2250-4,946F Crankcase DC,9,Condition Check Die,15,developer check,Die Related,08:50 AM,09:05 AM
19-Sep-23,AAC Plant 2,1,2250-6,984F Crankcase DC,5,Clean Up,10,developer check 4s,Casting Process/Equipment,10:35 AM,10:45 AM
19-Sep-23,AAC Plant 2,1,2250-7,A467 Adaptor DC,3,Die Change,45,carry over die change ng vac,Die Related,05:15 AM,06:00 AM
19-Sep-23,AAC Plant 2,1,2250-7,A467 Adaptor DC,3,Other (Indirect),25,ladle hit furnace,Casting Process/Equipment,06:05 AM,06:30 AM
19-Sep-23,AAC Plant 2,1,2250-8,19MY PTO TRANSMISSION CASE DC,4,Die Change,0,sched die change,Die Related,05:00 AM,09:40 AM
19-Sep-23,AAC Plant 2,1,800-3,G300 CENTER SUPPORT DC,8,Date Stamp-ID,150,carry over wait on die,Casting Process/Equipment,05:15 AM,07:45 AM
19-Sep-23,AAC Plant 2,1,800-3,G300 CENTER SUPPORT DC,8,Clean Up,25,cond check low ej pin,Casting Process/Equipment,10:51 AM,11:16 AM
19-Sep-23,AAC Plant 2,2,2250-8,19MY PTO TRANSMISSION CASE DC,4,Die Change,120,carry over die wait,Die Related,05:15 PM,07:15 PM
20-Sep-23,AAC Plant 2,1,2250-10,946F Crankcase DC,14,Other (Indirect),25,lost powetr,Casting Process/Equipment,11:45 AM,12:10 PM
20-Sep-23,AAC Plant 2,1,2250-14,G300 TRANSMISSION CASE DC,7,Other (Indirect),25,lost power,Casting Process/Equipment,11:40 AM,12:05 PM
20-Sep-23,AAC Plant 2,1,2250-3,908K TAH FWD DC,2,Other (Indirect),20,lost power,Casting Process/Equipment,11:40 AM,12:00 PM
20-Sep-23,AAC Plant 2,1,2250-3,908K TAH FWD DC,2,Condition Check Die,10,cond checl,Die Related,09:10 AM,09:20 AM
20-Sep-23,AAC Plant 2,1,2250-4,984F Crankcase DC,4,Condition Check Die,10,cond check,Die Related,08:20 AM,08:30 AM
20-Sep-23,AAC Plant 2,1,2250-4,984F Crankcase DC,4,Condition Check Die,15,developer check,Die Related,02:00 PM,02:15 PM
20-Sep-23,AAC Plant 2,1,2250-5,G298 TA HOUSING AWD DC,2,Other (Indirect),25,lost power,Casting Process/Equipment,11:45 AM,12:10 PM
20-Sep-23,AAC Plant 2,1,2250-6,984F Crankcase DC,5,Other (Indirect),30,lost power,Casting Process/Equipment,11:45 AM,12:15 PM
20-Sep-23,AAC Plant 2,1,2250-7,A467 Transmission Housing DC,4,Die Change,0,scheduled die change,Die Related,05:15 AM,06:45 AM
20-Sep-23,AAC Plant 2,1,2250-8,19MY PTO TRANSMISSION CASE DC,4,Condition Check Die,5,cond check/ check for water,Die Related,04:20 PM,04:25 PM
20-Sep-23,AAC Plant 2,1,2250-8,19MY PTO TRANSMISSION CASE DC,4,Condition Check Die,40,pr check sr and water,Die Related,03:20 PM,04:00 PM
20-Sep-23,AAC Plant 2,2,2250-11,BC01 Transmission Case DC,11,Condition Check Die,20,cond check cold shot on parts,Die Related,12:40 AM,01:00 AM
20-Sep-23,AAC Plant 2,2,2250-11,BC01 Transmission Case DC,11,Condition Check Die,25,cond check,Die Related,01:25 AM,01:50 AM
20-Sep-23,AAC Plant 2,2,2250-11,BC01 Transmission Case DC,11,Condition Check Die,35,cond check,Die Related,03:40 AM,04:15 AM
20-Sep-23,AAC Plant 2,2,2250-3,G300 TA HOUSING FWD DC,3,Die Change,100,die change carry over,Die Related,05:15 PM,06:55 PM
20-Sep-23,AAC Plant 2,2,2250-4,984F Crankcase DC,4,Condition Check Die,25,cond check,Die Related,03:50 AM,04:15 AM
20-Sep-23,AAC Plant 2,2,2250-4,984F Crankcase DC,4,Die Change,120,carry over die change,Die Related,05:15 PM,07:15 PM
20-Sep-23,AAC Plant 2,2,500-3,G903 Stator Wheel DC,7,Condition Check Die,20,cond check,Die Related,06:40 PM,07:00 PM
20-Sep-23,AAC Plant 2,2,500-3,G903 Stator Wheel DC,7,Condition Check Die,10,cond check,Die Related,08:20 PM,08:30 PM
20-Sep-23,AAC Plant 2,2,500-3,G903 Stator Wheel DC,7,Condition Check Die,20,cond checlk,Die Related,02:20 AM,02:40 AM
20-Sep-23,AAC Plant 2,2,800-1,908K Center Support DC,3,Condition Check Machine,23,cond check powder build up,Casting Process/Equipment,11:58 PM,12:21 AM
20-Sep-23,AAC Plant 2,2,800-1,908K Center Support DC,3,Condition Check Machine,25,cond check,Casting Process/Equipment,07:47 PM,08:12 PM
21-Sep-23,AAC Plant 2,1,2250-11,BC01 Transmission Case DC,11,Condition Check Machine,25,cond check,Casting Process/Equipment,07:55 AM,08:20 AM
21-Sep-23,AAC Plant 2,1,2250-11,BC01 Transmission Case DC,11,Condition Check Die,225,cond check die,Die Related,09:05 AM,12:50 PM
21-Sep-23,AAC Plant 2,1,2250-4,946F Crankcase DC,10,Condition Check Die,25,no leak requested by qc,Die Related,07:15 AM,07:25 AM
21-Sep-23,AAC Plant 2,1,2250-4,946F Crankcase DC,10,Condition Check Die,15,sprue bushing busted,Die Related,05:30 AM,05:45 AM
21-Sep-23,AAC Plant 2,1,500-2,B700 V6 Stator Wheel DC,10,Clean Up,20,cleaned shot end,Casting Process/Equipment,06:35 AM,06:55 AM
21-Sep-23,AAC Plant 2,1,500-3,G903 Stator Wheel DC,7,Clean Up,20,clean up,Casting Process/Equipment,06:40 AM,07:00 AM
21-Sep-23,AAC Plant 2,1,500-3,G903 Stator Wheel DC,7,Condition Check Die,15,cond check,Die Related,08:25 AM,08:40 AM
21-Sep-23,AAC Plant 2,1,800-3,G300 CENTER SUPPORT DC,8,Clean Up,30,cleaned up water,Casting Process/Equipment,10:20 AM,10:50 AM
21-Sep-23,AAC Plant 2,2,1650-1,"103E Oil Pan, No. 1  DC",1,Die Change,255,die change flash thru block,Die Related,12:30 PM,04:45 AM
21-Sep-23,AAC Plant 2,2,2250-10,946F Crankcase DC,14,Condition Check Die,50,qc req cond check,Die Related,03:20 AM,04:10 AM
21-Sep-23,AAC Plant 2,2,2250-11,BC01 Transmission Case DC,14,Condition Check Die,30,cond check qc req,Die Related,08:40 PM,09:10 PM
21-Sep-23,AAC Plant 2,2,2250-11,BC01 Transmission Case DC,14,Condition Check Die,20,cond check,Die Related,12:20 AM,12:40 AM
21-Sep-23,AAC Plant 2,2,2250-2,908K TAH AWD DC,1,Condition Check Die,15,cond check,Die Related,08:05 PM,08:20 PM
21-Sep-23,AAC Plant 2,2,2250-6,984F Crankcase DC,5,Condition Check Die,85,cond check qc req,Die Related,02:20 AM,04:45 AM
21-Sep-23,AAC Plant 2,2,500-3,G903 Stator Wheel DC,7,Condition Check Die,10,cond check,Die Related,06:40 PM,06:50 PM
21-Sep-23,AAC Plant 2,2,500-3,G903 Stator Wheel DC,7,Die Change,60,die chnage,Die Related,12:40 AM,01:40 AM
21-Sep-23,AAC Plant 2,2,500-3,G903 Stator Wheel DC,7,Condition Check Die,30,cond check /floor height,Die Related,08:30 PM,09:00 PM
21-Sep-23,AAC Plant 2,2,800-2,G300 CENTER SUPPORT DC,13,Condition Check Machine,26,cond check,Casting Process/Equipment,06:31 PM,06:57 PM
22-Sep-23,AAC Plant 2,1,1650-1,"103E Oil Pan, No. 1  DC",2,Date Stamp-ID,12,wrong date stamp,Casting Process/Equipment,06:40 AM,06:52 AM
22-Sep-23,AAC Plant 2,1,2250-10,946F Crankcase DC,14,Condition Check Die,15,dece check,Die Related,07:30 AM,07:45 AM
22-Sep-23,AAC Plant 2,1,2250-11,BC01 Transmission Case DC,14,N/G Tip or Sleeve Change,110,ng sleeve,Casting Process/Equipment,07:30 AM,09:20 AM
22-Sep-23,AAC Plant 2,1,2250-12,BC01 Transmission Case DC,13,Condition Check Die,10,cond c heck,Die Related,09:40 AM,09:50 AM
22-Sep-23,AAC Plant 2,1,2250-2,908K TAH AWD DC,3,Condition Check Die,15,cond check,Casting Process/Equipment,09:15 AM,09:30 AM
22-Sep-23,AAC Plant 2,1,2250-2,908K TAH AWD DC,3,Condition Check Machine,25,c2 ls fault,Casting Process/Equipment,01:10 AM,01:35 AM
22-Sep-23,AAC Plant 2,1,2250-9,881 Oil Pan DC,11,Metal Delivery,20,ladle arm return,Casting Process/Equipment,05:30 AM,05:50 AM
22-Sep-23,AAC Plant 2,2,2250-11,BC01 Transmission Case DC,14,Condition Check Die,50,cond check cracks on rib ss,Die Related,03:55 AM,04:45 AM
22-Sep-23,AAC Plant 2,2,2250-11,BC01 Transmission Case DC,14,Date Stamp-ID,10,date stamp ng,Casting Process/Equipment,05:30 PM,05:40 PM
22-Sep-23,AAC Plant 2,2,2250-7,A467 Transmission Housing DC,4,Die Change,0,scheduled die change,Die Related,05:15 PM,06:10 PM
23-Sep-23,AAC Plant 2,1,2250-14,G300 TRANSMISSION CASE DC,7,Metal Delivery,20,out of metal,Casting Process/Equipment,05:40 AM,06:00 AM
23-Sep-23,AAC Plant 2,1,2250-14,G300 TRANSMISSION CASE DC,7,Metal Delivery,20,out of metal,Casting Process/Equipment,11:30 AM,11:50 AM
23-Sep-23,AAC Plant 2,2,2250-10,946F Crankcase DC,14,Die Change,645,carry over waiting on ms to be ready,Die Related,05:15 PM,04:00 AM
23-Sep-23,AAC Plant 2,2,800-1,908K Center Support DC,3,Ladle-ID,60,ladle fault,Casting Process/Equipment,11:30 AM,12:30 PM
23-Sep-23,AAC Plant 2,2,800-1,908K Center Support DC,3,Ladle-ID,-60,,,,
23-Sep-23,AAC Plant 2,2,800-2,908K Center Support DC,2,Die Change,130,die change,Die Related,06:30 PM,08:40 PM
24-Sep-23,AAC Plant 2,1,800-1,908K Center Support DC,3,Die Change,163,die change,Die Related,05:57 AM,08:40 AM
25-Sep-23,AAC Plant 2,1,2250-2,908K TAH AWD DC,2,Condition Check Die,35,cond check ng lamination on s/a,Die Related,08:30 AM,09:05 AM
25-Sep-23,AAC Plant 2,1,2250-3,908K TAH FWD DC,2,N/G Tip or Sleeve Change,140,shot tip broke off in sleeve,Casting Process/Equipment,08:10 AM,10:30 AM
25-Sep-23,AAC Plant 2,1,2250-5,G298 TA HOUSING AWD DC,2,Die Change,0,scheduled die change,Die Related,03:00 PM,04:30 PM
25-Sep-23,AAC Plant 2,1,2250-8,G300 TA HOUSING FWD DC,2,Date Stamp-ID,45,start up,Casting Process/Equipment,05:15 AM,06:00 AM
25-Sep-23,AAC Plant 2,1,800-1,908K Center Support DC,1,Clean Up,26,cleaned die,Casting Process/Equipment,08:17 AM,08:43 AM
25-Sep-23,AAC Plant 2,2,2250-12,BC01 Transmission Case DC,13,Condition Check Die,30,crack on rib s/s & c-3,Die Related,08:50 PM,09:20 PM
25-Sep-23,AAC Plant 2,2,2250-2,908K TAH AWD DC,3,Condition Check Die,20,cond. chk,Die Related,03:50 AM,04:10 AM
25-Sep-23,AAC Plant 2,2,2250-3,908K TAH FWD DC,2,Condition Check Die,20,no leaks,Die Related,01:40 AM,02:00 AM
26-Sep-23,AAC Plant 2,1,2250-12,BC01 Transmission Case DC,13,Clean Up,10,"carry over 4s+d, dm still polishing",Casting Process/Equipment,03:00 PM,03:10 PM
26-Sep-23,AAC Plant 2,2,2250-14,G300 TRANSMISSION CASE DC,9,Metal Delivery,20,low metal,Casting Process/Equipment,10:50 PM,11:10 PM
26-Sep-23,AAC Plant 2,2,800-1,908K Center Support DC,1,Die Change,60,cracke dsprue bushind,Die Related,11:30 PM,12:30 PM
27-Sep-23,AAC Plant 2,1,2250-1,946F Crankcase DC,10,Condition Check Die,15,busted sprue bushing,Die Related,09:00 AM,09:15 AM
27-Sep-23,AAC Plant 2,1,2250-11,BC01 Transmission Case DC,14,Date Stamp-ID,5,wrong date stamp,Casting Process/Equipment,05:45 AM,05:50 AM
27-Sep-23,AAC Plant 2,1,2250-12,BC01 Transmission Case DC,13,Date Stamp-ID,25,no date stamp metal in hole,Casting Process/Equipment,05:20 AM,05:45 AM
27-Sep-23,AAC Plant 2,1,500-2,B700 V6 Stator Wheel DC,10,Date Stamp-ID,15,carry over m/s clamps not reading,Casting Process/Equipment,05:15 AM,05:45 AM
27-Sep-23,AAC Plant 2,1,500-3,G903 Stator Wheel DC,6,Date Stamp-ID,15, carry over bolts missing ladle chain guard,Casting Process/Equipment,05:15 AM,05:30 AM
27-Sep-23,AAC Plant 2,2,2250-12,BC01 Transmission Case DC,13,Condition Check Die,30,cracking on s/s rib,Die Related,06:55 PM,07:25 PM
27-Sep-23,AAC Plant 2,2,2250-12,BC01 Transmission Case DC,13,Condition Check Die,15,cracking n s/s rib,Die Related,02:30 AM,02:45 AM
27-Sep-23,AAC Plant 2,2,2250-14,G300 TRANSMISSION CASE DC,9,Die Change,85,core swap,Die Related,10:40 PM,12:05 PM
27-Sep-23,AAC Plant 2,2,2250-3,908K TAH FWD DC,2,Condition Check Die,25,qc request,Die Related,10:45 PM,11:10 PM
27-Sep-23,AAC Plant 2,2,800-2,G300 CENTER SUPPORT DC,9,Clean Up,45,ladle robot wire broke,Casting Process/Equipment,05:15 PM,06:00 PM
28-Sep-23,AAC Plant 2,1,2250-12,BC01 Transmission Case DC,13,Condition Check Die,30,cracks,Die Related,08:50 AM,09:20 AM
28-Sep-23,AAC Plant 2,1,2250-14,G300 TRANSMISSION CASE DC,6,Die Change,105,"Carry over, finished die change, clean up hb and do sch. fit check.",Die Related,05:15 AM,07:00 AM
28-Sep-23,AAC Plant 2,2,2250-11,BC01 Transmission Case DC,14,Condition Check Die,20,"Crack on SS rib, adjusted water, cleaned out, fixed spray nozzle",Die Related,06:55 PM,07:15 PM
28-Sep-23,AAC Plant 2,2,2250-11,BC01 Transmission Case DC,14,Condition Check Die,-20,,,,
28-Sep-23,AAC Plant 2,2,2250-11,BC01 Transmission Case DC,14,Condition Check Die,10,"Crack SS rib, adjusted sprays MS SS, fixed sprays",Die Related,01:50 AM,02:00 AM
28-Sep-23,AAC Plant 2,2,2250-11,BC01 Transmission Case DC,14,Condition Check Die,20,"Crack on SS rob, no leaks, adjusted water and cleaned out fix spray nozzels",Die Related,06:55 PM,07:15 PM
29-Sep-23,AAC Plant 2,1,2250-11,BC01 Transmission Case DC,14,Condition Check Die,15,cond check,Die Related,07:10 AM,07:25 AM
29-Sep-23,AAC Plant 2,1,500-2,B700 V6 Stator Wheel DC,10,Condition Check Die,15,cond check,Die Related,10:40 AM,10:55 AM
29-Sep-23,AAC Plant 2,1,800-1,908K Center Support DC,2,Other (Indirect),225,carry pver dm remove shot sleeve ss,Casting Process/Equipment,05:15 AM,09:00 AM
29-Sep-23,AAC Plant 2,1,800-2,G300 CENTER SUPPORT DC,9,Date Stamp-ID,35,carry over seeting ss,Casting Process/Equipment,05:15 AM,05:50 AM
29-Sep-23,AAC Plant 2,2,2250-10,946F Crankcase DC,14,Condition Check Die,10,shut down qc req,Die Related,03:50 AM,04:00 AM
29-Sep-23,AAC Plant 2,2,800-3,G300 CENTER SUPPORT DC,8,Die Change,60,carry over,Die Related,05:15 PM,06:15 PM
30-Sep-23,AAC Plant 2,1,2250-10,946F Crankcase DC,14,Condition Check Die,90,cond check,Die Related,03:15 AM,04:45 AM
30-Sep-23,AAC Plant 2,1,2250-10,946F Crankcase DC,14,Condition Check Die,20,cond check,Die Related,01:05 PM,01:25 PM
30-Sep-23,AAC Plant 2,1,2250-6,946F Crankcase DC,13,Condition Check Die,10,cond check,Die Related,09:40 AM,09:50 AM
30-Sep-23,AAC Plant 2,2,2250-10,946F Crankcase DC,14,Die Change,395,carry over ms out of dcm waiting on dm to have it,Die Related,05:15 AM,11:50 PM
30-Sep-23,AAC Plant 2,2,2250-6,946F Crankcase DC,13,Condition Check Machine,10,cond check spray count too high,Casting Process/Equipment,06:55 PM,07:05 PM
30-Sep-23,AAC Plant 2,2,2250-7,A467 Adaptor DC,3,Die Change,40,carry over,Die Related,05:15 PM,05:55 PM
1-Oct-23,AAC Plant 2,1,2250-4,984F Crankcase DC,1,Date Stamp-ID,15,carry over from prev shift starting from shut down procedure,Casting Process/Equipment,05:15 AM,05:30 AM
1-Oct-23,AAC Plant 2,1,2250-6,946F Crankcase DC,13,Die Change,0,sched die change,Die Related,03:00 PM,05:00 PM
2-Oct-23,AAC Plant 2,1,2250-5,G298 TA HOUSING AWD DC,2,Condition Check Die,25,cond check,Die Related,08:45 AM,09:10 AM
2-Oct-23,AAC Plant 2,1,500-3,G903 Stator Wheel DC,6,Metal Delivery,40,cold metal,Casting Process/Equipment,11:15 AM,11:55 AM
2-Oct-23,AAC Plant 2,2,2250-11,LB01 TM Case DC,4,Die Change,145,die change,Die Related,09:25 AM,11:50 AM
2-Oct-23,AAC Plant 2,2,2250-4,984F Crankcase DC,1,Ladle-ID,25,ladle ls fault,Casting Process/Equipment,09:00 PM,09:25 PM
3-Oct-23,AAC Plant 2,1,2250-11,BC01 Transmission Case DC,14,Condition Check Die,120,cond check pe,Die Related,08:15 AM,10:15 AM
3-Oct-23,AAC Plant 2,1,2250-4,984F Crankcase DC,1,Other (Indirect),20,pe req whole part,Casting Process/Equipment,11:15 AM,11:35 AM
3-Oct-23,AAC Plant 2,1,2250-7,A467 Transmission Housing DC,4,Die Change,0,sched die change,Die Related,05:15 AM,06:45 AM
3-Oct-23,AAC Plant 2,1,500-3,G903 Stator Wheel DC,6,Condition Check Die,15,a cavity floor high,Die Related,06:10 AM,06:25 AM
3-Oct-23,AAC Plant 2,2,2250-11,BC01 Transmission Case DC,11,Condition Check Die,65,cond check /cold shot,Die Related,01:40 AM,02:45 AM
3-Oct-23,AAC Plant 2,2,2250-11,BC01 Transmission Case DC,11,Die Change,40,carry over prod change over,Die Related,05:15 PM,05:55 PM
3-Oct-23,AAC Plant 2,2,2250-11,BC01 Transmission Case DC,11,Condition Check Die,40,cond check,Die Related,08:30 PM,09:10 PM
3-Oct-23,AAC Plant 2,2,2250-11,BC01 Transmission Case DC,11,Condition Check Die,20,cond check,Die Related,09:35 AM,09:55 PM
3-Oct-23,AAC Plant 2,2,2250-13,G300 TRANSMISSION CASE DC,10,Die Change,45,carry over die change,Die Related,05:15 PM,06:00 PM
3-Oct-23,AAC Plant 2,2,2250-6,984F Crankcase DC,5,Die Change,0,sched die change,Die Related,03:30 AM,04:40 AM
3-Oct-23,AAC Plant 2,2,2250-7,A467 Extension Housing DC,1,Die Change,0,scheduled die change,Die Related,02:40 AM,04:45 AM
4-Oct-23,AAC Plant 2,1,2250-10,946F Crankcase DC,9,Condition Check Die,25,cond check pe req,Die Related,12:45 PM,01:10 AM
4-Oct-23,AAC Plant 2,1,2250-11,BC01 Transmission Case DC,11,Condition Check Die,20,cond check cold shot,Die Related,10:15 AM,10:35 AM
4-Oct-23,AAC Plant 2,1,2250-8,19MY PTO TRANSMISSION CASE DC,1,Die Change,0,sched die change,Die Related,02:50 PM,05:00 PM
4-Oct-23,AAC Plant 2,1,2250-8,19MY PTO TRANSMISSION CASE DC,1,Die Change,0,sched die change,Die Related,05:15 AM,07:30 AM
4-Oct-23,AAC Plant 2,1,2250-8,19MY PTO TRANSMISSION CASE DC,1,Condition Check Die,5,cond check,Die Related,01:10 PM,01:15 PM
4-Oct-23,AAC Plant 2,1,500-2,B700 V6 Stator Wheel DC,9,Die Change,0,scheduled die change,Die Related,08:35 AM,09:05 AM
4-Oct-23,AAC Plant 2,1,500-3,G903 Stator Wheel DC,6,Date Stamp-ID,25,operator work on other dcm,Casting Process/Equipment,11:35 AM,12:00 PM
4-Oct-23,AAC Plant 2,1,500-3,G903 Stator Wheel DC,6,Clean Up,90,furnace clean,Casting Process/Equipment,03:00 PM,04:30 PM
4-Oct-23,AAC Plant 2,2,2250-11,BC01 Transmission Case DC,11,Die Change,0,scheduled die change,Die Related,04:15 AM,04:45 AM
4-Oct-23,AAC Plant 2,2,2250-12,BC01 Transmission Case DC,13,Condition Check Die,15,cond check,Die Related,04:30 AM,04:45 AM
4-Oct-23,AAC Plant 2,2,2250-3,908K TAH FWD DC,2,Die Change,0,scheduled die change broke pin main core,Die Related,09:40 AM,12:45 PM
4-Oct-23,AAC Plant 2,2,2250-5,G298 TA HOUSING AWD DC,2,Die Change,130,die change broke pin main core,Die Related,11:30 PM,01:40 AM
4-Oct-23,AAC Plant 2,2,2250-9,881 Oil Pan DC,5,Die Change,40,die change,Die Related,05:15 PM,05:50 PM
5-Oct-23,AAC Plant 2,1,2250-11,LB01 TM Case DC,3,Condition Check Die,35,cond check,Die Related,01:05 PM,01:40 PM
5-Oct-23,AAC Plant 2,1,2250-4,984F Crankcase DC,1,Condition Check Die,10,cond check,Die Related,08:50 AM,09:00 AM
5-Oct-23,AAC Plant 2,1,500-2,B700 V6 Stator Wheel DC,10,Date Stamp-ID,15,running prep op working on other dcm,Die Related,05:15 AM,05:30 AM
5-Oct-23,AAC Plant 2,1,800-3,G300 CENTER SUPPORT DC,8,Date Stamp-ID,30,quench tank over flow,Casting Process/Equipment,05:15 AM,05:45 AM
6-Oct-23,AAC Plant 2,1,2250-7,A467 Transmission Housing DC,4,Die Change,0,scheduled die change,Die Related,03:00 PM,05:00 PM
6-Oct-23,AAC Plant 2,1,500-2,B700 V6 Stator Wheel DC,10,Date Stamp-ID,10,running prep,Casting Process/Equipment,05:15 AM,05:25 AM
6-Oct-23,AAC Plant 2,1,800-2,908K Center Support DC,3,Condition Check Die,78,fit check,Die Related,11:15 AM,12:33 PM
6-Oct-23,AAC Plant 2,2,2250-1,946F Crankcase DC,10,Die Change,120,carry over water leak behind c2,Die Related,05:15 PM,08:15 PM
6-Oct-23,AAC Plant 2,2,2250-3,G300 TA HOUSING FWD DC,3,Die Change,0,scheduled die change,Die Related,03:00 AM,04:45 AM
7-Oct-23,AAC Plant 2,1,2250-10,946F Crankcase DC,9,Clean Up,5,over 4s,Casting Process/Equipment,11:10 AM,11:15 AM
7-Oct-23,AAC Plant 2,1,2250-10,946F Crankcase DC,9,Date Stamp-ID,20,over start up /change date code,Casting Process/Equipment,05:15 AM,05:35 AM
7-Oct-23,AAC Plant 2,1,2250-14,G300 TRANSMISSION CASE DC,6,Metal Delivery,10,ladle over run,Casting Process/Equipment,07:10 AM,07:20 AM
7-Oct-23,AAC Plant 2,1,2250-14,G300 TRANSMISSION CASE DC,6,Metal Delivery,10,ladle over run,Casting Process/Equipment,09:55 AM,10:05 AM
7-Oct-23,AAC Plant 2,1,800-2,908K Center Support DC,3,Die Change,0,scheduled die change,Die Related,08:12 AM,09:32 AM
7-Oct-23,AAC Plant 2,2,2250-11,BC01 Transmission Case DC,11,Condition Check Die,15,cond check,Die Related,06:10 PM,06:25 AM
7-Oct-23,AAC Plant 2,2,2250-11,BC01 Transmission Case DC,11,Condition Check Die,40,cond check cold shot c2 ss,Die Related,09:40 PM,10:20 PM
7-Oct-23,AAC Plant 2,2,2250-11,BC01 Transmission Case DC,11,Condition Check Die,30,cond check,Die Related,11:00 PM,11:30 PM
7-Oct-23,AAC Plant 2,2,2250-11,BC01 Transmission Case DC,11,Condition Check Die,15,cond check cold shot,Die Related,08:00 PM,08:15 PM
7-Oct-23,AAC Plant 2,2,2250-14,G300 TRANSMISSION CASE DC,6,Die Change,265,die change auto exchange die to g300tac 9,Die Related,10:35 PM,03:00 AM
7-Oct-23,AAC Plant 2,2,2250-6,946F Crankcase DC,13,Die Change,0,scheduled die change,Die Related,03:00 AM,04:00 AM
8-Oct-23,AAC Plant 2,1,800-1,908K Center Support DC,2,Clean Up,297,shot coverage ng,Casting Process/Equipment,11:33 AM,04:30 PM
8-Oct-23,AAC Plant 2,2,2250-8,19MY PTO TRANSMISSION CASE DC,4,Condition Check Die,25,cond check die before start up water leak,Die Related,05:15 PM,05:40 PM
8-Oct-23,AAC Plant 2,2,800-1,908K Center Support DC,2,Clean Up,20,carry over polish,Casting Process/Equipment,05:15 PM,05:35 PM
9-Oct-23,AAC Plant 2,1,2250-11,LB01 TM Case DC,3,Condition Check Die,25,qc req cond check test cut ng,Die Related,10:00 AM,10:25 AM
9-Oct-23,AAC Plant 2,1,2250-14,G300 TRANSMISSION CASE DC,9,Metal Delivery,15,out of metal,Casting Process/Equipment,08:00 AM,08:15 AM
9-Oct-23,AAC Plant 2,1,2250-3,908K TAH FWD DC,1,Die Change,0,scheduled die change,Die Related,05:00 AM,06:00 AM
9-Oct-23,AAC Plant 2,1,2250-8,19MY PTO TRANSMISSION CASE DC,4,Die Change,0,scheduled die change,Die Related,11:20 AM,04:30 PM
9-Oct-23,AAC Plant 2,1,500-3,G903 Stator Wheel DC,7,Die Change,0,scheduled die change,Die Related,06:00 AM,06:45 AM
9-Oct-23,AAC Plant 2,1,800-1,908K Center Support DC,2,Condition Check Die,25,cond check floor height ng,Die Related,02:50 PM,03:05 PM
9-Oct-23,AAC Plant 2,1,800-2,G300 CENTER SUPPORT DC,11,Condition Check Die,20,discoloration on qr area,Die Related,09:30 AM,09:50 AM
9-Oct-23,AAC Plant 2,2,1650-1,"103E Oil Pan, No. 1  DC",2,N/G Tip or Sleeve Change,110,tip change /ng,Casting Process/Equipment,09:10 PM,11:00 PM
9-Oct-23,AAC Plant 2,2,2250-11,LB01 TM Case DC,3,Die Change,0,scheduled die change,Die Related,08:05 PM,09:55 PM
9-Oct-23,AAC Plant 2,2,2250-12,BC01 Transmission Case DC,13,Condition Check Die,30,condition checlk,Die Related,09:00 PM,09:30 PM
9-Oct-23,AAC Plant 2,2,2250-8,G300 TA HOUSING FWD DC,4,Clean Up,50,carry over die change,Casting Process/Equipment,05:15 PM,06:05 PM
9-Oct-23,AAC Plant 2,2,500-3,G903 Stator Wheel DC,8,Die Change,180,die change,Die Related,11:00 PM,02:00 AM
10-Oct-23,AAC Plant 2,1,2250-3,908K TAH FWD DC,1,Condition Check Die,15,cond check lamination,Die Related,05:35 AM,05:50 AM
10-Oct-23,AAC Plant 2,1,2250-5,G298 TA HOUSING AWD DC,6,Condition Check Die,20,cond check developer check,Die Related,01:15 PM,01:35 PM
10-Oct-23,AAC Plant 2,1,2250-7,A467 Adaptor DC,3,Die Change,0,scheduled die change,Die Related,05:15 AM,07:00 AM
10-Oct-23,AAC Plant 2,1,2250-8,G300 TA HOUSING FWD DC,4,Die Change,0,scheduled die change,Die Related,12:45 PM,03:30 PM
10-Oct-23,AAC Plant 2,1,500-2,B700 V6 Stator Wheel DC,10,Date Stamp-ID,305,carry over scrap conveyor jammed,Casting Process/Equipment,05:15 AM,10:35 AM
10-Oct-23,AAC Plant 2,1,800-1,908K Center Support DC,2,Condition Check Die,9,maint checking acc,Die Related,11:00 AM,11:09 AM
10-Oct-23,AAC Plant 2,1,800-3,G300 CENTER SUPPORT DC,8,Condition Check Die,105,cond check powder build up,Die Related,07:30 AM,09:15 AM
10-Oct-23,AAC Plant 2,2,2250-14,G300 TRANSMISSION CASE DC,8,N/G Tip or Sleeve Change,135,tip change,Casting Process/Equipment,09:05 AM,11:20 PM
10-Oct-23,AAC Plant 2,2,500-3,G903 Stator Wheel DC,7,Clean Up,222,waiting on engineer,Casting Process/Equipment,11:48 PM,03:30 AM
10-Oct-23,AAC Plant 2,2,800-2,G300 CENTER SUPPORT DC,11,Die Change,60,die change,Die Related,07:05 AM,08:05 AM
11-Oct-23,AAC Plant 2,1,2250-3,908K TAH FWD DC,1,Die Change,0,scheduled die change,Die Related,07:30 AM,11:30 AM
11-Oct-23,AAC Plant 2,1,2250-7,A467 Transmission Housing DC,4,Die Change,0,scheduled die change,Die Related,05:15 AM,06:55 AM
11-Oct-23,AAC Plant 2,1,500-2,B700 V6 Stator Wheel DC,10,Condition Check Die,10,cond check part not gauging,Die Related,07:00 AM,07:10 AM
11-Oct-23,AAC Plant 2,1,500-3,G903 Stator Wheel DC,7,Condition Check Die,10,cond check parts not seating finish trim,Die Related,09:35 AM,09:45 AM
11-Oct-23,AAC Plant 2,1,500-3,G903 Stator Wheel DC,7,Condition Check Die,20,cond check cleaned die face,Die Related,10:40 AM,11:00 AM
11-Oct-23,AAC Plant 2,1,800-2,908K Center Support DC,3,Die Change,70,die cahnge remove stuck part,Die Related,09:40 AM,10:50 AM
11-Oct-23,AAC Plant 2,2,2250-7,A467 Transmission Housing DC,4,Clean Up,15,carry over bsm air fitting ng,Casting Process/Equipment,05:15 AM,05:30 AM
12-Oct-23,AAC Plant 2,1,2250-3,G300 TA HOUSING FWD DC,4,Die Change,0,sched die change,Die Related,10:05 AM,02:05 AM
12-Oct-23,AAC Plant 2,1,2250-5,G298 TA HOUSING AWD DC,6,Die Change,60,waiting to put die in auto exchange,Die Related,12:30 PM,01:30 AM
12-Oct-23,AAC Plant 2,1,2250-6,946F Crankcase DC,13,Condition Check Die,10,cond check broke pin poss,Die Related,08:20 AM,08:03 AM
12-Oct-23,AAC Plant 2,1,2250-8,19MY NONPTO TRANSMISSION CASE DC,1,Die Change,0,scheduled die change,Die Related,10:10 AM,11:40 AM
12-Oct-23,AAC Plant 2,1,500-3,G903 Stator Wheel DC,7,Condition Check Die,15,cond check,Die Related,11:00 AM,11:15 AM
12-Oct-23,AAC Plant 2,2,2250-12,BC01 Transmission Case DC,14,Die Change,140,set bc01tmc 14c,Die Related,01:30 AM,03:50 AM
12-Oct-23,AAC Plant 2,2,800-2,908K Center Support DC,1,Condition Check Machine,35,cond check,Casting Process/Equipment,07:53 AM,08:28 AM
13-Oct-23,AAC Plant 2,1,2250-12,BC01 Transmission Case DC,13,Condition Check Die,20,cond check,Die Related,06:45 AM,07:05 AM
13-Oct-23,AAC Plant 2,1,500-2,B700 V6 Stator Wheel DC,10,Date Stamp-ID,100,scrap conveyor alarm,Casting Process/Equipment,05:15 AM,06:55 AM
13-Oct-23,AAC Plant 2,1,800-2,908K Center Support DC,1,Die Change,0,scheduled die change,Die Related,06:06 AM,07:41 AM
13-Oct-23,AAC Plant 2,2,2250-11,BC01 Transmission Case DC,11,Condition Check Die,10,codn check shrinkage cracks c3 insert,Die Related,02:50 AM,03:00 AM
14-Oct-23,AAC Plant 2,1,2250-8,19MY PTO TRANSMISSION CASE DC,4,Die Change,0,scheduled die change,Die Related,05:20 AM,06:50 AM
14-Oct-23,AAC Plant 2,1,500-3,G903 Stator Wheel DC,7,Condition Check Die,10,con check,Die Related,08:35 AM,08:45 AM
14-Oct-23,AAC Plant 2,1,500-3,G903 Stator Wheel DC,7,Condition Check Die,20,cond check,Die Related,06:15 AM,06:35 AM
14-Oct-23,AAC Plant 2,2,2250-10,946F Crankcase DC,13,Die Change,275,carry over die change,Die Related,05:15 PM,09:50 PM
16-Oct-23,AAC Plant 2,1,2250-14,G300 TRANSMISSION CASE DC,8,Metal Delivery,15,out of metal,Casting Process/Equipment,09:00 AM,09:15 AM
16-Oct-23,AAC Plant 2,1,2250-2,908K TAH AWD DC,1,Condition Check Die,10,cond check,Die Related,10:30 AM,10:40 AM
16-Oct-23,AAC Plant 2,1,2250-3,908K TAH FWD DC,1,Condition Check Die,10,cond check,Die Related,10:15 AM,10:25 AM
16-Oct-23,AAC Plant 2,1,500-2,B700 V6 Stator Wheel DC,10,Date Stamp-ID,15,running prep shot rod not making fwd ls lube fault,Casting Process/Equipment,05:30 AM,05:45 AM
16-Oct-23,AAC Plant 2,1,500-3,G903 Stator Wheel DC,7,Die Change,0,scheduled die change set #9,Die Related,05:40 AM,06:30 AM
16-Oct-23,AAC Plant 2,1,500-3,G903 Stator Wheel DC,8,Condition Check Die,15,cond check clean die face,Die Related,01:50 PM,02:05 PM
16-Oct-23,AAC Plant 2,1,800-1,908K Center Support DC,3,Other (Indirect),25,waiting on melt,Casting Process/Equipment,02:40 AM,03:05 AM
16-Oct-23,AAC Plant 2,2,2250-11,LB01 TM Case DC,3,Condition Check Die,35,cond check shrinkage c1 qc req,Die Related,09:00 PM,09:35 PM
16-Oct-23,AAC Plant 2,2,2250-11,LB01 TM Case DC,3,Die Change,0,scheduled die change,Die Related,10:30 PM,12:00 AM
16-Oct-23,AAC Plant 2,2,2250-7,A467 Transmission Housing DC,4,Die Change,0,sched die change,Die Related,05:15 PM,07:05 PM
16-Oct-23,AAC Plant 2,2,2250-8,19MY PTO TRANSMISSION CASE DC,4,Die Change,0,scheduled die change,Die Related,02:15 AM,04:45 AM
17-Oct-23,AAC Plant 2,1,2250-11,BC01 Transmission Case DC,11,Condition Check Die,15,cond check test cut leaker 1/3 area,Die Related,07:00 AM,07:15 AM
17-Oct-23,AAC Plant 2,1,2250-13,G300 TRANSMISSION CASE DC,10,Water/Die Lube Supply,20,die lube station down,Casting Process/Equipment,03:50 PM,04:10 PM
17-Oct-23,AAC Plant 2,1,2250-14,G300 TRANSMISSION CASE DC,8,Clean Up,10,carry over 4s+d,Casting Process/Equipment,01:50 PM,02:00 PM
17-Oct-23,AAC Plant 2,1,2250-5,G298 TA HOUSING AWD DC,6,Condition Check Die,10,cond check qe request,Die Related,01:30 PM,01:40 PM
17-Oct-23,AAC Plant 2,1,2250-6,946F Crankcase DC,9,Die Change,0,scheduled die change,Die Related,05:15 AM,08:15 AM
17-Oct-23,AAC Plant 2,1,2250-7,A467 Transmission Housing DC,4,Die Change,0,scheduled die change,Die Related,03:05 PM,04:30 AM
17-Oct-23,AAC Plant 2,1,2250-8,G300 TA HOUSING FWD DC,4,Condition Check Die,45,cond check water leak ss,Die Related,09:20 AM,10:05 AM
17-Oct-23,AAC Plant 2,1,500-3,G903 Stator Wheel DC,8,Condition Check Die,10,cond check a/b side not spinning,Die Related,10:36 AM,10:46 AM
17-Oct-23,AAC Plant 2,2,2250-11,BC01 Transmission Case DC,11,Condition Check Die,10,cond check cold shot c3,Die Related,09:55 PM,10:05 PM
17-Oct-23,AAC Plant 2,2,2250-12,BC01 Transmission Case DC,14,Die Change,0,scheduled die change,Die Related,05:15 PM,09:10 AM
17-Oct-23,AAC Plant 2,2,2250-14,G300 TRANSMISSION CASE DC,8,Condition Check Die,255,cond check qc req,Die Related,08:00 PM,12:15 AM
17-Oct-23,AAC Plant 2,2,2250-7,A467 Adaptor DC,3,Die Change,25,carry over die change/ 4 water lines leaking,Die Related,05:15 PM,05:40 PM
18-Oct-23,AAC Plant 2,1,500-3,G903 Stator Wheel DC,8,Condition Check Die,10,cond check parts not gauging,Die Related,02:05 PM,02:15 PM
18-Oct-23,AAC Plant 2,2,2250-13,G300 TRANSMISSION CASE DC,10,Die Change,0,scheduled die change,Die Related,06:15 PM,10:15 PM
18-Oct-23,AAC Plant 2,2,2250-7,A467 Extension Housing DC,1,Die Change,0,scheduled die change,Die Related,06:15 PM,07:00 PM
19-Oct-23,AAC Plant 2,1,2250-5,G298 TA HOUSING AWD DC,6,Condition Check Die,20,cond check pin leaking on c3,Die Related,09:00 AM,09:20 AM
19-Oct-23,AAC Plant 2,1,2250-7,A467 Transmission Housing DC,4,Die Change,0,scheduled die change,Die Related,05:00 AM,06:15 AM
19-Oct-23,AAC Plant 2,1,2250-7,A467 Transmission Housing DC,4,Die Change,0,sched die change,Die Related,08:30 AM,11:25 AM
19-Oct-23,AAC Plant 2,1,2250-8,G300 TA HOUSING FWD DC,3,Clean Up,10,carry over 4s,Casting Process/Equipment,11:10 AM,11:20 AM
19-Oct-23,AAC Plant 2,1,2250-9,881 Oil Pan DC,11,Die Change,75,settinf 881 in dcm,Die Related,05:00 AM,06:15 AM
19-Oct-23,AAC Plant 2,1,500-3,G903 Stator Wheel DC,8,Condition Check Die,10,cond check parts not gauging,Die Related,08:55 AM,09:05 AM
19-Oct-23,AAC Plant 2,1,500-3,G903 Stator Wheel DC,8,Condition Check Die,15,cond check,Die Related,06:50 AM,07:05 AM
19-Oct-23,AAC Plant 2,2,2250-2,908K TAH AWD DC,1,Die Change,0,sched die change,Die Related,03:00 AM,04:45 AM
19-Oct-23,AAC Plant 2,2,2250-3,G300 TA HOUSING FWD DC,2,Clean Up,15,carry over die change,Casting Process/Equipment,05:15 AM,05:30 AM
19-Oct-23,AAC Plant 2,2,2250-8,19MY NONPTO TRANSMISSION CASE DC,1,Die Change,0,scheduled die change,Die Related,05:15 PM,07:30 PM
19-Oct-23,AAC Plant 2,2,2250-9,881 Oil Pan DC,11,Condition Check Die,10,shut down qc req discolor on ms main core,Die Related,03:30 AM,03:40 AM
19-Oct-23,AAC Plant 2,2,800-1,908K Center Support DC,3,Clean Up,25,carry over gate cutter,Casting Process/Equipment,05:15 PM,05:40 PM
19-Oct-23,AAC Plant 2,2,800-3,G300 CENTER SUPPORT DC,8,Condition Check Die,30,cond check low ej pin,Die Related,03:20 AM,03:50 AM
20-Oct-23,AAC Plant 2,1,2250-4,984F Crankcase DC,1,Die Change,0,scheduled die change,Die Related,12:00 PM,03:00 PM
20-Oct-23,AAC Plant 2,1,500-3,G903 Stator Wheel DC,8,Condition Check Die,10,condition check parts not gauging,Die Related,05:50 AM,06:00 AM
20-Oct-23,AAC Plant 2,1,800-3,G300 CENTER SUPPORT DC,8,Condition Check Die,12,cond check low ej pin,Die Related,11:20 AM,11:32 AM
20-Oct-23,AAC Plant 2,2,2250-8,19MY PTO TRANSMISSION CASE DC,4,Die Change,0,scheduled die change,Die Related,05:15 PM,07:15 PM
21-Oct-23,AAC Plant 2,1,2250-6,984F Crankcase DC,5,Die Change,0,scheduled die change,Die Related,07:30 AM,08:30 AM
21-Oct-23,AAC Plant 2,2,500-3,G903 Stator Wheel DC,8,Die Change,60,die change broken metal saver,Die Related,05:45 PM,06:45 PM
23-Oct-23,AAC Plant 2,1,2250-6,984F Crankcase DC,5,Die Change,0,scheduled die change,Die Related,05:00 AM,07:10 AM
23-Oct-23,AAC Plant 2,1,2250-8,19MY PTO TRANSMISSION CASE DC,4,Condition Check Die,10,cond check cold shot,Die Related,07:15 AM,07:25 AM
23-Oct-23,AAC Plant 2,2,2250-2,908K TAH FWD DC,2,Die Change,0,scheduled die change,Die Related,02:40 AM,04:45 AM
23-Oct-23,AAC Plant 2,2,2250-3,G300 TA HOUSING FWD DC,3,Die Change,0,scheduled die change,Die Related,03:00 AM,04:45 AM
23-Oct-23,AAC Plant 2,2,2250-7,A467 Adaptor DC,3,Clean Up,45,carry over low nitro hyd line came off c1,Casting Process/Equipment,05:15 PM,06:00 PM
23-Oct-23,AAC Plant 2,2,2250-8,19MY PTO TRANSMISSION CASE DC,4,Clean Up,55,carry over m/s,Casting Process/Equipment,05:15 PM,06:10 PM
24-Oct-23,AAC Plant 2,1,2250-1,946F Crankcase DC,10,Other (Indirect),30,vac air blow pressure building air  pressure down,Casting Process/Equipment,11:30 AM,12:00 PM
24-Oct-23,AAC Plant 2,1,2250-11,LB01 TM Case DC,3,Die Change,0,sched die change,Die Related,05:00 AM,07:30 AM
24-Oct-23,AAC Plant 2,1,2250-11,LB01 TM Case DC,3,Condition Check Die,15,cond check cold shot,Die Related,07:50 AM,08:05 AM
24-Oct-23,AAC Plant 2,2,2250-3,908K TAH FWD DC,2,Condition Check Die,20,cond check / laminating,Die Related,12:25 AM,12:45 AM
24-Oct-23,AAC Plant 2,2,2250-6,984F Crankcase DC,4,Condition Check Die,15,shut down cond check cold shot,Die Related,03:45 AM,04:00 AM
24-Oct-23,AAC Plant 2,2,2250-7,A467 Adaptor DC,3,Die Change,0,scheduled die change,Die Related,03:00 AM,04:00 AM
24-Oct-23,AAC Plant 2,2,2250-8,19MY NONPTO TRANSMISSION CASE DC,1,Die Change,0,sched die change,Die Related,11:20 PM,12:45 AM
25-Oct-23,AAC Plant 2,1,2250-10,946F Crankcase DC,13,Metal Delivery,45,metal temp low,Casting Process/Equipment,08:25 AM,09:10 AM
25-Oct-23,AAC Plant 2,1,2250-11,LB01 TM Case DC,3,N/G Tip or Sleeve Change,50,change tip/wrong tip,Casting Process/Equipment,05:15 AM,06:05 AM
25-Oct-23,AAC Plant 2,1,2250-14,G300 TRANSMISSION CASE DC,9,Metal Delivery,15,out of metal,Casting Process/Equipment,12:30 PM,12:45 PM
25-Oct-23,AAC Plant 2,1,2250-8,19MY PTO TRANSMISSION CASE DC,4,Die Change,0,sched die change,Die Related,02:15 PM,04:30 AM
25-Oct-23,AAC Plant 2,1,2250-9,881 Oil Pan DC,11,Metal Delivery,35,out of metal,Casting Process/Equipment,02:30 PM,03:05 PM
25-Oct-23,AAC Plant 2,2,2250-11,LB01 TM Case DC,2,Die Change,60,carry over die change,Die Related,05:15 PM,06:15 PM
25-Oct-23,AAC Plant 2,2,2250-11,LB01 TM Case DC,2,Condition Check Die,15,cond check per sup req,Die Related,06:15 PM,06:30 PM
25-Oct-23,AAC Plant 2,2,2250-2,908K TAH AWD DC,1,Clean Up,15,carry over FI hooking up everything on m/s,Casting Process/Equipment,05:15 PM,05:30 PM
25-Oct-23,AAC Plant 2,2,2250-2,908K TAH AWD DC,1,Condition Check Die,15,cond check,Die Related,10:10 PM,10:25 PM
25-Oct-23,AAC Plant 2,2,2250-8,G300 TA HOUSING FWD DC,2,Die Change,30,carry over die change vac sesnor lines not hooked up,Die Related,05:15 AM,05:45 AM
26-Oct-23,AAC Plant 2,1,2250-3,908K TAH FWD DC,2,Die Change,0,die change scheduled,Die Related,11:00 AM,11:50 AM
26-Oct-23,AAC Plant 2,1,2250-7,914K Transaxle Case,2,Die Change,0,scheduled die change,Die Related,05:15 AM,07:15 AM
26-Oct-23,AAC Plant 2,1,2250-8,G300 TA HOUSING FWD DC,2,Die Change,0,scheduled die change to MY19PTO,Die Related,03:00 PM,05:00 PM
26-Oct-23,AAC Plant 2,1,2250-9,881 Oil Pan DC,11,Die Change,0,scheduled die change die 3,Die Related,09:00 AM,11:15 AM
26-Oct-23,AAC Plant 2,1,500-3,G903 Stator Wheel DC,7,Date Stamp-ID,10,carry over tonnage issues,Casting Process/Equipment,05:15 AM,05:25 AM
26-Oct-23,AAC Plant 2,1,800-3,G300 CENTER SUPPORT DC,8,Condition Check Die,26,cond check /cleaned die and powder,Die Related,08:42 AM,09:08 AM
26-Oct-23,AAC Plant 2,2,2250-2,908K TAH AWD DC,1,Die Change,0,scheduled die change,Die Related,04:00 AM,04:45 AM
26-Oct-23,AAC Plant 2,2,2250-5,G298 TA HOUSING AWD DC,4,N/G Tip or Sleeve Change,35,ng shot tip,Casting Process/Equipment,11:25 PM,12:00 AM
26-Oct-23,AAC Plant 2,2,2250-7,914K Transaxle Case,2,Condition Check Die,30,shut down developer check arts chunking,Die Related,01:20 AM,01:50 AM
26-Oct-23,AAC Plant 2,2,2250-7,914K Transaxle Case,2,Condition Check Die,90,developer check,Die Related,10:55 AM,12:25 PM
26-Oct-23,AAC Plant 2,2,2250-9,"103E Oil Pan, No. 1  DC",1,Metal Delivery,10,metal temp fault,Casting Process/Equipment,11:50 PM,12:00 AM
26-Oct-23,AAC Plant 2,2,2250-9,"103E Oil Pan, No. 1  DC",3,Clean Up,15,PE working on cracking issues,Casting Process/Equipment,05:15 PM,05:30 PM
26-Oct-23,AAC Plant 2,2,800-2,G300 CENTER SUPPORT DC,10,Die Change,95,die change,Die Related,06:15 PM,07:50 PM
27-Oct-23,AAC Plant 2,1,2250-10,946F Crankcase DC,15,Metal Delivery,40,metal temp low alarm,Casting Process/Equipment,07:00 AM,07:04 AM
27-Oct-23,AAC Plant 2,1,2250-2,908K TAH FWD DC,2,Die Change,20,carry over from prev shift dm putting bolts back into die,Die Related,05:15 AM,05:35 AM
27-Oct-23,AAC Plant 2,1,2250-3,G300 TA HOUSING FWD DC,3,Condition Check Die,10,cond check  qc,Die Related,09:00 AM,09:10 AM
27-Oct-23,AAC Plant 2,1,2250-7,A467 Adaptor DC,3,Die Change,0,scheduled die change/ c-plate ng clamp,Die Related,05:00 AM,08:00 AM
27-Oct-23,AAC Plant 2,1,2250-9,"103E Oil Pan, No. 1  DC",1,Clean Up,25,shot sleeve turned,Casting Process/Equipment,11:30 AM,11:55 AM
27-Oct-23,AAC Plant 2,1,800-3,G300 CENTER SUPPORT DC,8,Condition Check Die,90,cond check low ej pins die change,Die Related,08:58 AM,10:28 AM
27-Oct-23,AAC Plant 2,2,2250-4,984F Crankcase DC,2,Clean Up,15,carry over maint working on tp,Casting Process/Equipment,05:15 PM,05:30 PM
27-Oct-23,AAC Plant 2,2,2250-6,946F Crankcase DC,12,Die Change,0,scheduled die change set 4,Die Related,03:00 AM,05:00 AM
27-Oct-23,AAC Plant 2,2,2250-8,19MY PTO TRANSMISSION CASE DC,4,Die Change,70,carry over set 19my,Die Related,05:15 PM,06:25 PM
27-Oct-23,AAC Plant 2,2,2250-9,"103E Oil Pan, No. 1  DC",3,Die Change,90,carry over from 1 st shift die change,Die Related,05:15 PM,06:45 PM
28-Oct-23,AAC Plant 2,1,800-1,908K Center Support DC,2,Condition Check Die,13,cond check wrong die number,Die Related,02:33 AM,02:46 PM
28-Oct-23,AAC Plant 2,1,800-1,908K Center Support DC,3,Date Stamp-ID,85,sprue bushingleak,Casting Process/Equipment,06:20 AM,07:45 AM
28-Oct-23,AAC Plant 2,1,800-1,908K Center Support DC,3,Die Change,70,die change flashed in powder pins,Die Related,11:36 AM,12:40 PM
28-Oct-23,AAC Plant 2,1,800-1,908K Center Support DC,3,Condition Check Die,30,cond check e-polish,Die Related,11:06 AM,11:36 AM
28-Oct-23,AAC Plant 2,1,800-1,908K Center Support DC,3,Date Stamp-ID,25,water line on die clamp fault,Casting Process/Equipment,05:55 AM,06:20 AM
28-Oct-23,AAC Plant 2,1,800-1,908K Center Support DC,3,Date Stamp-ID,40,carry over dm replace sprue nushing,Casting Process/Equipment,05:15 AM,05:55 AM
28-Oct-23,AAC Plant 2,2,2250-2,908K TAH FWD DC,2,Clean Up,0,scheduled die change,Casting Process/Equipment,03:00 AM,05:00 AM
30-Oct-23,AAC Plant 2,1,2250-1,946F Crankcase DC,10,Date Stamp-ID,30,overstart working on 2250-2,Casting Process/Equipment,05:30 AM,06:00 AM
30-Oct-23,AAC Plant 2,1,2250-11,LB01 TM Case DC,4,Die Change,105,setting lb01tmc #1,Die Related,09:00 AM,10:45 AM
30-Oct-23,AAC Plant 2,1,2250-6,984F Crankcase DC,4,Clean Up,10,cond check developer check,Casting Process/Equipment,01:15 PM,01:25 PM
30-Oct-23,AAC Plant 2,1,2250-8,19MY PTO TRANSMISSION CASE DC,4,Die Change,0,schedulee  die change,Die Related,10:00 AM,11:45 AM
30-Oct-23,AAC Plant 2,1,2250-9,A467 Transmission Housing DC,4,Die Change,0,scheduled die change,Die Related,05:00 AM,11:00 AM
30-Oct-23,AAC Plant 2,1,500-3,G903 Stator Wheel DC,7,Condition Check Die,10,cond check A cavity not sitting in FI trim die,Die Related,11:15 AM,11:25 PM
30-Oct-23,AAC Plant 2,1,500-3,G903 Stator Wheel DC,7,Clean Up,55,e-polish trim die,Casting Process/Equipment,07:10 AM,08:05 AM
30-Oct-23,AAC Plant 2,1,500-3,G903 Stator Wheel DC,7,Condition Check Die,20,cond check b side not spinning,Die Related,12:55 PM,01:15 PM
30-Oct-23,AAC Plant 2,1,800-1,908K Center Support DC,2,Die Change,85,die change,Die Related,06:35 AM,08:00 AM
30-Oct-23,AAC Plant 2,1,800-3,G300 CENTER SUPPORT DC,9,Die Change,76,die 9 flash out a/b,Die Related,01:47 PM,03:03 AM
30-Oct-23,AAC Plant 2,2,2250-10,946F Crankcase DC,15,Condition Check Die,20,shut down qc req cold shot ss,Die Related,11:50 AM,12:10 AM
30-Oct-23,AAC Plant 2,2,2250-3,908K TAH FWD DC,2,Condition Check Die,20,cond check no leaks laminatin,Die Related,03:40 AM,04:00 AM
30-Oct-23,AAC Plant 2,2,2250-7,A467 Adaptor DC,3,Die Change,0,scheduled doe change,Die Related,03:00 AM,04:40 AM
31-Oct-23,AAC Plant 2,1,2250-3,908K TAH FWD DC,2,Condition Check Die,15,cond check lamination,Die Related,10:00 AM,10:15 AM
31-Oct-23,AAC Plant 2,1,2250-5,G298 TA HOUSING AWD DC,6,Condition Check Die,10,cond check qe req,Die Related,08:40 AM,08:50 AM
31-Oct-23,AAC Plant 2,1,2250-6,984F Crankcase DC,13,Die Change,0,scheduled die change,Die Related,05:15 AM,09:30 AM
31-Oct-23,AAC Plant 2,1,2250-8,G300 TA HOUSING FWD DC,2,Condition Check Die,30,cond check e-polish,Die Related,10:30 AM,11:00 AM
31-Oct-23,AAC Plant 2,1,2250-8,G300 TA HOUSING FWD DC,2,Die Change,0,scheduled die change,Die Related,05:00 AM,07:45 AM
31-Oct-23,AAC Plant 2,1,500-3,G903 Stator Wheel DC,7,Condition Check Die,10,cond check ng run out,Die Related,12:05 PM,12:15 PM
31-Oct-23,AAC Plant 2,2,2250-11,LB01 TM Case DC,4,Clean Up,135,carry over die repair,Casting Process/Equipment,05:15 PM,07:30 AM
31-Oct-23,AAC Plant 2,2,2250-8,G300 TA HOUSING FWD DC,4,Die Change,120,carry over die change auto exchange,Die Related,05:15 PM,07:15 PM
1-Nov-23,AAC Plant 2,1,2250-7,914K Transaxle Case,2,Die Change,0,sched die change,Die Related,05:00 AM,07:00 AM
1-Nov-23,AAC Plant 2,1,500-3,G903 Stator Wheel DC,7,Metal Delivery,17,ladle pto,Casting Process/Equipment,10:00 AM,10:17 AM
1-Nov-23,AAC Plant 2,1,500-3,G903 Stator Wheel DC,7,Metal Delivery,10,ladle tpo,Casting Process/Equipment,06:50 AM,07:00 AM
1-Nov-23,AAC Plant 2,2,1650-1,"103E Oil Pan, No. 1  DC",2,Condition Check Die,25,cond check oil on parts,Die Related,07:40 PM,08:05 PM
1-Nov-23,AAC Plant 2,2,2250-10,946F Crankcase DC,15,Clean Up,30,scrap chute back up,Casting Process/Equipment,03:15 AM,03:45 AM
1-Nov-23,AAC Plant 2,2,2250-11,LB01 TM Case DC,1,Clean Up,25,shutr down part with runner got stuck on conveyor belt,Casting Process/Equipment,10:45 AM,11:10 AM
1-Nov-23,AAC Plant 2,2,2250-4,984F Crankcase DC,4,Clean Up,10,over 4s,Casting Process/Equipment,11:50 AM,12:00 AM
1-Nov-23,AAC Plant 2,2,500-3,G903 Stator Wheel DC,7,Condition Check Machine,70,cond check a cavity not spending,Casting Process/Equipment,06:30 AM,07:40 PM
2-Nov-23,AAC Plant 2,1,2250-11,LB01 TM Case DC,1,Other (Indirect),70,PE reteaching ulr @ servo,Casting Process/Equipment,03:40 PM,04:30 PM
2-Nov-23,AAC Plant 2,1,2250-13,G300 TRANSMISSION CASE DC,5,Water/Die Lube Supply,20,water line on ms ng,Casting Process/Equipment,05:15 AM,05:35 AM
2-Nov-23,AAC Plant 2,1,2250-5,G298 TA HOUSING AWD DC,6,Condition Check Die,20,cond chk per qe/ no leaks found,Die Related,08:10 AM,08:30 AM
2-Nov-23,AAC Plant 2,1,2250-7,914K Transaxle Case,2,Other (Indirect),45,shaker system down,Casting Process/Equipment,12:10 PM,12:55 PM
2-Nov-23,AAC Plant 2,1,2250-9,"103E Oil Pan, No. 1  DC",3,Condition Check Die,25,cond chk; parts cracking; call dm,Die Related,09:40 AM,10:05 AM
2-Nov-23,AAC Plant 2,1,2250-9,"103E Oil Pan, No. 1  DC",3,Condition Check Die,-25,,,,
2-Nov-23,AAC Plant 2,1,500-3,G903 Stator Wheel DC,7,Die Change,20,pulled die 7 set #8,Die Related,07:40 AM,08:00 AM
2-Nov-23,AAC Plant 2,1,800-3,G300 CENTER SUPPORT DC,13,Die Change,60,broke pin,Die Related,02:30 PM,03:30 PM
2-Nov-23,AAC Plant 2,2,2250-2,908K TAH AWD DC,1,Water/Die Lube Supply,20,shot rod loose water fitting,Casting Process/Equipment,11:30 AM,11:50 PM
2-Nov-23,AAC Plant 2,2,2250-5,G298 TA HOUSING AWD DC,6,Condition Check Die,25,discoloration,Die Related,03:10 AM,03:35 AM
2-Nov-23,AAC Plant 2,2,500-3,G903 Stator Wheel DC,8,Condition Check Die,20,cond. chk a cavity not spinning,Die Related,06:30 PM,06:50 PM
3-Nov-23,AAC Plant 2,1,2250-3,908K TAH FWD DC,1,Condition Check Die,5,okay,Die Related,10:30 AM,10:35 AM
3-Nov-23,AAC Plant 2,2,2250-10,946F Crankcase DC,15,Water/Die Lube Supply,25,w/o spray count,Casting Process/Equipment,10:00 AM,10:25 AM
3-Nov-23,AAC Plant 2,2,2250-13,G300 TRANSMISSION CASE DC,5,Water/Die Lube Supply,40,abnormal flow rate,Casting Process/Equipment,09:40 AM,10:20 AM
3-Nov-23,AAC Plant 2,2,2250-6,984F Crankcase DC,2,Water/Die Lube Supply,10,die lube change,Casting Process/Equipment,10:10 AM,10:20 AM
4-Nov-23,AAC Plant 2,1,2250-4,984F Crankcase DC,5,Die Change,30,finish die change,Die Related,05:00 AM,05:30 AM
4-Nov-23,AAC Plant 2,1,2250-4,984F Crankcase DC,5,Condition Check Die,30,cond check cold shot,Die Related,07:30 AM,08:00 AM
4-Nov-23,AAC Plant 2,1,800-2,G300 CENTER SUPPORT DC,12,Die Change,44,ng part broke insert s/s,Die Related,03:46 PM,04:30 PM
4-Nov-23,AAC Plant 2,1,800-3,G300 CENTER SUPPORT DC,11,Die Change,70,pulled die 11,Die Related,09:30 AM,10:40 AM
4-Nov-23,AAC Plant 2,2,2250-4,984F Crankcase DC,5,Condition Check Die,30,cond check,Die Related,01:45 AM,02:15 AM
4-Nov-23,AAC Plant 2,2,800-2,G300 CENTER SUPPORT DC,10,Die Change,125,carry over,Die Related,05:15 AM,07:20 AM
5-Nov-23,AAC Plant 2,1,2250-4,984F Crankcase DC,4,Die Change,45,setting m/s,Die Related,05:15 AM,06:00 AM
5-Nov-23,AAC Plant 2,1,2250-6,984F Crankcase DC,2,Condition Check Die,10,cond check,Die Related,06:15 AM,06:25 AM
5-Nov-23,AAC Plant 2,2,800-3,G300 CENTER SUPPORT DC,14,Clean Up,15,carry over e-polish,Casting Process/Equipment,05:15 AM,05:30 AM
6-Nov-23,AAC Plant 2,1,2250-1,946F Crankcase DC,12,Condition Check Die,250,conf check die change,Die Related,09:55 AM,02:05 AM
6-Nov-23,AAC Plant 2,1,2250-10,946F Crankcase DC,15,Metal Delivery,45,cold metal temp,Casting Process/Equipment,06:25 AM,07:10 AM
6-Nov-23,AAC Plant 2,1,2250-11,LB01 TM Case DC,1,Condition Check Die,10,cond check,Die Related,09:50 AM,10:00 AM
6-Nov-23,AAC Plant 2,1,2250-13,G300 TRANSMISSION CASE DC,5,Die Change,0,sched die change,Die Related,02:30 AM,05:00 AM
6-Nov-23,AAC Plant 2,1,2250-9,A467 Transmission Housing DC,4,Condition Check Die,15,cond check cold shut,Die Related,06:55 AM,07:10 AM
6-Nov-23,AAC Plant 2,1,800-1,908K Center Support DC,3,Die Change,50,carry over die change,Die Related,05:00 AM,05:50 AM
6-Nov-23,AAC Plant 2,2,2250-1,946F Crankcase DC,13,Condition Check Die,10,cond check per quality,Die Related,11:55 PM,12:05 AM
6-Nov-23,AAC Plant 2,2,2250-3,908K TAH FWD DC,1,N/G Tip or Sleeve Change,125,tip ;leaking water,Casting Process/Equipment,02:40 AM,04:45 AM
6-Nov-23,AAC Plant 2,2,2250-7,A467 Adaptor DC,3,Clean Up,35,carry over polish,Casting Process/Equipment,12:00 PM,12:35 AM
6-Nov-23,AAC Plant 2,2,2250-8,19MY NONPTO TRANSMISSION CASE DC,1,Die Change,0,scheduled die change,Die Related,11:00 AM,12:30 PM
7-Nov-23,AAC Plant 2,1,1650-1,"103E Oil Pan, No. 1  DC",2,Other (Indirect),105,crane broke during change over,Casting Process/Equipment,09:30 AM,11:15 AM
7-Nov-23,AAC Plant 2,1,2250-1,946F Crankcase DC,9,Condition Check Die,240,cond check,Die Related,12:45 PM,04:45 AM
7-Nov-23,AAC Plant 2,1,2250-6,984F Crankcase DC,2,Die Change,0,sched die chan ge,Die Related,02:00 PM,05:00 PM
7-Nov-23,AAC Plant 2,1,2250-9,A467 Transmission Housing DC,4,Metal Delivery,10,ladle arm return over run,Casting Process/Equipment,09:00 AM,09:10 AM
7-Nov-23,AAC Plant 2,2,2250-1,946F Crankcase DC,9,Condition Check Die,110,cond c heck per quality,Die Related,08:10 PM,10:00 AM
7-Nov-23,AAC Plant 2,2,2250-11,LB01 TM Case DC,1,Condition Check Die,15,cond cgheck,Die Related,08:30 AM,08:45 PM
7-Nov-23,AAC Plant 2,2,2250-11,LB01 TM Case DC,1,Condition Check Die,15,cond check crack on ss,Die Related,06:30 PM,06:45 PM
7-Nov-23,AAC Plant 2,2,2250-8,19MY NONPTO TRANSMISSION CASE DC,1,Die Change,0,sched die change,Die Related,03:00 AM,04:45 AM
8-Nov-23,AAC Plant 2,1,2250-8,G300 TA HOUSING FWD DC,4,Condition Check Die,10,cond check,Die Related,09:00 AM,09:10 AM
8-Nov-23,AAC Plant 2,1,2250-8,19MY PTO TRANSMISSION CASE DC,4,Die Change,100,carry over die chnage,Die Related,05:00 AM,06:40 AM
8-Nov-23,AAC Plant 2,2,2250-14,G300 TRANSMISSION CASE DC,8,N/G Tip or Sleeve Change,85,tip ng,Casting Process/Equipment,11:15 AM,12:30 AM
9-Nov-23,AAC Plant 2,1,2250-5,G298 TA HOUSING AWD DC,7,Condition Check Die,10,cond check,Die Related,01:15 PM,01:25 PM
9-Nov-23,AAC Plant 2,1,2250-6,946F Crankcase DC,13,Condition Check Die,10,cond check,Die Related,01:40 AM,01:50 AM
9-Nov-23,AAC Plant 2,1,500-3,G903 Stator Wheel DC,6,Condition Check Die,70,b-cavity thick flash on blades,Die Related,07:40 AM,08:50 AM
9-Nov-23,AAC Plant 2,2,2250-10,946F Crankcase DC,14,Condition Check Die,35,shut down lamination c1,Die Related,04:10 AM,04:45 AM
9-Nov-23,AAC Plant 2,2,2250-14,G300 TRANSMISSION CASE DC,8,Other (Indirect),50,e-stop,Casting Process/Equipment,11:30 PM,12:20 AM
9-Nov-23,AAC Plant 2,2,2250-14,G300 TRANSMISSION CASE DC,8,Other (Indirect),40,e-stop,Casting Process/Equipment,10:40 PM,11:20 PM
9-Nov-23,AAC Plant 2,2,2250-3,G300 TA HOUSING FWD DC,2,Die Change,0,scheduled die change,Die Related,03:00 AM,04:45 AM
9-Nov-23,AAC Plant 2,2,2250-5,G298 TA HOUSING AWD DC,7,Condition Check Die,20,cond check,Die Related,12:20 PM,12:40 PM
9-Nov-23,AAC Plant 2,2,2250-6,946F Crankcase DC,13,Other (Indirect),225,carry over waitn on ms,Casting Process/Equipment,05:15 AM,09:00 AM
9-Nov-23,AAC Plant 2,2,2250-7,914K Transaxle Case,2,Condition Check Die,15,qc req shut down,Die Related,08:15 PM,08:30 PM
9-Nov-23,AAC Plant 2,2,2250-7,914K Transaxle Case,2,Condition Check Die,10,qc req shut down,Die Related,08:00 PM,08:10 PM
9-Nov-23,AAC Plant 2,2,2250-7,914K Transaxle Case,2,Condition Check Die,30,qc req shut down,Die Related,07:15 PM,07:43 PM
9-Nov-23,AAC Plant 2,2,2250-7,914K Transaxle Case,2,Condition Check Die,15,qc req shut down,Die Related,06:45 PM,07:00 AM
9-Nov-23,AAC Plant 2,2,2250-7,914K Transaxle Case,2,Condition Check Die,15,qc req shut down,Die Related,06:00 PM,06:15 PM
9-Nov-23,AAC Plant 2,2,500-3,G903 Stator Wheel DC,8,Die Change,80,ng die repair,Die Related,06:50 AM,08:10 AM
9-Nov-23,AAC Plant 2,2,500-3,G903 Stator Wheel DC,8,Clean Up,45,carry over no tip lube,Casting Process/Equipment,05:15 AM,06:00 AM
9-Nov-23,AAC Plant 2,2,800-1,908K Center Support DC,3,Die Change,60,die change water leak,Die Related,08:00 AM,09:00 PM
9-Nov-23,AAC Plant 2,2,800-2,G300 CENTER SUPPORT DC,11,Clean Up,40,die wont open carry over,Casting Process/Equipment,05:15 AM,05:55 AM
10-Nov-23,AAC Plant 2,1,2250-6,946F Crankcase DC,13,Die Change,0,scheduled die change,Die Related,07:00 AM,10:50 AM
10-Nov-23,AAC Plant 2,1,2250-9,"103E Oil Pan, No. 1  DC",3,Condition Check Die,25,cond check,Die Related,02:15 AM,02:40 PM
10-Nov-23,AAC Plant 2,1,2250-9,"103E Oil Pan, No. 1  DC",3,Condition Check Die,-25,,,,
10-Nov-23,AAC Plant 2,1,800-2,G300 CENTER SUPPORT DC,11,Clean Up,23,4s cont,Casting Process/Equipment,12:00 PM,12:32 PM
10-Nov-23,AAC Plant 2,2,2250-1,946F Crankcase DC,8,Condition Check Die,30,cond check,Die Related,10:00 PM,10:30 PM
10-Nov-23,AAC Plant 2,2,2250-6,984F Crankcase DC,3,N/G Tip or Sleeve Change,50,brkoe bisc,Casting Process/Equipment,11:45 PM,12:35 AM
10-Nov-23,AAC Plant 2,2,2250-7,A467 Extension Housing DC,1,Clean Up,20,carry over die change,Casting Process/Equipment,05:15 PM,05:35 PM
11-Nov-23,AAC Plant 2,1,2250-10,946F Crankcase DC,14,Die Change,150,die change /lamination,Die Related,11:30 AM,02:00 AM
11-Nov-23,AAC Plant 2,1,2250-9,"103E Oil Pan, No. 1  DC",3,Other (Indirect),35,stop call wait,Casting Process/Equipment,11:10 AM,11:45 AM
11-Nov-23,AAC Plant 2,1,2250-9,"103E Oil Pan, No. 1  DC",3,Other (Indirect),-35,,,,
11-Nov-23,AAC Plant 2,1,500-3,G903 Stator Wheel DC,7,Condition Check Die,10,cond check,Die Related,10:40 AM,10:50 AM
11-Nov-23,AAC Plant 2,1,500-3,G903 Stator Wheel DC,7,Date Stamp-ID,5,running prep op starting dcm,Casting Process/Equipment,05:15 AM,05:20 AM
11-Nov-23,AAC Plant 2,2,2250-10,946F Crankcase DC,13,Die Change,55,carry over die change,Die Related,05:15 AM,06:10 AM
11-Nov-23,AAC Plant 2,2,2250-14,G300 TRANSMISSION CASE DC,8,Metal Delivery,10,ladle arm return over run,Casting Process/Equipment,09:25 AM,09:35 PM
11-Nov-23,AAC Plant 2,2,2250-3,908K TAH FWD DC,2,Condition Check Die,25,cond check,Die Related,08:25 AM,08:50 AM
12-Nov-23,AAC Plant 2,1,800-1,908K Center Support DC,1,Die Change,90,pull die 1 set die 3,Die Related,06:03 AM,07:33 AM
13-Nov-23,AAC Plant 2,1,2250-1,946F Crankcase DC,8,Date Stamp-ID,15,overstart,Casting Process/Equipment,05:30 AM,05:45 AM
13-Nov-23,AAC Plant 2,1,2250-2,908K TAH FWD DC,2,Condition Check Die,10,cond check,Die Related,08:30 AM,08:40 AM
13-Nov-23,AAC Plant 2,1,2250-2,908K TAH FWD DC,2,Condition Check Die,10,cond check no leaks,Die Related,08:50 AM,09:00 AM
13-Nov-23,AAC Plant 2,1,2250-2,908K TAH FWD DC,2,Condition Check Die,-20,,,,
13-Nov-23,AAC Plant 2,1,2250-2,908K TAH AWD DC,3,Date Stamp-ID,10,overstart everything off all fences open,Casting Process/Equipment,05:30 AM,05:40 AM
13-Nov-23,AAC Plant 2,1,2250-3,908K TAH FWD DC,2,Condition Check Die,10,cond check on die,Die Related,08:30 AM,08:40 AM
13-Nov-23,AAC Plant 2,1,2250-3,908K TAH FWD DC,2,Condition Check Die,10,cond check die,Die Related,08:50 AM,09:00 AM
13-Nov-23,AAC Plant 2,1,2250-5,G298 TA HOUSING AWD DC,7,Other (Indirect),25,e-stop,Casting Process/Equipment,02:35 PM,03:00 PM
13-Nov-23,AAC Plant 2,1,2250-6,984F Crankcase DC,3,Condition Check Machine,15,check spray to water,Casting Process/Equipment,05:30 AM,05:45 AM
13-Nov-23,AAC Plant 2,1,2250-7,A467 Extension Housing DC,1,Water/Die Lube Supply,20,no tip lube flow,Casting Process/Equipment,06:20 AM,06:40 AM
13-Nov-23,AAC Plant 2,1,800-2,G300 CENTER SUPPORT DC,11,Die Change,75,pulling die galling,Die Related,12:00 PM,01:15 AM
13-Nov-23,AAC Plant 2,2,2250-11,LB01 TM Case DC,1,Condition Check Die,20,cond check,Die Related,10:55 AM,11:15 AM
13-Nov-23,AAC Plant 2,2,2250-8,19MY NONPTO TRANSMISSION CASE DC,1,Die Change,0,scheduled die change,Die Related,03:00 AM,04:45 AM
13-Nov-23,AAC Plant 2,2,2250-9,A467 Transmission Housing DC,4,Condition Check Die,15,shut down qc req,Die Related,12:00 AM,12:15 AM
13-Nov-23,AAC Plant 2,2,500-3,G903 Stator Wheel DC,7,Condition Check Die,30,cond check b cavity,Die Related,05:30 PM,06:00 PM
13-Nov-23,AAC Plant 2,2,800-3,G300 CENTER SUPPORT DC,13,Condition Check Machine,20,non fill,Casting Process/Equipment,08:01 AM,08:21 AM
13-Nov-23,AAC Plant 2,2,800-3,G300 CENTER SUPPORT DC,13,Condition Check Machine,24,cond check,Casting Process/Equipment,08:30 AM,08:54 AM
14-Nov-23,AAC Plant 2,1,2250-11,LB01 TM Case DC,1,Clean Up,15,over start from 4s+d,Casting Process/Equipment,03:10 AM,03:25 AM
14-Nov-23,AAC Plant 2,1,2250-3,908K TAH FWD DC,2,Condition Check Die,20,cond check,Die Related,07:25 AM,07:45 AM
14-Nov-23,AAC Plant 2,1,2250-3,908K TAH FWD DC,2,Condition Check Die,50,cond check galling,Die Related,09:10 AM,10:00 AM
14-Nov-23,AAC Plant 2,1,2250-3,908K TAH FWD DC,2,Die Change,0,sched die change,Die Related,11:00 AM,01:10 PM
14-Nov-23,AAC Plant 2,1,2250-9,"103E Oil Pan, No. 1  DC",3,Condition Check Die,30,eng cond die check,Die Related,03:50 PM,04:10 PM
14-Nov-23,AAC Plant 2,1,2250-9,"103E Oil Pan, No. 1  DC",3,Condition Check Die,-30,,,,
14-Nov-23,AAC Plant 2,1,2250-9,A467 Transmission Housing DC,4,Die Change,0,scheduled die change,Die Related,07:00 AM,09:20 AM
14-Nov-23,AAC Plant 2,2,2250-14,G300 TRANSMISSION CASE DC,8,Metal Delivery,15,ladle arm return over run,Casting Process/Equipment,11:45 PM,12:00 AM
14-Nov-23,AAC Plant 2,2,2250-6,946F Crankcase DC,15,Die Change,120,carry over waiting on ms to be ready,Die Related,05:15 PM,07:15 AM
15-Nov-23,AAC Plant 2,1,2250-13,G300 TRANSMISSION CASE DC,6,Die Change,15,shut down to get 324 case out of cage,Die Related,05:50 AM,06:05 AM
15-Nov-23,AAC Plant 2,1,2250-4,984F Crankcase DC,1,Clean Up,15,cond check developer,Casting Process/Equipment,07:30 AM,07:45 AM
15-Nov-23,AAC Plant 2,1,2250-8,G300 TA HOUSING FWD DC,4,Die Change,0,scheduled die change,Die Related,05:15 AM,06:40 AM
15-Nov-23,AAC Plant 2,1,2250-9,"103E Oil Pan, No. 1  DC",3,Condition Check Die,75,engineer working on cracking issues,Die Related,12:30 PM,01:45 PM
15-Nov-23,AAC Plant 2,1,2250-9,"103E Oil Pan, No. 1  DC",3,Die Change,0,sched die change,Die Related,02:00 AM,03:00 AM
15-Nov-23,AAC Plant 2,1,2250-9,"103E Oil Pan, No. 1  DC",3,Condition Check Die,-75,,,,
15-Nov-23,AAC Plant 2,2,2250-2,908K TAH AWD DC,3,Clean Up,20,dm carry over polish,Casting Process/Equipment,11:30 AM,11:50 AM
15-Nov-23,AAC Plant 2,2,2250-3,908K TAH FWD DC,1,Die Change,0,sched die change,Die Related,05:15 PM,09:30 PM
15-Nov-23,AAC Plant 2,2,2250-3,908K TAH FWD DC,1,Clean Up,10,over 4s,Casting Process/Equipment,10:20 PM,10:30 PM
15-Nov-23,AAC Plant 2,2,2250-4,984F Crankcase DC,1,Water/Die Lube Supply,65,cto,Casting Process/Equipment,02:05 AM,03:10 AM
15-Nov-23,AAC Plant 2,2,2250-7,A467 Adaptor DC,3,Die Change,0,scheduled die change,Die Related,03:50 AM,04:45 AM
15-Nov-23,AAC Plant 2,2,800-1,908K Center Support DC,1,Die Change,60,die change pull 1 set 3,Die Related,01:30 AM,02:30 AM
15-Nov-23,AAC Plant 2,2,800-1,908K Center Support DC,1,Condition Check Die,30,cond check due to multiple e-polish from excessive galling,Die Related,01:00 AM,01:30 AM
16-Nov-23,AAC Plant 2,1,800-1,908K Center Support DC,3,Other (Indirect),50,hyd oil low carry over,Casting Process/Equipment,05:00 AM,05:50 AM
16-Nov-23,AAC Plant 2,2,1650-1,"103E Oil Pan, No. 1  DC",2,Clean Up,135,carry over dm working on ms,Casting Process/Equipment,05:15 PM,07:30 PM
16-Nov-23,AAC Plant 2,2,2250-1,946F Crankcase DC,8,Condition Check Machine,30,cond check,Casting Process/Equipment,06:40 AM,07:10 PM
16-Nov-23,AAC Plant 2,2,2250-1,946F Crankcase DC,8,Condition Check Machine,55,cond check,Casting Process/Equipment,07:20 PM,08:15 AM
16-Nov-23,AAC Plant 2,2,2250-11,LB01 TM Case DC,2,Clean Up,80,cond check /lamination,Casting Process/Equipment,06:00 PM,07:15 AM
16-Nov-23,AAC Plant 2,2,2250-11,LB01 TM Case DC,2,Die Change,105,die cahnge per sup.,Die Related,01:50 AM,03:35 AM
16-Nov-23,AAC Plant 2,2,2250-3,G300 TA HOUSING FWD DC,3,Die Change,50,carry over die change,Die Related,05:15 PM,06:05 PM
16-Nov-23,AAC Plant 2,2,2250-6,946F Crankcase DC,15,Die Change,0,sched die change,Die Related,03:00 AM,04:45 AM
16-Nov-23,AAC Plant 2,2,2250-9,A467 Transmission Housing DC,4,Metal Delivery,20,carry over metal build up on holding furnace cant get ladle in furnace,Casting Process/Equipment,05:15 AM,05:35 PM
16-Nov-23,AAC Plant 2,2,500-3,G903 Stator Wheel DC,7,Condition Check Die,20,cond check b-cavity,Die Related,01:40 AM,02:00 AM
17-Nov-23,AAC Plant 2,1,2250-5,G298 TA HOUSING AWD DC,7,Die Change,0,sched die change 4s+d,Die Related,09:30 AM,10:30 AM
17-Nov-23,AAC Plant 2,2,2250-10,946F Crankcase DC,13,Condition Check Die,145,cond check die 3 broke bolts c3,Die Related,11:30 PM,01:55 AM
17-Nov-23,AAC Plant 2,2,2250-2,908K TAH AWD DC,1,Die Change,0,scheduled die change core 1 not reading,Die Related,03:00 AM,04:45 AM
17-Nov-23,AAC Plant 2,2,2250-3,G300 TA HOUSING FWD DC,3,Clean Up,20,dm carry over polish,Casting Process/Equipment,11:30 AM,11:50 AM
17-Nov-23,AAC Plant 2,2,2250-7,A467 Extension Housing DC,1,Die Change,0,scheduled die chanage,Die Related,05:15 PM,08:40 PM
17-Nov-23,AAC Plant 2,2,2250-8,19MY NONPTO TRANSMISSION CASE DC,1,Die Change,60,ulr bisc stuck on ss,Die Related,09:00 PM,10:00 PM
18-Nov-23,AAC Plant 2,1,2250-2,908K TAH FWD DC,2,Die Change,150,eject bent pull 908fwd #1 set 2,Die Related,07:20 AM,09:50 AM
18-Nov-23,AAC Plant 2,1,2250-2,908K TAH FWD DC,2,Other (Indirect),140,carry over waiting for ms from dm,Casting Process/Equipment,05:00 AM,07:20 AM
18-Nov-23,AAC Plant 2,1,2250-8,19MY NONPTO TRANSMISSION CASE DC,1,Die Change,0,scheduled die change,Die Related,02:30 PM,05:00 PM
18-Nov-23,AAC Plant 2,1,800-3,G300 CENTER SUPPORT DC,13,Die Change,75,die change set 2,Die Related,02:30 AM,03:45 AM
19-Nov-23,AAC Plant 2,2,800-1,908K Center Support DC,2,Condition Check Machine,16,"check powder, due to galling on bolt boss",Casting Process/Equipment,07:30 AM,07:46 AM
19-Nov-23,AAC Plant 2,2,800-1,908K Center Support DC,2,Condition Check Machine,108,"cond check , no fill",Casting Process/Equipment,10:50 PM,12:38 AM
19-Nov-23,AAC Plant 2,2,800-1,908K Center Support DC,2,Die Change,35,"die change , ej pins bent",Die Related,04:10 AM,04:45 AM
20-Nov-23,AAC Plant 2,1,2250-1,946F Crankcase DC,8,Date Stamp-ID,10,overstart furnace lid closed and hook is broke,Casting Process/Equipment,05:30 AM,05:40 AM
20-Nov-23,AAC Plant 2,1,2250-2,908K TAH FWD DC,2,Die Change,0,sched die change,Die Related,03:00 AM,05:00 PM
20-Nov-23,AAC Plant 2,1,2250-2,908K TAH FWD DC,2,Condition Check Die,50,shut down cond. check lamination in FI,Die Related,02:10 PM,03:00 PM
20-Nov-23,AAC Plant 2,1,2250-2,908K TAH FWD DC,2,Other (Indirect),10,power kicked off lost power,Casting Process/Equipment,10:20 AM,10:30 AM
20-Nov-23,AAC Plant 2,1,2250-3,G300 TA HOUSING FWD DC,3,Die Change,0,scheduled die change,Die Related,09:00 AM,10:45 AM
20-Nov-23,AAC Plant 2,1,2250-3,908K TAH FWD DC,1,Clean Up,10,shut down build up on shot area,Casting Process/Equipment,01:20 PM,01:30 PM
20-Nov-23,AAC Plant 2,1,2250-5,G298 TA HOUSING AWD DC,5,Other (Indirect),10,power outage stuckm part,Casting Process/Equipment,10:20 AM,10:30 AM
20-Nov-23,AAC Plant 2,1,2250-5,G298 TA HOUSING AWD DC,5,Other (Indirect),15,carry over,Casting Process/Equipment,11:30 AM,11:45 AM
20-Nov-23,AAC Plant 2,1,2250-6,984F Crankcase DC,4,Other (Indirect),10,stuck part power,Casting Process/Equipment,10:20 AM,10:30 AM
20-Nov-23,AAC Plant 2,1,2250-7,A467 Adaptor DC,3,Die Change,0,sched die change,Die Related,05:00 AM,07:00 AM
20-Nov-23,AAC Plant 2,1,2250-8,19MY PTO TRANSMISSION CASE DC,4,Other (Indirect),10,power flicker,Casting Process/Equipment,10:10 AM,10:20 AM
20-Nov-23,AAC Plant 2,2,2250-10,946F Crankcase DC,13,Clean Up,10,carry over 4s,Casting Process/Equipment,11:35 AM,11:45 AM
20-Nov-23,AAC Plant 2,2,2250-11,LB01 TM Case DC,2,Die Change,75,die change carry over die 1 sticking parts,Die Related,05:15 PM,06:30 PM
20-Nov-23,AAC Plant 2,2,2250-14,G300 TRANSMISSION CASE DC,8,Clean Up,25,carryover,Casting Process/Equipment,05:15 AM,05:40 AM
21-Nov-23,AAC Plant 2,1,2250-3,908K TAH FWD DC,1,Condition Check Die,25,cond check / lamination,Die Related,04:20 PM,04:45 AM
21-Nov-23,AAC Plant 2,1,2250-4,984F Crankcase DC,5,Die Change,90,broke pin,Die Related,03:00 AM,04:30 AM
21-Nov-23,AAC Plant 2,1,2250-7,A467 Adaptor DC,3,Die Change,0,sched die change,Die Related,02:00 PM,05:00 PM
21-Nov-23,AAC Plant 2,1,800-3,G300 CENTER SUPPORT DC,12,Die Change,68,die change 12 flash out,Die Related,02:20 AM,03:28 AM
21-Nov-23,AAC Plant 2,2,2250-11,LB01 TM Case DC,2,Die Change,90,die change per man. request,Die Related,09:50 AM,11:20 AM
21-Nov-23,AAC Plant 2,2,2250-4,984F Crankcase DC,4,Die Change,105,carry over die change die not hooking up,Die Related,05:15 PM,07:00 PM
21-Nov-23,AAC Plant 2,2,2250-7,914K Transaxle Case,2,Clean Up,345,carry over die change,Casting Process/Equipment,05:15 PM,11:00 PM
22-Nov-23,AAC Plant 2,1,2250-4,984F Crankcase DC,4,Condition Check Die,10,cond check cold shot,Die Related,05:50 AM,06:00 AM
22-Nov-23,AAC Plant 2,2,2250-13,G300 TRANSMISSION CASE DC,7,Metal Delivery,10,molt metal,Casting Process/Equipment,12:40 AM,12:50 AM
22-Nov-23,AAC Plant 2,2,2250-13,G300 TRANSMISSION CASE DC,7,Metal Delivery,10,molt metal,Casting Process/Equipment,10:55 PM,11:05 PM
22-Nov-23,AAC Plant 2,2,2250-13,G300 TRANSMISSION CASE DC,7,Metal Delivery,20,molt metal/ out of metal,Casting Process/Equipment,01:05 AM,01:25 AM
22-Nov-23,AAC Plant 2,2,2250-14,G300 TRANSMISSION CASE DC,8,Metal Delivery,15,molt metal /low metal,Casting Process/Equipment,10:45 AM,11:00 AM
22-Nov-23,AAC Plant 2,2,2250-7,914K Transaxle Case,2,Metal Delivery,60,low metal at metl dep,Casting Process/Equipment,11:00 AM,12:00 AM
22-Nov-23,AAC Plant 2,2,2250-8,G300 TA HOUSING FWD DC,3,Metal Delivery,40,low metal at metl dep,Casting Process/Equipment,11:20 PM,12:00 AM
22-Nov-23,AAC Plant 2,2,2250-8,G300 TRANSMISSION CASE DC,14,Metal Delivery,15,molt metal,Casting Process/Equipment,10:45 AM,11:00 AM
22-Nov-23,AAC Plant 2,2,2250-8,G300 TRANSMISSION CASE DC,14,Metal Delivery,-15,,,,
22-Nov-23,AAC Plant 2,2,500-3,G903 Stator Wheel DC,7,Condition Check Die,10,cond check,Die Related,07:00 PM,07:10 PM
22-Nov-23,AAC Plant 2,2,500-3,G903 Stator Wheel DC,7,Condition Check Die,20,cond check b-cavity,Die Related,10:30 PM,10:50 PM
22-Nov-23,AAC Plant 2,2,500-3,G903 Stator Wheel DC,7,Condition Check Die,40,cond check,Die Related,12:50 AM,01:30 AM
26-Nov-23,AAC Plant 2,1,2250-2,908K TAH AWD DC,1,Date Stamp-ID,20,over start,Casting Process/Equipment,05:30 AM,05:50 AM
26-Nov-23,AAC Plant 2,2,2250-8,19MY PTO TRANSMISSION CASE DC,2,Clean Up,10,over 4s+d,Casting Process/Equipment,11:40 AM,11:50 PM
26-Nov-23,AAC Plant 2,2,800-2,G300 CENTER SUPPORT DC,14,Die Change,60,set ss carry over bisc drop sensor ng,Die Related,05:15 PM,06:15 PM
27-Nov-23,AAC Plant 2,1,2250-8,19MY NONPTO TRANSMISSION CASE DC,1,Condition Check Die,15,cond check,Die Related,04:30 AM,04:45 AM
27-Nov-23,AAC Plant 2,1,2250-8,19MY NONPTO TRANSMISSION CASE DC,1,Die Change,0,sched die change,Die Related,05:30 AM,08:40 AM
27-Nov-23,AAC Plant 2,2,2250-10,946F Crankcase DC,13,Metal Delivery,30,carry over 4s+d,Casting Process/Equipment,11:30 PM,12:00 AM
27-Nov-23,AAC Plant 2,2,2250-13,G300 TRANSMISSION CASE DC,7,Die Change,0,sched die change,Die Related,05:15 PM,02:15 AM
27-Nov-23,AAC Plant 2,2,2250-14,G300 TRANSMISSION CASE DC,9,Condition Check Die,60,cond check,Die Related,11:55 AM,12:55 PM
27-Nov-23,AAC Plant 2,2,2250-3,908K TAH FWD DC,2,Die Change,0,sched die change,Die Related,05:15 AM,06:35 PM
27-Nov-23,AAC Plant 2,2,2250-3,908K TAH FWD DC,2,Clean Up,5,over 4s+,Casting Process/Equipment,11:30 PM,11:35 AM
27-Nov-23,AAC Plant 2,2,2250-4,984F Crankcase DC,4,Clean Up,5,over 4s,Casting Process/Equipment,11:30 AM,11:35 PM
27-Nov-23,AAC Plant 2,2,2250-7,A467 Adaptor DC,3,Die Change,85,die change c-plate,Die Related,11:30 AM,12:55 PM
27-Nov-23,AAC Plant 2,2,2250-8,19MY NONPTO TRANSMISSION CASE DC,1,Metal Delivery,30,down per sup req for melt furnace,Casting Process/Equipment,11:30 PM,12:00 AM
28-Nov-23,AAC Plant 2,2,2250-10,946F Crankcase DC,12,Die Change,230,carry over die change,Die Related,05:15 PM,09:05 AM
28-Nov-23,AAC Plant 2,2,2250-13,G300 TRANSMISSION CASE DC,10,Clean Up,345,carry over dm working on ball lock,Casting Process/Equipment,05:15 AM,11:00 PM
28-Nov-23,AAC Plant 2,2,2250-3,908K TAH FWD DC,2,Condition Check Die,15,cond check qc ng fg,Die Related,02:40 AM,02:55 AM
28-Nov-23,AAC Plant 2,2,2250-8,G300 TA HOUSING FWD DC,2,Die Change,0,scheduled die change,Die Related,05:15 PM,07:30 PM
28-Nov-23,AAC Plant 2,2,500-3,G903 Stator Wheel DC,7,Condition Check Die,20,cond check B cavity floor height ng,Die Related,06:20 AM,06:40 AM
28-Nov-23,AAC Plant 2,2,500-3,G903 Stator Wheel DC,7,Die Change,60,die change ng run out A cavity,Die Related,03:30 AM,04:30 AM
29-Nov-23,AAC Plant 2,1,2250-1,946F Crankcase DC,8,Condition Check Die,15,cond check porosity at customer,Die Related,07:20 AM,07:35 AM
29-Nov-23,AAC Plant 2,1,2250-13,G300 TRANSMISSION CASE DC,10,Clean Up,20,carry over 4s,Casting Process/Equipment,03:00 PM,03:20 PM
29-Nov-23,AAC Plant 2,1,2250-14,G300 TRANSMISSION CASE DC,9,Clean Up,20,carry over 4s+d,Casting Process/Equipment,03:00 PM,03:20 AM
29-Nov-23,AAC Plant 2,1,2250-6,984F Crankcase DC,5,Die Change,0,sched die change,Die Related,05:15 AM,08:00 AM
29-Nov-23,AAC Plant 2,2,2250-11,LB01 TM Case DC,1,Die Change,180,die change ng customer issues c2,Die Related,11:45 AM,02:45 AM
29-Nov-23,AAC Plant 2,2,2250-13,G300 TRANSMISSION CASE DC,10,Metal Delivery,15,molt metal / out of metal,Casting Process/Equipment,06:45 AM,07:00 PM
29-Nov-23,AAC Plant 2,2,2250-7,A467 Adaptor DC,3,Die Change,0,sched die change,Die Related,02:00 AM,05:00 AM
30-Nov-23,AAC Plant 2,1,1650-1,"103E Oil Pan, No. 1  DC",2,Condition Check Die,25,die cond check,Die Related,11:15 AM,11:40 AM
30-Nov-23,AAC Plant 2,1,2250-1,946F Crankcase DC,8,Condition Check Die,10,cond check,Die Related,03:30 PM,03:40 PM
30-Nov-23,AAC Plant 2,1,2250-13,G300 TRANSMISSION CASE DC,10,Clean Up,10,carry over 4s+d,Casting Process/Equipment,03:00 PM,03:10 PM
30-Nov-23,AAC Plant 2,1,2250-8,19MY PTO TRANSMISSION CASE DC,4,Die Change,0,scheduled die change,Die Related,05:00 AM,09:00 AM
30-Nov-23,AAC Plant 2,1,800-1,908K Center Support DC,2,Condition Check Die,25,cond check,Die Related,07:40 AM,08:05 AM
30-Nov-23,AAC Plant 2,1,800-2,G300 CENTER SUPPORT DC,14,Condition Check Machine,35,cond check /chunk out in flow window,Casting Process/Equipment,09:40 AM,10:15 AM
30-Nov-23,AAC Plant 2,2,1650-1,"103E Oil Pan, No. 1  DC",2,Die Change,130,die change ng fg,Die Related,07:30 PM,09:40 PM
30-Nov-23,AAC Plant 2,2,2250-14,G300 TRANSMISSION CASE DC,6,Clean Up,90,carry over broke ej pin,Casting Process/Equipment,05:15 PM,06:45 PM
30-Nov-23,AAC Plant 2,2,2250-3,G300 TA HOUSING FWD DC,3,Die Change,260,die change waiting on ms to be ready,Die Related,05:15 PM,09:35 PM
30-Nov-23,AAC Plant 2,2,2250-8,19MY NONPTO TRANSMISSION CASE DC,1,Die Change,0,sched die change,Die Related,05:15 PM,06:55 PM
30-Nov-23,AAC Plant 2,2,500-3,G903 Stator Wheel DC,8,Condition Check Die,10,cond check,Die Related,07:05 AM,07:15 AM
30-Nov-23,AAC Plant 2,2,500-3,G903 Stator Wheel DC,8,Condition Check Die,5,cond check,Die Related,10:35 PM,10:40 PM
30-Nov-23,AAC Plant 2,2,500-3,G903 Stator Wheel DC,8,Condition Check Die,40,cond check floor height,Die Related,12:20 AM,01:00 AM
1-Dec-23,AAC Plant 2,1,2250-10,946F Crankcase DC,12,Condition Check Machine,10,,Casting Process/Equipment,03:50 PM,04:00 PM
1-Dec-23,AAC Plant 2,1,2250-7,914K Transaxle Case,2,Condition Check Die,10,cold shut no leaks,Die Related,01:25 PM,01:35 PM
1-Dec-23,AAC Plant 2,1,500-3,G903 Stator Wheel DC,7,Die Change,30,pulled #7 set #6,Die Related,06:20 AM,06:50 AM
1-Dec-23,AAC Plant 2,1,800-2,G300 CENTER SUPPORT DC,14,Die Change,35,hood not opening all the way,Die Related,12:00 PM,12:35 PM
1-Dec-23,AAC Plant 2,2,2250-10,946F Crankcase DC,12,Clean Up,10,carry over 4s+d polish,Die Related,11:30 PM,11:40 PM
1-Dec-23,AAC Plant 2,2,2250-11,LB01 TM Case DC,4,Condition Check Die,15,cracked parts,Die Related,01:40 AM,01:55 AM
1-Dec-23,AAC Plant 2,2,2250-13,G300 TRANSMISSION CASE DC,10,Clean Up,95,busted hyd line c-1,Casting Process/Equipment,05:15 PM,06:50 PM
1-Dec-23,AAC Plant 2,2,2250-14,G300 TRANSMISSION CASE DC,6,Condition Check Die,15,discoloration on part,Die Related,06:30 PM,06:45 PM
1-Dec-23,AAC Plant 2,2,2250-7,A467 Adaptor DC,3,Product Change,31,carry over die change,Die Related,05:15 PM,05:45 PM
1-Dec-23,AAC Plant 2,2,500-3,G903 Stator Wheel DC,6,Metal Delivery,5,build up on probe,Casting Process/Equipment,03:15 AM,03:20 AM
2-Dec-23,AAC Plant 2,1,500-3,G903 Stator Wheel DC,6,Die Change,40,set die 8,Die Related,08:30 AM,09:10 AM
4-Dec-23,AAC Plant 2,1,2250-2,908K TAH AWD DC,1,Die Change,0,sched die change,Die Related,05:30 AM,08:25 AM
4-Dec-23,AAC Plant 2,1,2250-4,984F Crankcase DC,4,Date Stamp-ID,20,over start no man power,Casting Process/Equipment,05:30 AM,05:50 AM
4-Dec-23,AAC Plant 2,1,2250-5,G298 TA HOUSING AWD DC,6,Date Stamp-ID,10,over start no man power,Casting Process/Equipment,05:30 AM,05:40 AM
4-Dec-23,AAC Plant 2,2,2250-11,LB01 TM Case DC,4,Condition Check Die,15,parts cracking s/s rib,Die Related,07:10 PM,07:25 PM
4-Dec-23,AAC Plant 2,2,2250-11,LB01 TM Case DC,4,Condition Check Die,15,crack on rib,Die Related,08:30 PM,08:45 PM
4-Dec-23,AAC Plant 2,2,2250-9,A467 Transmission Housing DC,4,Metal Delivery,10,ladle return time over,Casting Process/Equipment,09:40 PM,09:50 PM
4-Dec-23,AAC Plant 2,2,500-3,G903 Stator Wheel DC,8,Condition Check Die,15,molten metal detection,Die Related,10:15 PM,10:30 PM
5-Dec-23,AAC Plant 2,1,2250-10,946F Crankcase DC,12,Clean Up,10,carry over 4s+d,Casting Process/Equipment,11:30 AM,11:40 AM
5-Dec-23,AAC Plant 2,1,2250-14,G300 TRANSMISSION CASE DC,9,Die Change,0,die change during 4s busted sprue core set die 10,Die Related,02:00 PM,03:00 PM
5-Dec-23,AAC Plant 2,1,2250-3,908K TAH FWD DC,2,Product Change,35,carryover die change,Die Related,05:15 AM,05:50 AM
5-Dec-23,AAC Plant 2,1,2250-6,984F Crankcase DC,5,Die Change,65,carry over die change,Die Related,05:15 AM,06:20 AM
5-Dec-23,AAC Plant 2,2,2250-11,LB01 TM Case DC,3,Condition Check Die,10,cond check,Die Related,02:50 AM,03:00 AM
5-Dec-23,AAC Plant 2,2,2250-11,LB01 TM Case DC,3,Condition Check Die,35,condition check,Die Related,10:55 PM,11:30 PM
5-Dec-23,AAC Plant 2,2,2250-4,984F Crankcase DC,5,Die Change,30,carry over die change,Die Related,05:15 PM,05:45 PM
5-Dec-23,AAC Plant 2,2,2250-4,984F Crankcase DC,5,Clean Up,80,stop call wait on p.e,Casting Process/Equipment,03:40 AM,05:00 AM
6-Dec-23,AAC Plant 2,1,2250-10,946F Crankcase DC,12,Clean Up,15,carry over 4s+d broken c-1 bolts,Casting Process/Equipment,11:30 AM,11:45 AM
6-Dec-23,AAC Plant 2,1,2250-11,LB01 TM Case DC,3,Condition Check Die,40,p.e investigating cracks in rib,Die Related,08:35 AM,09:15 AM
6-Dec-23,AAC Plant 2,1,2250-11,LB01 TM Case DC,3,Water/Die Lube Supply,20,p.e made changes to power cool temp,Casting Process/Equipment,07:05 AM,07:25 AM
6-Dec-23,AAC Plant 2,1,2250-12,LB01 TM Case DC,1,Condition Check Die,15,die condition check,Die Related,02:30 PM,02:45 PM
6-Dec-23,AAC Plant 2,1,2250-12,LB01 TM Case DC,1,Condition Check Die,15,pe working on die before startup,Die Related,12:00 PM,12:15 PM
6-Dec-23,AAC Plant 2,1,2250-4,984F Crankcase DC,5,Condition Check Die,50,carry over,Die Related,05:15 AM,06:05 AM
6-Dec-23,AAC Plant 2,1,2250-5,G298 TA HOUSING AWD DC,7,Condition Check Die,10,cond check per qe req,Die Related,03:40 AM,03:50 PM
6-Dec-23,AAC Plant 2,1,800-2,G300 CENTER SUPPORT DC,8,Die Change,30,die change,Die Related,09:40 AM,10:10 AM
6-Dec-23,AAC Plant 2,2,2250-10,946F Crankcase DC,12,Die Change,105,broke pin c-1 m/s,Die Related,03:00 AM,04:45 AM
6-Dec-23,AAC Plant 2,2,2250-12,LB01 TM Case DC,1,Condition Check Die,15,s/s rib cracks,Die Related,02:35 AM,02:50 AM
6-Dec-23,AAC Plant 2,2,2250-12,LB01 TM Case DC,1,Condition Check Die,15,crack on s/s rib,Die Related,04:30 AM,04:45 AM
6-Dec-23,AAC Plant 2,2,2250-14,G300 TRANSMISSION CASE DC,9,Clean Up,230,carry over die change,Casting Process/Equipment,05:15 PM,09:05 PM
6-Dec-23,AAC Plant 2,2,2250-4,984F Crankcase DC,6,Metal Delivery,15,not metal,Casting Process/Equipment,04:15 AM,04:30 AM
6-Dec-23,AAC Plant 2,2,2250-4,984F Crankcase DC,6,Die Change,30,carry over die change,Die Related,05:15 PM,05:45 PM
7-Dec-23,AAC Plant 2,1,2250-1,946F Crankcase DC,8,Condition Check Die,5,lamination; pwr cool leak behind c-3,Die Related,07:00 AM,07:15 AM
7-Dec-23,AAC Plant 2,1,2250-1,946F Crankcase DC,8,Other (Indirect),10,overstart; training OP,Casting Process/Equipment,05:15 AM,05:25 AM
7-Dec-23,AAC Plant 2,1,2250-6,946F Crankcase DC,15,Clean Up,15,carryover 4s+d,Casting Process/Equipment,11:30 AM,11:45 AM
7-Dec-23,AAC Plant 2,1,2250-7,914K Transaxle Case,2,Condition Check Die,10,cond chk; no leaks,Die Related,06:10 AM,06:20 AM
7-Dec-23,AAC Plant 2,1,2250-7,914K Transaxle Case,2,Condition Check Die,10,discoloration on part,Die Related,04:15 PM,04:25 PM
7-Dec-23,AAC Plant 2,1,800-1,908K Center Support DC,2,Die Change,40,flashed between a/b,Die Related,02:00 PM,02:40 PM
7-Dec-23,AAC Plant 2,2,2250-11,LB01 TM Case DC,3,Condition Check Die,10,cracked rib s/s; check m/s & s/s spray,Die Related,02:35 AM,02:45 AM
7-Dec-23,AAC Plant 2,2,2250-14,G300 TRANSMISSION CASE DC,9,Clean Up,80,carryover; dm working on pc leak c-4,Casting Process/Equipment,05:15 PM,06:35 PM
7-Dec-23,AAC Plant 2,2,2250-7,914K Transaxle Case,2,Condition Check Die,5,cold shot,Die Related,03:15 AM,03:20 AM
8-Dec-23,AAC Plant 2,1,2250-10,946F Crankcase DC,10,Other (Indirect),70,go and see,Casting Process/Equipment,08:00 AM,09:10 AM
8-Dec-23,AAC Plant 2,1,2250-3,908K TAH FWD DC,1,Clean Up,15,over start,Casting Process/Equipment,11:05 AM,11:20 AM
8-Dec-23,AAC Plant 2,1,2250-3,908K TAH FWD DC,1,Clean Up,-15,,,,
8-Dec-23,AAC Plant 2,1,2250-6,946F Crankcase DC,15,Clean Up,35,polish carry over acc not charging,Casting Process/Equipment,11:10 AM,11:45 AM
8-Dec-23,AAC Plant 2,2,2250-12,LB01 TM Case DC,1,Condition Check Die,65,qc c-2 mount areas n/g f/g,Die Related,08:00 PM,09:05 PM
8-Dec-23,AAC Plant 2,2,2250-13,G300 TRANSMISSION CASE DC,5,Metal Delivery,30,temp dropped,Casting Process/Equipment,04:00 AM,04:30 AM
8-Dec-23,AAC Plant 2,2,2250-13,G300 TRANSMISSION CASE DC,5,Metal Delivery,45,cold metal temp,Casting Process/Equipment,03:15 AM,04:00 AM
8-Dec-23,AAC Plant 2,2,2250-4,984F Crankcase DC,2,Clean Up,95,carry over waiting on die,Casting Process/Equipment,05:15 PM,06:50 PM
9-Dec-23,AAC Plant 2,1,2250-1,946F Crankcase DC,8,Condition Check Die,10,quality request,Die Related,08:15 AM,08:25 AM
9-Dec-23,AAC Plant 2,1,2250-1,946F Crankcase DC,8,Date Stamp-ID,10,over start,Casting Process/Equipment,05:15 AM,05:25 AM
9-Dec-23,AAC Plant 2,1,2250-10,946F Crankcase DC,10,Metal Delivery,45,holding furnace metal temp too low,Casting Process/Equipment,12:35 PM,01:20 AM
9-Dec-23,AAC Plant 2,1,2250-2,908K TAH AWD DC,2,Date Stamp-ID,15,over start,Casting Process/Equipment,05:15 AM,05:30 AM
9-Dec-23,AAC Plant 2,1,2250-4,984F Crankcase DC,2,Condition Check Die,325,condition check ng,Die Related,08:05 AM,01:30 PM
9-Dec-23,AAC Plant 2,2,2250-11,LB01 TM Case DC,3,Condition Check Die,20,partial sticking to c-2,Die Related,05:35 PM,05:55 PM
9-Dec-23,AAC Plant 2,2,2250-11,LB01 TM Case DC,3,Water/Die Lube Supply,25,die lube leaking,Casting Process/Equipment,02:15 AM,02:40 AM
9-Dec-23,AAC Plant 2,2,2250-12,LB01 TM Case DC,1,Metal Delivery,35,shaker backed up,Casting Process/Equipment,10:05 PM,10:40 PM
9-Dec-23,AAC Plant 2,2,2250-4,984F Crankcase DC,4,Clean Up,180,carry over die change,Casting Process/Equipment,05:15 PM,08:15 PM
9-Dec-23,AAC Plant 2,2,2250-6,984F Crankcase DC,3,Die Change,50,carry over hook m/s up and acc 1 low fill acc up,Die Related,05:15 PM,06:05 PM
9-Dec-23,AAC Plant 2,2,500-3,G903 Stator Wheel DC,9,Condition Check Die,20,floor height n/g,Die Related,12:50 AM,01:10 AM
9-Dec-23,AAC Plant 2,2,500-3,G903 Stator Wheel DC,9,Condition Check Die,30,floor height n/g,Die Related,06:30 PM,07:00 PM
11-Dec-23,AAC Plant 2,1,2250-11,LB01 TM Case DC,3,Water/Die Lube Supply,120, made water line to c2 high [pressure water on c2 all the time,Casting Process/Equipment,06:45 AM,08:45 AM
11-Dec-23,AAC Plant 2,1,2250-12,LB01 TM Case DC,1,Metal Delivery,35,cold metal temp cover furnace,Casting Process/Equipment,05:55 AM,06:30 AM
11-Dec-23,AAC Plant 2,1,2250-2,908K TAH AWD DC,2,Die Change,0,scheduled die change,Die Related,03:00 PM,05:00 PM
11-Dec-23,AAC Plant 2,1,2250-3,908K TAH FWD DC,1,Die Change,0,sched die change,Die Related,02:30 PM,04:30 PM
11-Dec-23,AAC Plant 2,1,500-3,G903 Stator Wheel DC,9,Date Stamp-ID,70,out of racks reduce inventory,Die Related,08:30 AM,09:40 AM
11-Dec-23,AAC Plant 2,1,500-3,G903 Stator Wheel DC,9,Condition Check Die,13,cond check clean die face,Die Related,08:00 AM,08:13 AM
11-Dec-23,AAC Plant 2,1,800-1,908K Center Support DC,3,Clean Up,100,4s+d repaired hole in s/b,Casting Process/Equipment,09:00 AM,10:40 AM
11-Dec-23,AAC Plant 2,2,2250-13,G300 TRANSMISSION CASE DC,8,Metal Delivery,15,ladle return over run out of metal,Casting Process/Equipment,01:05 AM,01:20 AM
11-Dec-23,AAC Plant 2,2,2250-13,G300 TRANSMISSION CASE DC,8,Metal Delivery,15,ladle return pto,Casting Process/Equipment,09:50 PM,10:05 PM
11-Dec-23,AAC Plant 2,2,2250-14,G300 TRANSMISSION CASE DC,9,Metal Delivery,15,ladle return over run,Casting Process/Equipment,03:40 AM,03:55 AM
11-Dec-23,AAC Plant 2,2,2250-2,908K TAH FWD DC,1,Condition Check Die,10,cond check /no leaks,Die Related,02:55 AM,03:05 AM
11-Dec-23,AAC Plant 2,2,2250-3,G300 TA HOUSING FWD DC,4,Clean Up,140,carry over die change,Casting Process/Equipment,05:15 AM,07:35 AM
11-Dec-23,AAC Plant 2,2,2250-8,19MY PTO TRANSMISSION CASE DC,4,Die Change,30,carry over die change hook up die 4,Die Related,05:15 AM,05:45 AM
11-Dec-23,AAC Plant 2,2,2250-8,19MY PTO TRANSMISSION CASE DC,4,Condition Check Die,50,shut down condition hyd leak c3,Die Related,06:10 AM,07:00 AM
11-Dec-23,AAC Plant 2,2,500-3,G903 Stator Wheel DC,9,Condition Check Die,15,cond check b cavity,Die Related,08:30 PM,08:45 AM
11-Dec-23,AAC Plant 2,2,500-3,G903 Stator Wheel DC,9,Condition Check Die,10,cond check,Die Related,06:50 AM,07:00 AM
12-Dec-23,AAC Plant 2,1,2250-6,946F Crankcase DC,15,Die Change,0,scheduled die change refill acc 1,Die Related,11:30 AM,02:15 PM
12-Dec-23,AAC Plant 2,2,2250-11,LB01 TM Case DC,3,Condition Check Die,15,cond check cracks ss rib,Die Related,07:35 AM,07:50 AM
12-Dec-23,AAC Plant 2,2,2250-7,A467 Adaptor DC,3,Die Change,0,scheduled die change,Die Related,05:15 AM,06:30 AM
13-Dec-23,AAC Plant 2,1,2250-10,946F Crankcase DC,10,Condition Check Die,10,cond check die for flash /lamination,Die Related,03:15 PM,03:25 PM
13-Dec-23,AAC Plant 2,1,2250-12,LB01 TM Case DC,1,Die Change,75,set lb01tm 1/ checking water flow,Die Related,02:00 AM,03:15 AM
13-Dec-23,AAC Plant 2,1,2250-3,G300 TA HOUSING FWD DC,2,Die Change,0,scheduled die change to 908fwd -1,Die Related,02:00 PM,03:15 PM
13-Dec-23,AAC Plant 2,1,2250-7,A467 Adaptor DC,3,Die Change,0,scheduled die change to cvh,Die Related,10:15 AM,01:15 PM
13-Dec-23,AAC Plant 2,1,2250-8,19MY NONPTO TRANSMISSION CASE DC,1,Die Change,0,scheduled die change set 1,Die Related,05:00 AM,08:00 AM
13-Dec-23,AAC Plant 2,1,800-1,908K Center Support DC,3,Condition Check Die,20,cond check ng s/a,Die Related,07:00 AM,07:20 AM
13-Dec-23,AAC Plant 2,2,2250-3,908K TAH FWD DC,1,Condition Check Die,10,cond check lamination,Die Related,02:20 AM,02:30 AM
13-Dec-23,AAC Plant 2,2,2250-3,908K TAH FWD DC,1,Clean Up,5,over 4s+d,Casting Process/Equipment,10:40 PM,10:45 PM
14-Dec-23,AAC Plant 2,1,2250-1,946F Crankcase DC,8,Condition Check Die,15,cond check lamination from prev shift,Die Related,08:25 AM,08:40 AM
14-Dec-23,AAC Plant 2,1,2250-10,946F Crankcase DC,10,N/G Tip or Sleeve Change,135,carry over shot tip leaking,Casting Process/Equipment,05:15 AM,07:30 AM
14-Dec-23,AAC Plant 2,1,2250-14,G300 TA HOUSING FWD DC,7,Clean Up,15,small bisc build up on sleeve,Casting Process/Equipment,06:55 AM,07:10 AM
14-Dec-23,AAC Plant 2,1,2250-14,G300 TA HOUSING FWD DC,7,Clean Up,-15,,,,
14-Dec-23,AAC Plant 2,1,2250-14,G300 TRANSMISSION CASE DC,7,Clean Up,15,small bisc build up on sleev,Casting Process/Equipment,06:55 AM,07:10 AM
14-Dec-23,AAC Plant 2,2,2250-14,G300 TRANSMISSION CASE DC,5,Metal Delivery,20,ladle core over run out of metal,Casting Process/Equipment,08:30 AM,08:50 AM
14-Dec-23,AAC Plant 2,2,2250-2,908K TAH AWD DC,2,Water/Die Lube Supply,55,water/die lube supply water line too short came off shot rod,Casting Process/Equipment,06:00 PM,06:55 AM
14-Dec-23,AAC Plant 2,2,2250-3,G300 TA HOUSING FWD DC,4,Die Change,0,sched die change,Die Related,05:15 PM,09:15 PM
14-Dec-23,AAC Plant 2,2,2250-4,984F Crankcase DC,6,Die Change,200,broke pin ms main core,Die Related,08:40 AM,12:00 AM
14-Dec-23,AAC Plant 2,2,2250-7,A467 Transmission Housing DC,4,Die Change,0,sched die change,Die Related,03:10 AM,04:30 AM
15-Dec-23,AAC Plant 2,1,2250-2,908K TAH AWD DC,1,Die Change,0,scheduled die change from #2 to #3,Die Related,02:15 AM,04:15 PM
15-Dec-23,AAC Plant 2,1,2250-2,908K TAH AWD DC,1,Condition Check Machine,60,carry over from 4s+d cond check dm working on bisc catcher lamination investigation,Casting Process/Equipment,10:15 AM,11:15 AM
15-Dec-23,AAC Plant 2,1,2250-3,G300 TA HOUSING FWD DC,4,Condition Check Die,10,cond check per qe,Die Related,01:35 PM,01:45 PM
15-Dec-23,AAC Plant 2,1,2250-5,G298 TA HOUSING AWD DC,5,Metal Delivery,10,cold metal,Casting Process/Equipment,10:05 AM,10:15 AM
15-Dec-23,AAC Plant 2,1,2250-6,984F Crankcase DC,3,Clean Up,35,carry over 4s+d,Casting Process/Equipment,10:05 AM,10:40 AM
15-Dec-23,AAC Plant 2,1,2250-8,19MY NONPTO TRANSMISSION CASE DC,1,Other (Indirect),20,over start issues with 7,Casting Process/Equipment,05:15 AM,05:35 AM
15-Dec-23,AAC Plant 2,2,2250-12,LB01 TM Case DC,1,Condition Check Die,10,cond check part chunked out c2 partial made to catcher station,Die Related,07:55 AM,08:05 AM
15-Dec-23,AAC Plant 2,2,2250-3,G300 TA HOUSING FWD DC,4,Die Change,0,scheduled die change,Die Related,10:00 PM,12:30 AM
15-Dec-23,AAC Plant 2,2,2250-3,908K TAH FWD DC,2,Condition Check Die,10,qc req cond check,Die Related,03:40 AM,03:50 AM
15-Dec-23,AAC Plant 2,2,2250-8,19MY NONPTO TRANSMISSION CASE DC,1,Die Change,0,sched die change,Die Related,03:00 AM,05:00 AM
15-Dec-23,AAC Plant 2,2,800-2,G300 CENTER SUPPORT DC,11,Clean Up,15,carry over hyd oil low,Casting Process/Equipment,05:15 PM,05:30 PM
16-Dec-23,AAC Plant 2,1,2250-10,946F Crankcase DC,10,Clean Up,15,over 4s+d /die polish,Casting Process/Equipment,11:30 AM,11:45 AM
16-Dec-23,AAC Plant 2,1,2250-11,LB01 TM Case DC,3,Clean Up,30,polish,Casting Process/Equipment,05:00 AM,05:30 AM
16-Dec-23,AAC Plant 2,1,2250-8,G300 TA HOUSING FWD DC,2,Clean Up,20,carry over polish,Casting Process/Equipment,11:35 AM,11:55 AM
16-Dec-23,AAC Plant 2,1,2250-8,G300 TA HOUSING FWD DC,2,Die Change,0,scheduled die change,Die Related,05:00 AM,07:20 AM
16-Dec-23,AAC Plant 2,1,800-3,G300 CENTER SUPPORT DC,12,Die Change,85,pulled 12 set 14 die change,Die Related,05:50 AM,07:15 AM
16-Dec-23,AAC Plant 2,2,2250-6,984F Crankcase DC,3,Condition Check Die,50,cond check cold shot pwc leak c3,Die Related,06:25 PM,07:15 PM
18-Dec-23,AAC Plant 2,1,2250-1,946F Crankcase DC,8,Date Stamp-ID,20,over start up training  op,Casting Process/Equipment,05:30 AM,05:50 AM
18-Dec-23,AAC Plant 2,1,2250-10,946F Crankcase DC,10,Other (Indirect),220,waiting on crane 1 to repair back crane,Casting Process/Equipment,08:50 AM,12:30 PM
18-Dec-23,AAC Plant 2,1,2250-12,LB01 TM Case DC,1,Metal Delivery,15,out of metal,Casting Process/Equipment,10:30 AM,10:45 AM
18-Dec-23,AAC Plant 2,1,2250-12,LB01 TM Case DC,1,Ladle-ID,15,url fault,Casting Process/Equipment,04:30 PM,04:45 PM
18-Dec-23,AAC Plant 2,1,2250-14,G300 TRANSMISSION CASE DC,5,Clean Up,20,carry over 4s+d,Casting Process/Equipment,03:00 PM,03:20 PM
18-Dec-23,AAC Plant 2,1,2250-2,908K TAH AWD DC,3,Date Stamp-ID,40,over start training op,Casting Process/Equipment,05:30 AM,06:10 AM
18-Dec-23,AAC Plant 2,1,2250-7,A467 Extension Housing DC,1,Die Change,0,scheduled die change,Die Related,07:00 AM,10:00 AM
18-Dec-23,AAC Plant 2,1,2250-7,A467 Extension Housing DC,1,Other (Indirect),90,operator on 2250-8,Casting Process/Equipment,05:30 AM,07:00 AM
18-Dec-23,AAC Plant 2,2,2250-14,G300 TRANSMISSION CASE DC,5,Condition Check Die,20,cond developer check  discoloration on part,Die Related,12:15 AM,12:35 AM
19-Dec-23,AAC Plant 2,1,2250-1,946F Crankcase DC,8,Condition Check Die,25,cond check /PE req,Die Related,08:10 AM,08:35 AM
19-Dec-23,AAC Plant 2,1,2250-10,946F Crankcase DC,10,Other (Indirect),10,4s+d carry over waiting on tl inspec,Casting Process/Equipment,10:15 AM,10:25 AM
19-Dec-23,AAC Plant 2,1,2250-6,984F Crankcase DC,2,Clean Up,15,carry over 4s+d,Casting Process/Equipment,11:00 AM,11:15 AM
19-Dec-23,AAC Plant 2,1,2250-7,A467 Extension Housing DC,1,Die Change,0,scheduled die change,Die Related,03:00 PM,05:00 PM
19-Dec-23,AAC Plant 2,1,2250-8,19MY PTO TRANSMISSION CASE DC,4,Die Change,0,scheduled die change set 4,Die Related,05:15 AM,08:30 AM
19-Dec-23,AAC Plant 2,2,1650-1,"103E Oil Pan, No. 1  DC",2,Condition Check Die,10,cond check contamination on part,Die Related,01:00 AM,01:10 AM
19-Dec-23,AAC Plant 2,2,2250-13,G300 TRANSMISSION CASE DC,7,Clean Up,45,carry over,Casting Process/Equipment,05:15 AM,06:00 AM
19-Dec-23,AAC Plant 2,2,2250-13,G300 TRANSMISSION CASE DC,7,Die Change,55,die change,Die Related,06:00 AM,06:55 AM
19-Dec-23,AAC Plant 2,2,2250-5,G298 TA HOUSING AWD DC,5,Condition Check Die,15,cond check discoloration at die,Die Related,05:50 PM,06:05 PM
20-Dec-23,AAC Plant 2,1,1650-1,"103E Oil Pan, No. 1  DC",3,Condition Check Die,25,lamination on tub/ flash stuck to area,Die Related,03:40 PM,04:05 AM
20-Dec-23,AAC Plant 2,1,2250-1,946F Crankcase DC,15,Condition Check Die,10,cond check manager req,Die Related,12:40 PM,12:50 PM
20-Dec-23,AAC Plant 2,1,2250-10,946F Crankcase DC,10,Condition Check Die,10,die cond check leaks at customer,Die Related,05:45 AM,05:55 AM
20-Dec-23,AAC Plant 2,1,2250-11,LB01 TM Case DC,3,Condition Check Die,10,cond check /cracked rib,Die Related,11:55 AM,12:05 PM
20-Dec-23,AAC Plant 2,1,2250-4,984F Crankcase DC,4,Condition Check Die,35,developer check/PE,Die Related,07:30 AM,08:05 AM
20-Dec-23,AAC Plant 2,1,2250-5,G298 TA HOUSING AWD DC,5,Other (Indirect),10,4sd carry over,Casting Process/Equipment,10:35 AM,10:45 AM
20-Dec-23,AAC Plant 2,1,2250-8,19MY PTO TRANSMISSION CASE DC,4,Die Change,0,scheduled die change set 1,Die Related,10:20 AM,12:20 PM
20-Dec-23,AAC Plant 2,1,800-1,908K Center Support DC,3,Condition Check Die,15,condition check /failed ship ahead,Die Related,12:15 PM,12:30 PM
20-Dec-23,AAC Plant 2,2,2250-1,946F Crankcase DC,14,Die Change,20,carry over die not hook up,Die Related,05:15 AM,05:35 AM
20-Dec-23,AAC Plant 2,2,2250-1,946F Crankcase DC,14,Condition Check Die,40,cond check lamination,Die Related,02:00 AM,02:40 AM
20-Dec-23,AAC Plant 2,2,2250-2,908K TAH FWD DC,1,Die Change,0,scheduled die change,Die Related,05:15 PM,06:30 PM
20-Dec-23,AAC Plant 2,2,2250-3,G300 TA HOUSING FWD DC,4,Die Change,20,carry over die change,Die Related,05:15 PM,05:35 PM
20-Dec-23,AAC Plant 2,2,2250-4,984F Crankcase DC,4,Condition Check Die,15,codn check discolor no leaks,Die Related,06:30 AM,06:45 PM
21-Dec-23,AAC Plant 2,1,2250-1,946F Crankcase DC,15,Condition Check Die,30,cond check lamination,Die Related,03:00 PM,03:30 AM
21-Dec-23,AAC Plant 2,1,2250-3,G300 TA HOUSING FWD DC,4,N/G Tip or Sleeve Change,60,change tip,Casting Process/Equipment,03:30 PM,04:30 AM
21-Dec-23,AAC Plant 2,1,2250-5,G298 TA HOUSING AWD DC,5,Die Change,115,die change broke pin,Die Related,12:40 PM,02:35 PM
21-Dec-23,AAC Plant 2,1,2250-7,A467 Adaptor DC,3,Die Change,0,sched die chaneg,Die Related,01:00 AM,03:00 AM
21-Dec-23,AAC Plant 2,1,500-3,G903 Stator Wheel DC,9,Metal Delivery,5,metal temp high melt dept filled furnace,Casting Process/Equipment,02:05 PM,02:10 PM
21-Dec-23,AAC Plant 2,1,800-3,G300 CENTER SUPPORT DC,14,Condition Check Die,34,cond check cleaned die face,Die Related,09:20 AM,09:54 AM
21-Dec-23,AAC Plant 2,2,2250-14,G300 TRANSMISSION CASE DC,5,Clean Up,15,reduce inventory out of racks,Casting Process/Equipment,04:15 AM,04:30 AM
21-Dec-23,AAC Plant 2,2,2250-4,984F Crankcase DC,4,Clean Up,175,carry over bent pin m/s,Casting Process/Equipment,05:15 PM,08:10 PM
21-Dec-23,AAC Plant 2,2,2250-8,19MY NONPTO TRANSMISSION CASE DC,1,Die Change,0,scheduled die change,Die Related,07:20 PM,08:35 AM
22-Dec-23,AAC Plant 2,1,2250-1,946F Crankcase DC,15,Condition Check Die,100,cond check failed s/a,Die Related,05:50 AM,07:30 AM
22-Dec-23,AAC Plant 2,1,2250-2,908K TAH FWD DC,1,Die Change,0,sched die change,Die Related,03:20 PM,04:30 AM
22-Dec-23,AAC Plant 2,1,2250-4,984F Crankcase DC,4,Condition Check Die,25,cond check,Die Related,06:35 AM,07:00 AM
22-Dec-23,AAC Plant 2,1,2250-6,946F Crankcase DC,13,Condition Check Die,15,cond check per quality req,Die Related,05:15 AM,05:30 AM
22-Dec-23,AAC Plant 2,1,2250-6,946F Crankcase DC,13,Clean Up,10,4s+d carry over,Casting Process/Equipment,11:15 AM,11:25 AM
22-Dec-23,AAC Plant 2,1,2250-7,914K Transaxle Case,2,Condition Check Die,20,cond check p.1 pe req,Die Related,08:45 AM,09:05 AM
22-Dec-23,AAC Plant 2,1,2250-8,19MY PTO TRANSMISSION CASE DC,4,Metal Delivery,30,out of metal cont cutting floor out,Casting Process/Equipment,08:20 AM,08:50 AM
22-Dec-23,AAC Plant 2,2,2250-5,G298 TA HOUSING AWD DC,4,Die Change,15,carry over 4s set g298tah,Die Related,10:45 PM,11:00 PM
22-Dec-23,AAC Plant 2,2,2250-8,19MY PTO TRANSMISSION CASE DC,4,Condition Check Die,75,cond check c2 center pin leak,Die Related,12:35 AM,01:50 AM
22-Dec-23,AAC Plant 2,2,500-3,G903 Stator Wheel DC,9,Condition Check Die,10,cond check ng balance B-cavity,Die Related,09:40 PM,09:50 PM
2-Jan-24,AAC Plant 2,1,2250-13,G300 TRANSMISSION CASE DC,7,Metal Delivery,15,molt metal detect pos ng,Casting Process/Equipment,05:45 AM,06:00 AM
2-Jan-24,AAC Plant 2,1,2250-4,984F Crankcase DC,4,Condition Check Die,10,cond check cold shut,Die Related,08:15 AM,08:25 AM
2-Jan-24,AAC Plant 2,1,2250-8,G300 TA HOUSING FWD DC,2,Clean Up,25,cond check ng leaks,Casting Process/Equipment,09:10 AM,09:35 AM
2-Jan-24,AAC Plant 2,1,500-3,G903 Stator Wheel DC,9,Condition Check Die,10,cond check PE checking shot sleeve,Die Related,03:00 PM,03:10 PM
2-Jan-24,AAC Plant 2,1,800-1,908K Center Support DC,3,Die Change,50,die change spline issues,Die Related,03:00 PM,03:50 PM
2-Jan-24,AAC Plant 2,2,2250-3,908K TAH FWD DC,1,Condition Check Die,10,over 4s,Die Related,10:50 PM,11:00 PM
2-Jan-24,AAC Plant 2,2,800-2,G300 CENTER SUPPORT DC,12,Die Change,120,die change,Die Related,01:30 AM,03:30 AM
3-Jan-24,AAC Plant 2,1,2250-7,A467 Adaptor DC,3,Condition Check Die,10,cond check discolor,Die Related,01:10 AM,01:20 PM
3-Jan-24,AAC Plant 2,2,2250-12,LB01 TM Case DC,1,Die Change,0,scheduled die change,Die Related,01:00 AM,04:45 AM
3-Jan-24,AAC Plant 2,2,2250-14,G300 TRANSMISSION CASE DC,5,Die Change,0,sched die change ng die chips,Die Related,05:40 AM,09:40 PM
3-Jan-24,AAC Plant 2,2,2250-4,984F Crankcase DC,1,Condition Check Die,30,cond check start hook out of spec flash behind c1,Die Related,02:35 AM,03:05 AM
3-Jan-24,AAC Plant 2,2,2250-5,G298 TA HOUSING AWD DC,7,N/G Tip or Sleeve Change,40,ng tip change,Casting Process/Equipment,09:30 PM,10:10 PM
3-Jan-24,AAC Plant 2,2,800-2,G300 CENTER SUPPORT DC,10,Die Change,60,die change pullng die setting #11,Die Related,07:36 PM,08:36 AM
3-Jan-24,AAC Plant 2,2,800-2,G300 CENTER SUPPORT DC,11,Die Change,65,die change /setting die 13,Die Related,03:40 AM,04:45 AM
4-Jan-24,AAC Plant 2,1,2250-10,946F Crankcase DC,10,Clean Up,20,over 4s+d,Casting Process/Equipment,10:45 AM,11:05 AM
4-Jan-24,AAC Plant 2,1,2250-10,946F Crankcase DC,10,Condition Check Die,10,lamination on parts,Die Related,11:45 AM,11:55 AM
4-Jan-24,AAC Plant 2,1,2250-11,LB01 TM Case DC,2,Condition Check Die,20,cond check cold shot,Die Related,07:00 AM,07:20 AM
4-Jan-24,AAC Plant 2,1,2250-11,LB01 TM Case DC,2,Condition Check Die,10,PE checking die cold shot on bolt boss,Die Related,08:20 AM,08:30 AM
4-Jan-24,AAC Plant 2,1,2250-13,G300 TRANSMISSION CASE DC,10,Die Change,95,carry over dcm empty die change,Die Related,05:00 AM,06:35 AM
4-Jan-24,AAC Plant 2,1,2250-3,908K TAH FWD DC,1,Die Change,0,sched die change,Die Related,02:30 PM,05:00 AM
4-Jan-24,AAC Plant 2,1,2250-7,A467 Transmission Housing DC,4,Die Change,0,sched die change,Die Related,03:00 AM,05:00 AM
4-Jan-24,AAC Plant 2,1,800-2,G300 CENTER SUPPORT DC,13,Die Change,30,finish die change /carry over,Die Related,05:15 AM,05:45 AM
4-Jan-24,AAC Plant 2,2,2250-13,G300 TRANSMISSION CASE DC,10,Clean Up,145,cond check flash in wire harness hole,Casting Process/Equipment,06:25 AM,08:50 PM
4-Jan-24,AAC Plant 2,2,2250-2,908K TAH AWD DC,1,Clean Up,5,over 4s,Casting Process/Equipment,09:00 AM,09:05 PM
4-Jan-24,AAC Plant 2,2,2250-3,G300 TA HOUSING FWD DC,4,Die Change,30,carry over die change,Die Related,05:15 PM,05:45 PM
4-Jan-24,AAC Plant 2,2,2250-6,984F Crankcase DC,2,Clean Up,20,carry over die chip repair,Casting Process/Equipment,11:10 AM,11:30 PM
4-Jan-24,AAC Plant 2,2,2250-7,914K Transaxle Case,2,Die Change,85,carry over die change,Die Related,05:15 PM,06:40 PM
4-Jan-24,AAC Plant 2,2,2250-8,19MY PTO TRANSMISSION CASE DC,4,Die Change,0,scheduled die change,Die Related,05:15 AM,07:15 AM
5-Jan-24,AAC Plant 2,1,800-1,908K Center Support DC,2,Condition Check Die,30,cond check bad spline gauge,Die Related,01:05 AM,01:35 AM
5-Jan-24,AAC Plant 2,2,2250-13,G300 TRANSMISSION CASE DC,10,Clean Up,20,carry over ladle ng,Casting Process/Equipment,05:15 AM,05:35 AM
5-Jan-24,AAC Plant 2,2,800-3,G300 CENTER SUPPORT DC,14,Clean Up,47,leaking sprue bushing,Casting Process/Equipment,02:00 AM,02:47 AM
6-Jan-24,AAC Plant 2,1,1650-1,"103E Oil Pan, No. 1  DC",3,Condition Check Die,10,checking die for broke pin quality broke pin,Die Related,06:50 AM,07:00 AM
6-Jan-24,AAC Plant 2,2,2250-3,908K TAH FWD DC,2,Clean Up,10,over 4s,Casting Process/Equipment,11:30 AM,11:40 AM
7-Jan-24,AAC Plant 2,2,2250-4,984F Crankcase DC,1,N/G Tip or Sleeve Change,75,shot rod leaking water,Casting Process/Equipment,06:55 PM,08:10 PM
7-Jan-24,AAC Plant 2,2,2250-6,984F Crankcase DC,2,Die Change,0,sched die change,Die Related,01:00 AM,04:45 AM
8-Jan-24,AAC Plant 2,1,2250-10,946F Crankcase DC,10,Condition Check Die,10,cond check,Die Related,12:15 PM,12:25 PM
8-Jan-24,AAC Plant 2,1,2250-12,LB01 TM Case DC,1,Metal Delivery,70,metal temp,Casting Process/Equipment,07:50 AM,09:00 AM
8-Jan-24,AAC Plant 2,1,2250-6,946F Crankcase DC,13,Die Change,105,carry over die change ls panel off,Die Related,05:30 AM,07:15 AM
8-Jan-24,AAC Plant 2,1,500-3,G903 Stator Wheel DC,9,Date Stamp-ID,15,carry over bolts nmissing ladle chain guard,Casting Process/Equipment,05:15 AM,05:30 AM
8-Jan-24,AAC Plant 2,1,800-1,908K Center Support DC,3,Condition Check Die,7,cond cxheck,Die Related,08:34 AM,08:41 AM
8-Jan-24,AAC Plant 2,2,2250-12,LB01 TM Case DC,1,Condition Check Die,25,cond check partial sticking on c2,Die Related,11:00 PM,11:25 PM
8-Jan-24,AAC Plant 2,2,800-3,G300 CENTER SUPPORT DC,8,Die Change,80,die change setting #12,Die Related,05:40 AM,07:00 AM
9-Jan-24,AAC Plant 2,1,2250-12,LB01 TM Case DC,1,Die Change,60,setting ms,Die Related,03:30 PM,04:30 PM
9-Jan-24,AAC Plant 2,1,2250-13,G300 TRANSMISSION CASE DC,10,Die Change,0,scheduled die change,Die Related,05:00 AM,08:15 AM
9-Jan-24,AAC Plant 2,1,2250-13,G300 TRANSMISSION CASE DC,10,Clean Up,10,carry over 4s+d,Casting Process/Equipment,03:00 PM,03:10 PM
9-Jan-24,AAC Plant 2,1,2250-14,G300 TRANSMISSION CASE DC,6,Clean Up,10,carry over 4s+d,Casting Process/Equipment,03:00 PM,03:10 AM
9-Jan-24,AAC Plant 2,1,2250-7,A467 Transmission Housing DC,4,Die Change,60,carry over adj after die change,Die Related,05:15 AM,06:15 AM
9-Jan-24,AAC Plant 2,1,2250-8,19MY PTO TRANSMISSION CASE DC,4,Date Stamp-ID,10,overstart,Casting Process/Equipment,05:15 AM,05:25 AM
9-Jan-24,AAC Plant 2,1,2250-8,19MY PTO TRANSMISSION CASE DC,4,Die Change,0,sched die chnage,Die Related,09:00 AM,01:15 PM
9-Jan-24,AAC Plant 2,2,800-1,908K Center Support DC,3,Die Change,60,pulling die setting 908cs #2,Die Related,07:45 PM,08:45 PM
10-Jan-24,AAC Plant 2,1,2250-1,946F Crankcase DC,9,Clean Up,20,carry over 4s,Casting Process/Equipment,11:30 AM,11:50 AM
10-Jan-24,AAC Plant 2,1,2250-10,946F Crankcase DC,10,Condition Check Die,10,over 4s+d,Die Related,11:30 AM,11:40 AM
10-Jan-24,AAC Plant 2,1,2250-5,G298 TA HOUSING AWD DC,5,Die Change,60,die change,Die Related,11:30 AM,12:30 PM
10-Jan-24,AAC Plant 2,1,2250-6,984F Crankcase DC,6,Die Change,380,die change wait on core servo pulled 2,Die Related,08:10 AM,02:30 AM
10-Jan-24,AAC Plant 2,2,2250-14,G300 TRANSMISSION CASE DC,6,Metal Delivery,10,ladle return over run out of metal,Casting Process/Equipment,11:25 PM,11:35 PM
10-Jan-24,AAC Plant 2,2,2250-3,908K TAH FWD DC,2,Clean Up,10,over start 4s+d,Casting Process/Equipment,11:30 AM,11:40 AM
11-Jan-24,AAC Plant 2,1,2250-13,G300 TRANSMISSION CASE DC,10,N/G Tip or Sleeve Change,120,ulr fault bisc broke shot tip ng replace tip,Casting Process/Equipment,10:00 AM,12:00 PM
11-Jan-24,AAC Plant 2,2,500-3,G903 Stator Wheel DC,9,Other (Indirect),57,reduce inventory 5 racks and dcm issues,Casting Process/Equipment,05:15 AM,06:12 AM
12-Jan-24,AAC Plant 2,1,1650-1,"103E Oil Pan, No. 1  DC",3,Die Change,100,ng die repair/ pull 3 set die 1 dm to trolly die over to 1650,Die Related,11:20 AM,01:00 PM
12-Jan-24,AAC Plant 2,1,2250-12,LB01 TM Case DC,1,Condition Check Machine,55,"condition check/ failed test cut/ air nozzles on m/s n/g called maint to repair spray, changed vacuum filter",Casting Process/Equipment,06:50 AM,07:45 AM
12-Jan-24,AAC Plant 2,1,2250-14,G300 TRANSMISSION CASE DC,6,Die Change,130,core swap to G300 TAC-9 cracked pin on c3/ rail wont come out die not reading open stop call wait for support,Die Related,06:50 AM,09:00 AM
12-Jan-24,AAC Plant 2,1,2250-6,984F Crankcase DC,6,Condition Check Die,40,fit check die/ adjust tonnage,Die Related,07:00 AM,07:40 AM
12-Jan-24,AAC Plant 2,2,2250-10,946F Crankcase DC,13,Die Change,150,carry over die change,Die Related,05:15 PM,07:45 PM
12-Jan-24,AAC Plant 2,2,2250-10,946F Crankcase DC,13,Die Change,245,sprue core leaking call dm/ pull die 13 set die 8,Die Related,08:15 PM,12:20 AM
15-Jan-24,AAC Plant 2,1,2250-5,G298 TA HOUSING AWD DC,4,Other (Indirect),20,over start,Casting Process/Equipment,05:30 AM,05:50 AM
15-Jan-24,AAC Plant 2,1,800-1,908K Center Support DC,1,Condition Check Die,10,dm checking die,Die Related,11:20 AM,11:30 AM
15-Jan-24,AAC Plant 2,2,2250-3,G300 TA HOUSING FWD DC,4,Die Change,30,change trim press die,Die Related,05:15 PM,05:45 PM
15-Jan-24,AAC Plant 2,2,2250-6,946F Crankcase DC,8,Clean Up,105,start up,Casting Process/Equipment,05:15 PM,07:00 PM
16-Jan-24,AAC Plant 2,1,800-1,908K Center Support DC,1,Date Stamp-ID,40,cone sutting weight ng,Casting Process/Equipment,04:10 PM,05:00 PM
16-Jan-24,AAC Plant 2,2,2250-12,LB01 TM Case DC,1,Clean Up,20,start production,Casting Process/Equipment,05:15 PM,05:35 PM
16-Jan-24,AAC Plant 2,2,2250-13,G300 TRANSMISSION CASE DC,9,Clean Up,15,manpower shortage,Casting Process/Equipment,05:15 PM,05:30 AM
16-Jan-24,AAC Plant 2,2,2250-14,G300 TRANSMISSION CASE DC,6,Clean Up,15,short on manpower,Casting Process/Equipment,05:15 PM,05:30 PM
16-Jan-24,AAC Plant 2,2,2250-5,G298 TA HOUSING AWD DC,4,Condition Check Die,10,qc request cold shot on main core m/s,Die Related,12:10 AM,12:20 AM
16-Jan-24,AAC Plant 2,2,2250-5,G298 TA HOUSING AWD DC,4,Clean Up,20,carry over/ changing m/s check valve,Casting Process/Equipment,11:20 PM,11:40 PM
16-Jan-24,AAC Plant 2,2,2250-6,946F Crankcase DC,15,Die Change,165,carry over,Die Related,05:15 PM,08:00 PM
16-Jan-24,AAC Plant 2,2,2250-7,A467 Adaptor DC,3,Condition Check Machine,30,discoloration,Casting Process/Equipment,12:05 AM,12:35 AM
16-Jan-24,AAC Plant 2,2,2250-7,A467 Adaptor DC,3,Metal Delivery,20,out of metal,Casting Process/Equipment,07:35 PM,07:55 PM
16-Jan-24,AAC Plant 2,2,2250-8,19MY PTO TRANSMISSION CASE DC,4,Clean Up,80,carry over set m/s,Casting Process/Equipment,05:15 PM,06:35 PM
17-Jan-24,AAC Plant 2,1,2250-12,LB01 TM Case DC,1,Metal Delivery,10,out of metal,Casting Process/Equipment,07:35 AM,07:45 AM
17-Jan-24,AAC Plant 2,1,2250-12,LB01 TM Case DC,1,Clean Up,20,carry over 4sd,Casting Process/Equipment,02:00 PM,02:20 PM
17-Jan-24,AAC Plant 2,1,2250-14,G300 TRANSMISSION CASE DC,6,N/G Tip or Sleeve Change,165,ulr fault bisc broke shot tip nroke,Casting Process/Equipment,08:40 AM,11:25 AM
17-Jan-24,AAC Plant 2,1,2250-14,G300 TRANSMISSION CASE DC,6,Metal Delivery,15,out of metal,Casting Process/Equipment,07:15 AM,07:30 AM
17-Jan-24,AAC Plant 2,2,2250-2,908K TAH AWD DC,2,Condition Check Die,15,shut down qc req c3 area out of spec,Die Related,06:50 PM,07:05 PM
17-Jan-24,AAC Plant 2,2,2250-2,908K TAH AWD DC,2,Die Change,0,scheduled die change,Die Related,03:00 AM,05:00 AM
17-Jan-24,AAC Plant 2,2,2250-3,G300 TA HOUSING FWD DC,2,Clean Up,10,over 4s+,Casting Process/Equipment,09:10 AM,09:20 AM
17-Jan-24,AAC Plant 2,2,2250-4,984F Crankcase DC,3,Clean Up,5,over 4s,Casting Process/Equipment,11:00 PM,11:05 PM
17-Jan-24,AAC Plant 2,2,2250-7,A467 Adaptor DC,3,Condition Check Machine,10,qc req shut down stuck gate c3,Casting Process/Equipment,02:35 AM,02:45 AM
17-Jan-24,AAC Plant 2,2,2250-7,A467 Adaptor DC,3,Condition Check Machine,130,shut down cond check c3 sq pins,Casting Process/Equipment,12:10 AM,02:10 AM
17-Jan-24,AAC Plant 2,2,500-3,G903 Stator Wheel DC,9,Condition Check Die,10,cond check floor height ng,Die Related,02:50 AM,03:00 AM
18-Jan-24,AAC Plant 2,1,2250-1,946F Crankcase DC,9,Clean Up,20,carry over from 4s+d,Casting Process/Equipment,11:40 AM,12:00 PM
18-Jan-24,AAC Plant 2,1,2250-1,946F Crankcase DC,9,Water/Die Lube Supply,40,water tower down,Casting Process/Equipment,03:40 PM,04:20 AM
18-Jan-24,AAC Plant 2,1,2250-3,G300 TA HOUSING FWD DC,2,Die Change,0,scheduled die change,Die Related,01:30 AM,02:55 PM
18-Jan-24,AAC Plant 2,1,2250-3,908K TAH FWD DC,2,Water/Die Lube Supply,35,water tower down,Casting Process/Equipment,03:35 AM,04:10 AM
18-Jan-24,AAC Plant 2,1,2250-4,984F Crankcase DC,3,Water/Die Lube Supply,30,water rtower,Casting Process/Equipment,03:40 PM,04:10 AM
18-Jan-24,AAC Plant 2,1,2250-7,A467 Adaptor DC,3,Die Change,0,scheduled die change,Die Related,02:40 PM,05:00 PM
18-Jan-24,AAC Plant 2,1,2250-8,19MY PTO TRANSMISSION CASE DC,4,Condition Check Die,20,cond check,Die Related,07:25 AM,07:45 AM
18-Jan-24,AAC Plant 2,1,800-2,G300 CENTER SUPPORT DC,13,Die Change,0,sched change over,Die Related,08:19 AM,11:20 AM
18-Jan-24,AAC Plant 2,1,800-2,908K Center Support DC,3,Water/Die Lube Supply,50,no water front chiller leak,Casting Process/Equipment,03:40 AM,04:30 AM
18-Jan-24,AAC Plant 2,1,800-3,G300 CENTER SUPPORT DC,14,Condition Check Die,45,cond check die,Die Related,11:15 AM,12:00 PM
18-Jan-24,AAC Plant 2,2,2250-7,A467 Transmission Housing DC,4,Die Change,15,pulled die,Die Related,05:15 AM,05:30 PM
18-Jan-24,AAC Plant 2,2,2250-7,A467 Transmission Housing DC,4,Die Change,30,change over,Die Related,06:20 PM,06:50 PM
19-Jan-24,AAC Plant 2,1,2250-12,LB01 TM Case DC,4,Condition Check Die,10,check for pin leak,Die Related,06:10 AM,06:20 AM
19-Jan-24,AAC Plant 2,1,2250-14,G300 TRANSMISSION CASE DC,6,Clean Up,10,over 4s,Casting Process/Equipment,02:00 PM,02:10 PM
19-Jan-24,AAC Plant 2,1,2250-2,908K TAH AWD DC,2,Water/Die Lube Supply,70,main water low,Casting Process/Equipment,02:30 AM,03:40 PM
19-Jan-24,AAC Plant 2,1,2250-3,908K TAH FWD DC,2,Die Change,0,sched die change,Die Related,08:30 AM,10:15 AM
19-Jan-24,AAC Plant 2,1,2250-4,984F Crankcase DC,3,N/G Tip or Sleeve Change,120,ulr fault changing shot tip bisc broke,Casting Process/Equipment,05:30 AM,07:30 AM
19-Jan-24,AAC Plant 2,1,800-2,908K Center Support DC,3,Die Change,0,scheduled die change set die 12,Die Related,09:00 AM,10:10 AM
19-Jan-24,AAC Plant 2,2,2250-14,G300 TRANSMISSION CASE DC,6,Clean Up,25,carry over spindle,Casting Process/Equipment,05:15 AM,05:40 AM
20-Jan-24,AAC Plant 2,1,2250-12,LB01 TM Case DC,1,Condition Check Die,20,cond check /cold shot,Die Related,07:10 AM,07:30 AM
20-Jan-24,AAC Plant 2,1,2250-12,LB01 TM Case DC,1,Die Change,60,setting ms carry over,Die Related,05:00 AM,06:00 AM
20-Jan-24,AAC Plant 2,1,2250-2,908K TAH FWD DC,2,Die Change,10,carry over from prev shift finish die change,Die Related,05:15 AM,05:25 AM
20-Jan-24,AAC Plant 2,1,800-3,G300 CENTER SUPPORT DC,14,Die Change,70,die change /galling,Die Related,11:00 AM,12:10 PM
20-Jan-24,AAC Plant 2,2,2250-8,19MY PTO TRANSMISSION CASE DC,4,Clean Up,420,carry over wait on die,Casting Process/Equipment,05:15 PM,12:15 AM
20-Jan-24,AAC Plant 2,2,800-2,G300 CENTER SUPPORT DC,12,Die Change,60,die change,Die Related,02:05 AM,03:05 AM
21-Jan-24,AAC Plant 2,1,2250-8,19MY PTO TRANSMISSION CASE DC,4,Die Change,0,sched die change,Die Related,11:35 AM,02:05 PM
22-Jan-24,AAC Plant 2,1,2250-1,946F Crankcase DC,14,Other (Indirect),10,no baskets,Casting Process/Equipment,01:10 AM,01:20 AM
22-Jan-24,AAC Plant 2,1,2250-10,946F Crankcase DC,15,Clean Up,20,over 4sd,Casting Process/Equipment,11:20 AM,11:40 AM
22-Jan-24,AAC Plant 2,1,2250-12,LB01 TM Case DC,1,Die Change,30,setting ss/carry over,Die Related,05:00 AM,05:30 AM
22-Jan-24,AAC Plant 2,1,2250-2,908K TAH FWD DC,2,Clean Up,15,carry over 4s,Casting Process/Equipment,11:30 AM,11:45 AM
22-Jan-24,AAC Plant 2,1,800-3,G300 CENTER SUPPORT DC,11,Condition Check Die,9,cond check,Die Related,05:52 AM,06:01 AM
22-Jan-24,AAC Plant 2,2,2250-1,946F Crankcase DC,14,Date Stamp-ID,10,wrong month stamp,Casting Process/Equipment,06:20 AM,06:30 AM
22-Jan-24,AAC Plant 2,2,2250-8,19MY NONPTO TRANSMISSION CASE DC,1,Clean Up,30,carry over stuck metal c4,Casting Process/Equipment,05:15 AM,05:45 AM
22-Jan-24,AAC Plant 2,2,800-2,G300 CENTER SUPPORT DC,10,Die Change,60,die change c1 not inserting,Die Related,07:35 PM,08:35 AM
23-Jan-24,AAC Plant 2,1,2250-11,LB01 TM Case DC,3,Metal Delivery,170,broke pin ss,Casting Process/Equipment,10:10 AM,01:00 PM
23-Jan-24,AAC Plant 2,1,2250-14,G300 TRANSMISSION CASE DC,8,Clean Up,20,carry over 4s,Casting Process/Equipment,03:00 AM,03:20 AM
23-Jan-24,AAC Plant 2,1,2250-8,19MY NONPTO TRANSMISSION CASE DC,1,Die Change,0,sched die change,Die Related,08:35 AM,10:00 AM
23-Jan-24,AAC Plant 2,2,2250-13,G300 TRANSMISSION CASE DC,7,Clean Up,30,carry over 4sd,Casting Process/Equipment,02:30 AM,03:00 AM
24-Jan-24,AAC Plant 2,1,2250-11,LB01 TM Case DC,3,Condition Check Die,25,cond check cold shot bolt boss,Die Related,09:55 AM,10:20 AM
24-Jan-24,AAC Plant 2,1,2250-13,G300 TRANSMISSION CASE DC,7,Clean Up,20,carry over 4s+d,Casting Process/Equipment,03:00 PM,03:20 PM
24-Jan-24,AAC Plant 2,1,500-3,G903 Stator Wheel DC,3,Date Stamp-ID,30,reduce inventory,Casting Process/Equipment,04:00 PM,04:30 AM
24-Jan-24,AAC Plant 2,1,500-3,G903 Stator Wheel DC,3,Metal Delivery,10,furnace overlfow,Casting Process/Equipment,09:25 AM,09:35 AM
24-Jan-24,AAC Plant 2,1,800-2,G300 CENTER SUPPORT DC,9,Condition Check Die,20,cond check porosity,Die Related,03:05 AM,03:25 AM
24-Jan-24,AAC Plant 2,1,800-2,G300 CENTER SUPPORT DC,9,Metal Delivery,15,cycle over out of metal,Casting Process/Equipment,06:20 AM,06:35 AM
24-Jan-24,AAC Plant 2,1,800-3,G300 CENTER SUPPORT DC,11,Die Change,40,stuck part c4 out time over/die change,Die Related,09:00 AM,09:40 AM
24-Jan-24,AAC Plant 2,2,2250-11,LB01 TM Case DC,3,Condition Check Die,10,cond check c3,Die Related,01:00 AM,01:10 AM
25-Jan-24,AAC Plant 2,1,2250-10,946F Crankcase DC,9,Die Change,0,scheduled die change,Die Related,05:00 AM,10:40 AM
25-Jan-24,AAC Plant 2,1,2250-11,LB01 TM Case DC,3,Die Change,140,setting ms carry over,Die Related,05:00 AM,07:20 AM
25-Jan-24,AAC Plant 2,1,2250-12,LB01 TM Case DC,1,N/G Tip or Sleeve Change,15,small bisc flash thru,Casting Process/Equipment,08:05 AM,08:20 AM
25-Jan-24,AAC Plant 2,1,2250-12,LB01 TM Case DC,1,N/G Tip or Sleeve Change,10,small bisc flash thru,Casting Process/Equipment,08:25 AM,08:35 AM
25-Jan-24,AAC Plant 2,1,2250-12,LB01 TM Case DC,1,N/G Tip or Sleeve Change,10,small bisc flash thru,Casting Process/Equipment,07:55 AM,08:00 AM
25-Jan-24,AAC Plant 2,1,2250-12,LB01 TM Case DC,1,N/G Tip or Sleeve Change,10,small bisc flash thru,Casting Process/Equipment,07:45 AM,07:50 AM
25-Jan-24,AAC Plant 2,1,2250-3,908K TAH AWD DC,1,Die Change,25,core swap/ die change,Die Related,11:30 AM,11:55 AM
25-Jan-24,AAC Plant 2,1,2250-4,984F Crankcase DC,7,Condition Check Die,20,cond check / hyd leak,Die Related,08:15 AM,08:35 AM
25-Jan-24,AAC Plant 2,1,2250-6,946F Crankcase DC,11,Die Change,0,sched die change,Die Related,05:15 AM,07:35 AM
25-Jan-24,AAC Plant 2,1,2250-8,19MY PTO TRANSMISSION CASE DC,4,Die Change,0,sched die change,Die Related,01:40 PM,02:00 PM
25-Jan-24,AAC Plant 2,1,800-1,908K Center Support DC,1,N/G Tip or Sleeve Change,60,sleeve and tip change,Casting Process/Equipment,03:30 PM,04:30 PM
25-Jan-24,AAC Plant 2,1,800-2,G300 CENTER SUPPORT DC,9,Condition Check Machine,35,cond check,Casting Process/Equipment,09:10 AM,09:45 AM
26-Jan-24,AAC Plant 2,1,2250-2,908K TAH AWD DC,1,Clean Up,10,carry over 4s,Casting Process/Equipment,06:55 AM,07:05 AM
26-Jan-24,AAC Plant 2,1,2250-4,984F Crankcase DC,7,N/G Tip or Sleeve Change,55,change tip,Casting Process/Equipment,06:25 AM,07:30 AM
26-Jan-24,AAC Plant 2,1,2250-5,G298 TA HOUSING AWD DC,4,Clean Up,30,4s+d carry over changed tip lube line,Casting Process/Equipment,10:30 AM,11:00 AM
26-Jan-24,AAC Plant 2,2,2250-11,LB01 TM Case DC,3,Condition Check Die,30,cond check contam data pin cracking,Die Related,09:30 PM,10:00 AM
26-Jan-24,AAC Plant 2,2,2250-14,G300 TRANSMISSION CASE DC,10,Clean Up,100,carry over FI trans robot ng,Casting Process/Equipment,05:15 AM,06:55 PM
26-Jan-24,AAC Plant 2,2,2250-5,G298 TA HOUSING AWD DC,4,Clean Up,100,carry over woeking on spray robot,Casting Process/Equipment,11:10 PM,12:50 AM
26-Jan-24,AAC Plant 2,2,2250-7,914K Transaxle Case,2,Condition Check Machine,15,shut down cond check cracking parts c1,Casting Process/Equipment,06:55 PM,07:10 PM
26-Jan-24,AAC Plant 2,2,800-2,G300 CENTER SUPPORT DC,13,Die Change,0,sched die change,Die Related,05:15 PM,06:30 PM
27-Jan-24,AAC Plant 2,1,2250-4,984F Crankcase DC,7,Condition Check Die,20,drag marks,Die Related,03:05 PM,03:25 PM
27-Jan-24,AAC Plant 2,1,2250-5,G298 TA HOUSING AWD DC,4,Condition Check Die,15,over 4s,Die Related,11:30 AM,11:45 AM
27-Jan-24,AAC Plant 2,2,2250-5,G298 TA HOUSING AWD DC,4,N/G Tip or Sleeve Change,70,ulr fault shot tip ng,Casting Process/Equipment,01:00 AM,02:10 AM
29-Jan-24,AAC Plant 2,1,2250-10,946F Crankcase DC,9,Condition Check Die,10,over 4s+d dm finishing up polish,Die Related,11:20 AM,11:30 AM
29-Jan-24,AAC Plant 2,1,2250-2,908K TAH AWD DC,1,Die Change,0,sched die change,Die Related,09:15 AM,10:15 AM
29-Jan-24,AAC Plant 2,1,800-3,G300 CENTER SUPPORT DC,10,Condition Check Die,15,cond check /chunk out flow window,Die Related,03:18 PM,03:33 PM
29-Jan-24,AAC Plant 2,2,1650-1,"103E Oil Pan, No. 1  DC",1,Die Change,65,die change broke pin,Die Related,12:10 AM,01:15 AM
29-Jan-24,AAC Plant 2,2,2250-7,914K Transaxle Case,2,Clean Up,45,carry over ss pulled due to broke pin,Casting Process/Equipment,05:15 PM,06:00 PM
29-Jan-24,AAC Plant 2,2,500-3,G903 Stator Wheel DC,9,Clean Up,20,lube fault,Casting Process/Equipment,01:50 AM,02:10 AM
30-Jan-24,AAC Plant 2,1,800-3,G300 CENTER SUPPORT DC,10,Condition Check Die,72,cond check die change,Die Related,06:52 AM,08:05 AM
31-Jan-24,AAC Plant 2,1,2250-12,LB01 TM Case DC,1,Clean Up,15,cond check crack sprue core,Casting Process/Equipment,10:55 AM,11:05 AM
31-Jan-24,AAC Plant 2,1,800-2,908K Center Support DC,3,Die Change,0,sched die change/change over G300cs,Die Related,08:25 AM,09:47 AM
31-Jan-24,AAC Plant 2,1,800-2,908K Center Support DC,3,Date Stamp-ID,15,carry over /adj tonnage,Casting Process/Equipment,05:15 AM,05:30 AM
31-Jan-24,AAC Plant 2,2,2250-10,946F Crankcase DC,9,Die Change,150,shut down cold shot sprue core cracked,Die Related,05:30 AM,08:00 PM
31-Jan-24,AAC Plant 2,2,2250-3,908K TAH FWD DC,1,Clean Up,20,over 4s,Casting Process/Equipment,08:50 PM,09:10 AM
1-Feb-24,AAC Plant 2,1,2250-10,946F Crankcase DC,11,Condition Check Die,30,die cond check /cold shots,Die Related,12:45 PM,01:15 AM
1-Feb-24,AAC Plant 2,1,2250-11,LB01 TM Case DC,3,Condition Check Die,15,cond check /cold shot,Die Related,06:40 AM,06:55 AM
1-Feb-24,AAC Plant 2,1,2250-12,LB01 TM Case DC,1,Condition Check Die,40,cond check cracked rib and leaking oil hole,Die Related,08:00 AM,08:40 AM
1-Feb-24,AAC Plant 2,1,2250-13,G300 TRANSMISSION CASE DC,8,Clean Up,10,carry over 4s+d,Casting Process/Equipment,03:00 PM,03:10 PM
1-Feb-24,AAC Plant 2,1,2250-5,G298 TA HOUSING AWD DC,4,Die Change,70,die change cracked pin on m/s,Die Related,03:50 PM,05:00 PM
1-Feb-24,AAC Plant 2,1,2250-6,984F Crankcase DC,10,Die Change,0,scheduled die change set 946 10,Die Related,11:30 AM,01:00 PM
1-Feb-24,AAC Plant 2,1,2250-7,914K Transaxle Case,2,Die Change,0,scheduled die change,Die Related,05:00 AM,07:30 AM
1-Feb-24,AAC Plant 2,1,500-3,G903 Stator Wheel DC,9,Clean Up,60,carry over / op cleaning up oil on the floor,Casting Process/Equipment,05:00 AM,06:00 AM
1-Feb-24,AAC Plant 2,2,2250-10,946F Crankcase DC,15,Die Change,115,carry over from 1,Die Related,05:15 PM,07:10 PM
1-Feb-24,AAC Plant 2,2,2250-5,G298 TA HOUSING AWD DC,6,Die Change,80,carry over /broke pin,Die Related,05:15 PM,06:35 PM
1-Feb-24,AAC Plant 2,2,2250-7,914K Transaxle Case,2,Die Change,0,scheduled die change parts cracked,Die Related,08:30 AM,10:25 PM
1-Feb-24,AAC Plant 2,2,2250-8,G300 TA HOUSING FWD DC,2,Die Change,120,core swap,Die Related,06:30 PM,08:30 PM
1-Feb-24,AAC Plant 2,2,800-2,G300 CENTER SUPPORT DC,10,Condition Check Die,20,op door ls,Die Related,10:28 AM,10:48 AM
1-Feb-24,AAC Plant 2,2,800-2,G300 CENTER SUPPORT DC,10,Condition Check Machine,27,con check,Casting Process/Equipment,05:38 AM,06:05 AM
2-Feb-24,AAC Plant 2,1,800-1,908K Center Support DC,2,Condition Check Machine,20,cond check /ng fg,Casting Process/Equipment,07:30 AM,07:50 AM
2-Feb-24,AAC Plant 2,1,800-1,908K Center Support DC,2,Clean Up,15,ng spline gauge,Casting Process/Equipment,07:55 AM,08:10 AM
2-Feb-24,AAC Plant 2,1,800-3,G300 CENTER SUPPORT DC,13,Condition Check Die,35,low ej pin s,Die Related,07:04 AM,07:39 AM
2-Feb-24,AAC Plant 2,2,2250-3,908K TAH FWD DC,2,Clean Up,45,shut down procedure,Casting Process/Equipment,04:00 AM,04:45 AM
2-Feb-24,AAC Plant 2,2,2250-4,984F Crankcase DC,7,Clean Up,45,shut down procedure,Casting Process/Equipment,04:00 AM,04:45 AM
3-Feb-24,AAC Plant 2,1,800-2,G300 CENTER SUPPORT DC,10,Clean Up,13,over 4sd,Casting Process/Equipment,12:00 PM,12:13 PM
4-Feb-24,AAC Plant 2,2,800-3,G300 CENTER SUPPORT DC,13,Die Change,60,die change ppull 13 set 9,Die Related,03:20 AM,04:20 AM
5-Feb-24,AAC Plant 2,1,2250-10,946F Crankcase DC,15,Clean Up,30,carry over 4s,Casting Process/Equipment,11:30 AM,12:00 PM
5-Feb-24,AAC Plant 2,1,500-3,G903 Stator Wheel DC,9,Metal Delivery,10,cold metal,Casting Process/Equipment,11:10 AM,11:20 AM
5-Feb-24,AAC Plant 2,2,2250-12,LB01 TM Case DC,4,Die Change,0,scheduled die change,Die Related,05:15 PM,08:00 PM
5-Feb-24,AAC Plant 2,2,2250-3,908K TAH FWD DC,2,Clean Up,15,over 4s,Casting Process/Equipment,11:40 AM,11:55 AM
5-Feb-24,AAC Plant 2,2,2250-7,A467 Extension Housing DC,1,Clean Up,25,carry over /flash thru,Casting Process/Equipment,05:15 AM,05:40 PM
5-Feb-24,AAC Plant 2,2,500-3,G903 Stator Wheel DC,9,Condition Check Die,20,cond check,Die Related,07:10 AM,07:30 AM
6-Feb-24,AAC Plant 2,1,2250-10,946F Crankcase DC,15,Condition Check Die,20,cond check /leakers,Die Related,08:10 AM,08:30 AM
6-Feb-24,AAC Plant 2,1,2250-3,G300 TA HOUSING FWD DC,4,Die Change,0,sched die change,Die Related,05:00 AM,08:20 AM
6-Feb-24,AAC Plant 2,1,2250-5,G298 TA HOUSING AWD DC,7,Other (Indirect),20,carry over,Casting Process/Equipment,11:05 AM,11:25 AM
6-Feb-24,AAC Plant 2,1,2250-6,946F Crankcase DC,10,Condition Check Die,10,cond check per qc req,Die Related,06:45 AM,06:55 AM
6-Feb-24,AAC Plant 2,1,2250-8,19MY PTO TRANSMISSION CASE DC,4,Condition Check Die,30,cond check cold shot,Die Related,01:35 AM,02:05 PM
6-Feb-24,AAC Plant 2,2,1650-1,"103E Oil Pan, No. 1  DC",2,Condition Check Machine,30,acceleration point out spec,Casting Process/Equipment,08:05 PM,09:00 PM
6-Feb-24,AAC Plant 2,2,2250-1,946F Crankcase DC,14,Condition Check Machine,15,before start up found no tip lube in barrel,Casting Process/Equipment,05:15 PM,05:30 PM
6-Feb-24,AAC Plant 2,2,2250-2,908K TAH AWD DC,1,Die Change,45,carry over,Die Related,05:15 PM,06:00 PM
6-Feb-24,AAC Plant 2,2,2250-2,908K TAH AWD DC,1,N/G Tip or Sleeve Change,35,tip: 46878,Casting Process/Equipment,04:10 AM,04:45 AM
6-Feb-24,AAC Plant 2,2,2250-6,984F Crankcase DC,5,Die Change,35,finished hooking uo die after 1st shift die change,Die Related,05:15 PM,05:50 PM
6-Feb-24,AAC Plant 2,2,500-3,G903 Stator Wheel DC,9,Condition Check Die,10,"b-cavity, floor height",Die Related,08:25 PM,08:35 PM
6-Feb-24,AAC Plant 2,2,500-3,G903 Stator Wheel DC,9,Condition Check Die,10,n/g floor height b-cavity,Die Related,06:50 PM,07:00 PM
6-Feb-24,AAC Plant 2,2,500-3,G903 Stator Wheel DC,9,Condition Check Die,20,b-cavity n/g floor height,Die Related,10:45 PM,11:05 PM
7-Feb-24,AAC Plant 2,1,2250-2,G300 TA HOUSING FWD DC,1,Die Change,20,die change pulled die 3 set 2,Die Related,11:10 AM,11:30 AM
7-Feb-24,AAC Plant 2,1,2250-2,G300 TA HOUSING FWD DC,1,Die Change,-20,,,,
7-Feb-24,AAC Plant 2,1,2250-3,G300 TA HOUSING FWD DC,3,Die Change,20,die change,Die Related,11:10 AM,11:30 AM
7-Feb-24,AAC Plant 2,1,2250-8,19MY PTO TRANSMISSION CASE DC,4,Die Change,0,scheduled die c hange set die 1,Die Related,08:30 AM,10:30 AM
7-Feb-24,AAC Plant 2,2,1650-1,"103E Oil Pan, No. 1  DC",2,Clean Up,35,cond check oil on parts,Casting Process/Equipment,05:55 PM,06:30 PM
7-Feb-24,AAC Plant 2,2,2250-10,946F Crankcase DC,15,Die Change,100,broke pin c-1,Die Related,11:45 PM,01:25 AM
7-Feb-24,AAC Plant 2,2,2250-12,LB01 TM Case DC,4,Condition Check Die,15,cold shut c-1,Die Related,09:55 PM,10:10 PM
7-Feb-24,AAC Plant 2,2,2250-3,G300 TA HOUSING FWD DC,2,Clean Up,15,over 4s+d,Casting Process/Equipment,11:30 PM,11:45 PM
7-Feb-24,AAC Plant 2,2,2250-7,A467 Adaptor DC,3,Clean Up,10,carry over 4s+d,Casting Process/Equipment,06:10 PM,07:20 PM
7-Feb-24,AAC Plant 2,2,2250-7,A467 Adaptor DC,3,Condition Check Die,10,cold shot c-3,Die Related,05:45 PM,05:55 PM
9-Feb-24,AAC Plant 2,1,2250-11,LB01 TM Case DC,2,Clean Up,10,"CONDITION CHECK COLD SHOT, FOUND NO LEAKS",Casting Process/Equipment,07:50 AM,08:00 AM
9-Feb-24,AAC Plant 2,1,2250-5,G298 TA HOUSING AWD DC,6,Condition Check Die,10,CONDITION CHECK,Casting Process/Equipment,03:50 PM,04:00 PM
10-Feb-24,AAC Plant 2,2,2250-6,946F Crankcase DC,15,Condition Check Die,30,possible water leak on ss,Die Related,07:50 AM,08:20 PM
11-Feb-24,AAC Plant 2,1,2250-1,946F Crankcase DC,14,N/G Tip or Sleeve Change,75,tip broke /sleeve and tip,Casting Process/Equipment,08:45 AM,10:15 AM
11-Feb-24,AAC Plant 2,1,2250-5,G298 TA HOUSING AWD DC,6,Condition Check Die,10,cond check,Die Related,08:05 AM,08:15 AM
11-Feb-24,AAC Plant 2,2,2250-5,G298 TA HOUSING AWD DC,6,Condition Check Die,45,cold shot cond check qc req leaking pin on s/s m/s,Die Related,08:30 PM,09:15 PM
12-Feb-24,AAC Plant 2,1,2250-1,946F Crankcase DC,14,Other (Indirect),20,operator changing dm 2250-2,Casting Process/Equipment,11:30 AM,11:50 AM
12-Feb-24,AAC Plant 2,2,2250-12,LB01 TM Case DC,4,Other (Indirect),20,carry over 4s+d,Casting Process/Equipment,11:00 PM,11:20 PM
12-Feb-24,AAC Plant 2,2,2250-13,G300 TRANSMISSION CASE DC,6,Die Change,60,set holding block,Die Related,02:25 AM,03:25 AM
12-Feb-24,AAC Plant 2,2,2250-4,984F Crankcase DC,7,Condition Check Die,15,qc request,Die Related,08:05 PM,08:20 PM
12-Feb-24,AAC Plant 2,2,2250-7,914K Transaxle Case,2,Other (Indirect),85,continued 4s+d,Casting Process/Equipment,11:00 PM,12:25 AM
13-Feb-24,AAC Plant 2,1,1650-1,"103E Oil Pan, No. 1  DC",2,Condition Check Die,40,leaking sprue bushing; call dm,Die Related,08:20 AM,09:00 AM
13-Feb-24,AAC Plant 2,1,500-3,G903 Stator Wheel DC,9,Ladle-ID,20,bolts missing on ladle chain guard; retapped bolt holes,Casting Process/Equipment,05:15 AM,05:35 AM
13-Feb-24,AAC Plant 2,1,500-3,G903 Stator Wheel DC,9,Die Change,30,broke metal saver,Die Related,09:35 AM,10:05 AM
13-Feb-24,AAC Plant 2,2,2250-13,G300 TRANSMISSION CASE DC,10,Metal Delivery,10,out of metal,Casting Process/Equipment,07:10 PM,07:20 PM
13-Feb-24,AAC Plant 2,2,2250-13,G300 TRANSMISSION CASE DC,10,Metal Delivery,10,out of metal,Casting Process/Equipment,06:05 PM,06:15 PM
13-Feb-24,AAC Plant 2,2,800-1,908K Center Support DC,3,Die Change,60,die change,Die Related,03:20 AM,04:20 AM
14-Feb-24,AAC Plant 2,1,2250-14,G300 TRANSMISSION CASE DC,7,Condition Check Die,10,qc request discoloration,Die Related,09:15 AM,09:25 AM
14-Feb-24,AAC Plant 2,1,2250-3,G300 TA HOUSING FWD DC,4,Die Change,145,cycle time issues,Die Related,01:35 PM,04:00 PM
14-Feb-24,AAC Plant 2,1,2250-8,19MY PTO TRANSMISSION CASE DC,4,Condition Check Die,5,water flow,Die Related,06:00 AM,06:05 AM
14-Feb-24,AAC Plant 2,1,800-2,G300 CENTER SUPPORT DC,9,Die Change,75,carry over pulled die 10,Die Related,05:00 AM,06:15 AM
14-Feb-24,AAC Plant 2,2,2250-7,A467 Transmission Housing DC,4,Condition Check Die,40,ng gate break area,Die Related,02:50 AM,03:30 AM
14-Feb-24,AAC Plant 2,2,500-3,G903 Stator Wheel DC,8,Condition Check Die,20,galling b-cavity causing chunkout,Die Related,05:45 PM,06:05 PM
15-Feb-24,AAC Plant 2,1,800-1,908K Center Support DC,3,Other (Indirect),360,waiting on die,Die Related,05:00 AM,11:00 AM
15-Feb-24,AAC Plant 2,2,800-1,908K Center Support DC,3,Condition Check Die,35,porosity in barring boss at catch station,Die Related,07:35 PM,08:10 PM
16-Feb-24,AAC Plant 2,1,2250-10,946F Crankcase DC,10,Clean Up,15,carry over 4s,Casting Process/Equipment,11:30 AM,11:45 AM
16-Feb-24,AAC Plant 2,1,2250-8,G300 TA HOUSING FWD DC,4,Condition Check Die,10,cond check discolor,Die Related,01:20 PM,01:30 AM
16-Feb-24,AAC Plant 2,1,800-1,908K Center Support DC,3,Condition Check Die,16,cond check ng spline ng,Die Related,06:00 AM,06:16 AM
16-Feb-24,AAC Plant 2,1,800-1,908K Center Support DC,3,Condition Check Die,43,cond check ng spline,Die Related,12:47 PM,01:30 AM
16-Feb-24,AAC Plant 2,1,800-1,908K Center Support DC,3,Clean Up,65,over 4s fit cgheck,Die Related,11:00 AM,12:05 PM
16-Feb-24,AAC Plant 2,1,800-2,G300 CENTER SUPPORT DC,9,Condition Check Die,13,crack on flow window,Die Related,02:54 AM,03:07 PM
16-Feb-24,AAC Plant 2,1,800-2,G300 CENTER SUPPORT DC,9,Clean Up,10,focus line activities,Casting Process/Equipment,12:00 PM,12:10 PM
16-Feb-24,AAC Plant 2,2,2250-7,"103E Oil Pan, No. 1  DC",3,Condition Check Die,20,cond check [arts cracking,Die Related,02:35 AM,02:55 AM
16-Feb-24,AAC Plant 2,2,2250-7,"103E Oil Pan, No. 1  DC",3,Clean Up,40,carry over c1 ls not read insertg,Casting Process/Equipment,05:15 AM,05:55 PM
16-Feb-24,AAC Plant 2,2,2250-8,G300 TA HOUSING FWD DC,4,Condition Check Die,10,cond check cold shot,Die Related,09:40 AM,09:50 AM
16-Feb-24,AAC Plant 2,2,2250-8,G300 TA HOUSING FWD DC,4,Die Change,120,die change leaking pins,Die Related,11:30 AM,01:30 AM
16-Feb-24,AAC Plant 2,2,500-3,G903 Stator Wheel DC,8,Condition Check Die,5,cond check qc req,Die Related,03:15 AM,03:20 AM
17-Feb-24,AAC Plant 2,1,800-2,G300 CENTER SUPPORT DC,9,Condition Check Die,78,cond check,Die Related,01:28 PM,02:40 PM
17-Feb-24,AAC Plant 2,2,2250-5,G298 TA HOUSING AWD DC,5,N/G Tip or Sleeve Change,85,bisc stuck ss shot tip broke,Casting Process/Equipment,12:35 AM,02:00 AM
17-Feb-24,AAC Plant 2,2,800-2,G300 CENTER SUPPORT DC,9,Die Change,60,die change,Die Related,02:20 AM,03:20 AM
18-Feb-24,AAC Plant 2,1,800-2,G300 CENTER SUPPORT DC,14,Condition Check Die,15,cond check ct high,Die Related,09:25 AM,09:40 AM
18-Feb-24,AAC Plant 2,2,2250-7,A467 Extension Housing DC,1,Die Change,0,sched die change,Die Related,03:00 AM,04:30 AM
18-Feb-24,AAC Plant 2,2,800-1,908K Center Support DC,1,Condition Check Machine,30,cond check 2 die flash thru ms powder pins,Casting Process/Equipment,08:00 PM,08:30 PM
19-Feb-24,AAC Plant 2,1,2250-1,946F Crankcase DC,14,Other (Indirect),20,operator working on 2,Casting Process/Equipment,06:00 AM,06:20 AM
19-Feb-24,AAC Plant 2,1,2250-13,G300 TRANSMISSION CASE DC,11,Clean Up,20,carry over 4s,Casting Process/Equipment,03:00 AM,03:20 PM
19-Feb-24,AAC Plant 2,1,2250-8,G300 TA HOUSING FWD DC,2,Condition Check Die,10,condition check cold shot,Die Related,09:20 AM,09:30 AM
19-Feb-24,AAC Plant 2,1,2250-8,G300 TA HOUSING FWD DC,2,Product Change,160,core swap die 3,Die Related,09:30 AM,12:10 PM
19-Feb-24,AAC Plant 2,1,2250-8,G300 TA HOUSING FWD DC,3,Condition Check Die,85,condition check discoloration,Die Related,02:15 PM,03:40 PM
19-Feb-24,AAC Plant 2,1,800-1,908K Center Support DC,1,Condition Check Machine,40,cond check ng spray gauge,Casting Process/Equipment,06:50 AM,07:30 AM
19-Feb-24,AAC Plant 2,1,800-2,G300 CENTER SUPPORT DC,12,Other (Indirect),5,cycle stop to confirm powder pin,Casting Process/Equipment,08:15 AM,08:20 AM
19-Feb-24,AAC Plant 2,1,800-3,G300 CENTER SUPPORT DC,11,Clean Up,100,clean hyd oil,Casting Process/Equipment,01:50 PM,03:30 AM
19-Feb-24,AAC Plant 2,2,1650-1,"103E Oil Pan, No. 1  DC",2,Condition Check Die,20,cracked parts,Casting Process/Equipment,06:15 PM,06:35 PM
19-Feb-24,AAC Plant 2,2,2250-1,946F Crankcase DC,14,Die Change,225,die change water leak c2,Die Related,11:30 PM,03:15 AM
19-Feb-24,AAC Plant 2,2,2250-8,G300 TA HOUSING FWD DC,3,Condition Check Die,20,cond check /cold shot,Die Related,07:00 PM,07:20 PM
19-Feb-24,AAC Plant 2,2,2250-8,G300 TA HOUSING FWD DC,3,Condition Check Die,30,cond check /cold shot,Die Related,07:50 PM,08:20 PM
19-Feb-24,AAC Plant 2,2,2250-8,G300 TA HOUSING FWD DC,3,Condition Check Die,30,cond check /cold shot,Die Related,08:30 PM,09:00 PM
19-Feb-24,AAC Plant 2,2,2250-8,G300 TA HOUSING FWD DC,3,Condition Check Die,55,cond check /cold shot,Die Related,01:10 AM,02:05 AM
19-Feb-24,AAC Plant 2,2,2250-8,G300 TA HOUSING FWD DC,3,Condition Check Die,20,cond check /cold shot,Die Related,03:45 AM,04:05 AM
19-Feb-24,AAC Plant 2,2,2250-8,G300 TA HOUSING FWD DC,3,Condition Check Die,20,cond check /cold shot,Die Related,06:30 AM,06:50 PM
20-Feb-24,AAC Plant 2,1,2250-11,LB01 TM Case DC,3,Clean Up,20,carry over 4sd,Casting Process/Equipment,07:00 AM,07:20 AM
20-Feb-24,AAC Plant 2,1,2250-13,G300 TRANSMISSION CASE DC,11,Condition Check Die,10,cond check qc,Die Related,08:55 AM,09:05 AM
20-Feb-24,AAC Plant 2,1,2250-3,908K TAH FWD DC,2,Die Change,0,sched die change to g300tah,Die Related,07:30 AM,09:15 AM
20-Feb-24,AAC Plant 2,1,2250-8,G300 TA HOUSING FWD DC,3,Condition Check Machine,10,condition check cold shot,Die Related,06:40 AM,06:50 AM
20-Feb-24,AAC Plant 2,1,2250-8,G300 TA HOUSING FWD DC,3,Condition Check Die,70,condition check,Die Related,07:10 AM,08:20 AM
20-Feb-24,AAC Plant 2,2,2250-10,946F Crankcase DC,8,Die Change,160,shut down /water leak die crack ms build up on ss,Die Related,02:15 AM,04:45 AM
20-Feb-24,AAC Plant 2,2,2250-10,946F Crankcase DC,8,Die Change,240,carry over 1st /die change,Die Related,05:15 PM,09:15 PM
20-Feb-24,AAC Plant 2,2,800-1,908K Center Support DC,1,Condition Check Machine,45,cond check,Casting Process/Equipment,06:14 PM,06:59 PM
21-Feb-24,AAC Plant 2,1,1650-1,"103E Oil Pan, No. 1  DC",2,Condition Check Die,10,pre shift polish,Die Related,05:15 AM,05:25 AM
21-Feb-24,AAC Plant 2,1,2250-10,946F Crankcase DC,11,Die Change,45,carry over die change,Die Related,05:15 AM,06:00 AM
21-Feb-24,AAC Plant 2,1,2250-7,914K Transaxle Case,2,Other (Indirect),10,power out,Casting Process/Equipment,11:35 AM,11:45 AM
21-Feb-24,AAC Plant 2,1,800-3,G300 CENTER SUPPORT DC,11,Die Change,15,over 4sd,Die Related,02:05 PM,02:30 AM
21-Feb-24,AAC Plant 2,2,2250-6,946F Crankcase DC,14,Clean Up,10,carry over /missing ladle probe,Casting Process/Equipment,05:15 AM,05:25 PM
22-Feb-24,AAC Plant 2,1,2250-12,LB01 TM Case DC,4,Clean Up,20,polish,Casting Process/Equipment,08:05 AM,08:25 AM
22-Feb-24,AAC Plant 2,1,2250-7,A467 Extension Housing DC,1,Die Change,0,sched die change,Die Related,05:15 AM,06:45 AM
22-Feb-24,AAC Plant 2,1,2250-7,A467 Extension Housing DC,1,Condition Check Die,5,cond check shrink crack,Die Related,08:40 AM,08:45 AM
22-Feb-24,AAC Plant 2,2,2250-10,946F Crankcase DC,11,Die Change,35,die change /ng die repair,Die Related,04:10 AM,04:45 AM
22-Feb-24,AAC Plant 2,2,2250-12,LB01 TM Case DC,4,Condition Check Die,10,cond check discoloration,Die Related,06:50 PM,07:00 AM
22-Feb-24,AAC Plant 2,2,2250-12,LB01 TM Case DC,4,Condition Check Die,30,cond check ribs cracking,Die Related,10:10 PM,10:40 AM
22-Feb-24,AAC Plant 2,2,2250-12,LB01 TM Case DC,4,Condition Check Die,25,cond check /ribs cracking ss,Die Related,11:50 PM,12:15 AM
22-Feb-24,AAC Plant 2,2,500-3,G903 Stator Wheel DC,8,Condition Check Machine,35,cond check/ b cavity,Casting Process/Equipment,06:50 AM,07:25 PM
23-Feb-24,AAC Plant 2,1,2250-14,G300 TRANSMISSION CASE DC,6,Metal Delivery,10,ladle arm return over run/ out of metal,Casting Process/Equipment,01:50 AM,02:00 PM
23-Feb-24,AAC Plant 2,1,800-1,908K Center Support DC,1,Condition Check Machine,30,cond check chunk out on main core,Casting Process/Equipment,07:35 AM,08:05 AM
23-Feb-24,AAC Plant 2,1,800-2,G300 CENTER SUPPORT DC,12,Clean Up,20,carry over 4s+d,Casting Process/Equipment,12:00 PM,12:20 PM
23-Feb-24,AAC Plant 2,1,800-3,G300 CENTER SUPPORT DC,11,Clean Up,110,over 4sd clean and furnace clean,Casting Process/Equipment,01:00 AM,02:50 PM
23-Feb-24,AAC Plant 2,2,1650-1,"103E Oil Pan, No. 1  DC",2,Condition Check Die,45,qc req e-polish,Die Related,06:15 AM,07:00 AM
23-Feb-24,AAC Plant 2,2,2250-6,946F Crankcase DC,14,Clean Up,10,carry over /low nitro in acc 1,Casting Process/Equipment,05:15 AM,05:25 PM
23-Feb-24,AAC Plant 2,2,2250-7,A467 Adaptor DC,3,Die Change,0,scheduled die change,Die Related,03:00 AM,04:00 AM
26-Feb-24,AAC Plant 2,1,2250-12,LB01 TM Case DC,4,Condition Check Machine,35,cond check,Casting Process/Equipment,07:30 AM,08:05 AM
26-Feb-24,AAC Plant 2,1,2250-12,LB01 TM Case DC,4,Clean Up,30,cond check parts cracking,Casting Process/Equipment,06:50 AM,07:20 AM
26-Feb-24,AAC Plant 2,1,2250-4,984F Crankcase DC,4,Die Change,90,carry over die setting,Die Related,05:00 AM,06:30 AM
26-Feb-24,AAC Plant 2,1,500-3,G903 Stator Wheel DC,8,Date Stamp-ID,10,running prep had to refill,Casting Process/Equipment,05:35 AM,05:45 AM
26-Feb-24,AAC Plant 2,1,500-3,G903 Stator Wheel DC,8,Condition Check Die,15,cond check,Die Related,08:15 AM,08:30 AM
26-Feb-24,AAC Plant 2,1,800-1,908K Center Support DC,1,Condition Check Die,20,cond chgeck ng fg,Die Related,09:20 AM,09:40 AM
26-Feb-24,AAC Plant 2,1,800-2,G300 CENTER SUPPORT DC,13,Condition Check Die,12,cond check,Die Related,01:30 AM,01:42 AM
26-Feb-24,AAC Plant 2,2,2250-14,G300 TRANSMISSION CASE DC,9,Condition Check Die,15,cond check contaminatiuon,Die Related,03:40 AM,03:55 AM
26-Feb-24,AAC Plant 2,2,2250-5,G298 TA HOUSING AWD DC,7,Condition Check Die,115,cond check qc req cold shot,Die Related,02:50 AM,04:45 AM
26-Feb-24,AAC Plant 2,2,2250-5,G298 TA HOUSING AWD DC,7,Clean Up,150,carry over dm core swapping,Casting Process/Equipment,05:15 PM,07:45 AM
26-Feb-24,AAC Plant 2,2,2250-6,946F Crankcase DC,8,Clean Up,120,carry over/,Casting Process/Equipment,05:15 PM,07:15 PM
26-Feb-24,AAC Plant 2,2,2250-6,946F Crankcase DC,8,Die Change,0,sched die cjange,Die Related,04:30 AM,04:45 AM
26-Feb-24,AAC Plant 2,2,500-3,G903 Stator Wheel DC,8,Condition Check Machine,5,a cavity ng slide,Casting Process/Equipment,06:05 AM,06:10 AM
27-Feb-24,AAC Plant 2,1,2250-13,G300 TRANSMISSION CASE DC,11,Die Change,60,finish change over,Die Related,05:00 AM,06:00 AM
27-Feb-24,AAC Plant 2,1,2250-7,A467 Transmission Housing DC,4,Die Change,0,sched die change,Die Related,03:15 AM,05:00 AM
27-Feb-24,AAC Plant 2,1,500-3,G903 Stator Wheel DC,8,Date Stamp-ID,20,running prep,Casting Process/Equipment,05:15 AM,05:35 AM
27-Feb-24,AAC Plant 2,2,1650-1,"103E Oil Pan, No. 1  DC",1,Clean Up,30,carry over die change,Casting Process/Equipment,05:15 PM,05:45 PM
27-Feb-24,AAC Plant 2,2,2250-12,LB01 TM Case DC,2,Condition Check Die,25,cond check cold shot ms,Die Related,08:15 AM,08:40 AM
27-Feb-24,AAC Plant 2,2,2250-4,984F Crankcase DC,7,Die Change,170,carry over die change broke pin c1,Die Related,05:15 PM,08:05 AM
27-Feb-24,AAC Plant 2,2,2250-4,984F Crankcase DC,7,Condition Check Die,10,qc req cond check die fwd,Die Related,03:50 AM,04:00 AM
27-Feb-24,AAC Plant 2,2,2250-8,G300 TA HOUSING FWD DC,3,Condition Check Die,20,cond chec k,Die Related,05:50 PM,06:10 AM
27-Feb-24,AAC Plant 2,2,2250-8,G300 TA HOUSING FWD DC,3,Condition Check Die,45,c1 lamination,Die Related,06:10 AM,06:55 PM
27-Feb-24,AAC Plant 2,2,2250-8,G300 TA HOUSING FWD DC,3,Condition Check Die,55,cond check c1 lamination,Die Related,01:20 AM,02:15 AM
27-Feb-24,AAC Plant 2,2,500-3,G903 Stator Wheel DC,8,Condition Check Die,10,cond check a-b cav,Die Related,10:50 PM,11:00 PM
27-Feb-24,AAC Plant 2,2,500-3,G903 Stator Wheel DC,8,Condition Check Die,10,cond check  ng slide gauge,Die Related,12:30 AM,12:40 AM
28-Feb-24,AAC Plant 2,1,2250-12,LB01 TM Case DC,2,Condition Check Die,50,condition check,Die Related,07:50 AM,08:40 AM
28-Feb-24,AAC Plant 2,1,2250-14,G300 TRANSMISSION CASE DC,9,N/G Tip or Sleeve Change,110,replace shot tip,Casting Process/Equipment,06:00 AM,07:50 AM
28-Feb-24,AAC Plant 2,1,2250-8,G300 TA HOUSING FWD DC,3,Other (Indirect),70,main working on communication,Casting Process/Equipment,11:00 AM,12:10 PM
28-Feb-24,AAC Plant 2,1,500-3,G903 Stator Wheel DC,6,Date Stamp-ID,30,running prep acc press,Casting Process/Equipment,05:15 AM,05:45 AM
28-Feb-24,AAC Plant 2,1,800-2,G300 CENTER SUPPORT DC,13,Condition Check Die,15,cond check,Die Related,02:00 PM,02:15 PM
28-Feb-24,AAC Plant 2,1,800-3,G300 CENTER SUPPORT DC,11,Die Change,0,sched die change,Die Related,11:05 AM,02:00 AM
28-Feb-24,AAC Plant 2,2,2250-5,G298 TA HOUSING AWD DC,2,Condition Check Die,20,cond check /cold shot ms main core,Die Related,02:00 AM,02:20 AM
28-Feb-24,AAC Plant 2,2,2250-5,G298 TA HOUSING AWD DC,2,Clean Up,135,carry over waiting on die from dm,Casting Process/Equipment,05:15 PM,07:30 PM
28-Feb-24,AAC Plant 2,2,2250-8,19MY PTO TRANSMISSION CASE DC,4,Clean Up,60,carry over die change,Casting Process/Equipment,05:15 PM,06:15 PM
29-Feb-24,AAC Plant 2,1,2250-10,946F Crankcase DC,13,Condition Check Machine,30,carry over 4s,Casting Process/Equipment,11:30 AM,12:00 PM
29-Feb-24,AAC Plant 2,1,2250-13,G300 TRANSMISSION CASE DC,11,N/G Tip or Sleeve Change,40,ulr fault broke bisc,Casting Process/Equipment,12:20 PM,01:00 AM
29-Feb-24,AAC Plant 2,1,2250-13,G300 TRANSMISSION CASE DC,11,N/G Tip or Sleeve Change,60,ulr fault broke bisc,Casting Process/Equipment,02:00 PM,03:00 PM
29-Feb-24,AAC Plant 2,1,2250-2,908K TAH AWD DC,3,Clean Up,15,carry over,Casting Process/Equipment,11:30 AM,11:45 AM
29-Feb-24,AAC Plant 2,1,2250-6,946F Crankcase DC,3,Condition Check Die,10,cond check water leak behind c3,Die Related,08:25 AM,08:35 AM
29-Feb-24,AAC Plant 2,1,2250-7,A467 Transmission Housing DC,4,Die Change,0,scheduled die change,Die Related,05:15 AM,01:15 PM
29-Feb-24,AAC Plant 2,2,2250-3,G300 TA HOUSING FWD DC,2,Die Change,35,carry over /die change,Die Related,05:15 PM,05:50 PM
1-Mar-24,AAC Plant 2,1,2250-4,984F Crankcase DC,7,N/G Tip or Sleeve Change,75,change shot tip,Casting Process/Equipment,11:15 AM,12:30 PM
1-Mar-24,AAC Plant 2,1,800-3,G300 CENTER SUPPORT DC,10,Clean Up,15,cleaning a/b,Misc.,02:00 AM,02:15 AM
1-Mar-24,AAC Plant 2,2,2250-13,G300 TRANSMISSION CASE DC,11,Condition Check Die,30,cond check /shrinkage crack,Die Related,04:00 AM,04:30 AM
1-Mar-24,AAC Plant 2,2,2250-3,G300 TA HOUSING FWD DC,2,Die Change,40,die change,Die Related,09:10 AM,09:50 PM
1-Mar-24,AAC Plant 2,2,2250-3,G300 TA HOUSING FWD DC,2,Die Change,210,carry over /die change,Die Related,05:15 PM,08:45 PM
2-Mar-24,AAC Plant 2,1,2250-14,G300 TRANSMISSION CASE DC,9,Clean Up,10,carry over 4s,Casting Process/Equipment,03:00 AM,03:10 AM
2-Mar-24,AAC Plant 2,1,800-2,G300 CENTER SUPPORT DC,13,Condition Check Die,10,cond check low ej pins,Die Related,12:07 PM,12:17 PM
2-Mar-24,AAC Plant 2,2,2250-13,G300 TRANSMISSION CASE DC,11,Condition Check Die,40,"cond check, shrinkage crack",Die Related,10:30 PM,11:10 AM
2-Mar-24,AAC Plant 2,2,2250-13,G300 TRANSMISSION CASE DC,11,Condition Check Die,65,"cond check, shrinkage crack",Die Related,05:55 PM,07:00 PM
2-Mar-24,AAC Plant 2,2,2250-13,G300 TRANSMISSION CASE DC,11,Condition Check Die,25,"cond check, shrinkage crack",Die Related,08:55 PM,09:20 PM
3-Mar-24,AAC Plant 2,1,800-2,G300 CENTER SUPPORT DC,13,Die Change,60,die change,Die Related,08:20 AM,09:20 AM
3-Mar-24,AAC Plant 2,1,800-2,G300 CENTER SUPPORT DC,13,Condition Check Die,46,cond check porosity,Die Related,07:34 AM,08:20 AM
4-Mar-24,AAC Plant 2,1,2250-3,G300 TA HOUSING FWD DC,2,Die Change,465,leak on s/s core swap 3-2 die height adjustment,Die Related,09:10 AM,04:55 PM
4-Mar-24,AAC Plant 2,1,2250-3,G300 TA HOUSING FWD DC,3,Die Change,180,die change 2 broke pins,Die Related,05:30 AM,08:30 AM
4-Mar-24,AAC Plant 2,1,2250-8,19MY PTO TRANSMISSION CASE DC,1,Date Stamp-ID,15,monday start up,Casting Process/Equipment,05:15 AM,05:30 AM
4-Mar-24,AAC Plant 2,2,2250-6,984F Crankcase DC,3,Condition Check Die,30,cond check /qc req water leak main core,Die Related,12:00 AM,12:30 AM
4-Mar-24,AAC Plant 2,2,800-3,G300 CENTER SUPPORT DC,10,Clean Up,50,4s+d  over,Casting Process/Equipment,12:40 AM,01:30 AM
5-Mar-24,AAC Plant 2,1,2250-7,A467 Transmission Housing DC,4,Die Change,0,scheduled die change,Die Related,05:15 AM,06:45 AM
5-Mar-24,AAC Plant 2,1,2250-8,19MY PTO TRANSMISSION CASE DC,1,Condition Check Die,15,cond check ct over,Die Related,02:00 AM,02:15 AM
5-Mar-24,AAC Plant 2,1,800-3,G300 CENTER SUPPORT DC,10,Clean Up,25,cleaned shot sleeve and furnace,Casting Process/Equipment,08:30 AM,08:55 AM
5-Mar-24,AAC Plant 2,2,2250-1,946F Crankcase DC,15,Die Change,35,broke pin c-3,Die Related,03:55 AM,04:30 AM
5-Mar-24,AAC Plant 2,2,2250-10,946F Crankcase DC,13,Metal Delivery,70,"water flow fault, back chiller down",Casting Process/Equipment,09:10 PM,10:20 PM
5-Mar-24,AAC Plant 2,2,2250-7,A467 Transmission Housing DC,4,Water/Die Lube Supply,50,down for water chiller,Casting Process/Equipment,09:15 AM,10:05 AM
6-Mar-24,AAC Plant 2,1,2250-10,946F Crankcase DC,13,Condition Check Die,20,developer check ng /leakers at customer,Die Related,10:25 AM,10:45 AM
6-Mar-24,AAC Plant 2,1,2250-11,LB01 TM Case DC,4,Die Change,90,die change setting lb01tmc/center pin broke die change,Die Related,06:45 AM,08:15 AM
6-Mar-24,AAC Plant 2,1,2250-12,LB01 TM Case DC,2,Metal Delivery,10,out of metal,Casting Process/Equipment,11:20 AM,11:30 AM
6-Mar-24,AAC Plant 2,1,2250-14,G300 TRANSMISSION CASE DC,9,Clean Up,10,clean shot area /ladle hitting build up,Casting Process/Equipment,09:40 AM,09:50 AM
6-Mar-24,AAC Plant 2,1,2250-3,908K TAH AWD DC,3,Die Change,0,sched change over,Die Related,07:00 AM,09:00 AM
6-Mar-24,AAC Plant 2,1,2250-7,A467 Transmission Housing DC,4,Die Change,0,scheduled die change,Die Related,03:00 AM,05:00 PM
6-Mar-24,AAC Plant 2,1,2250-8,19MY PTO TRANSMISSION CASE DC,1,Clean Up,25,over 4s,Casting Process/Equipment,11:30 AM,11:55 AM
6-Mar-24,AAC Plant 2,2,2250-3,G300 TA HOUSING FWD DC,3,N/G Tip or Sleeve Change,35,ulr fault runner broke tip ng,Casting Process/Equipment,04:10 AM,04:45 AM
6-Mar-24,AAC Plant 2,2,2250-6,984F Crankcase DC,3,Condition Check Die,40,cond check,Die Related,11:00 AM,11:40 PM
6-Mar-24,AAC Plant 2,2,2250-8,G300 TA HOUSING FWD DC,4,Condition Check Die,20,cond checkk/lam c1,Die Related,02:55 AM,03:15 AM
6-Mar-24,AAC Plant 2,2,800-2,908K Center Support DC,2,Condition Check Die,11,"cond check , ng top spline gauge",Die Related,03:34 AM,03:45 AM
6-Mar-24,AAC Plant 2,2,800-2,908K Center Support DC,2,Die Change,60,die change /pull 2 set 13,Die Related,03:45 AM,04:45 AM
6-Mar-24,AAC Plant 2,2,800-2,908K Center Support DC,2,Condition Check Machine,31,cond check /top spline fg tight,Die Related,01:38 AM,02:09 AM
7-Mar-24,AAC Plant 2,1,2250-3,G300 TA HOUSING FWD DC,3,Die Change,0,sched die change,Die Related,11:30 AM,01:50 AM
7-Mar-24,AAC Plant 2,1,2250-5,G298 TA HOUSING AWD DC,4,Other (Indirect),110,carry over maint,Casting Process/Equipment,01:20 AM,03:10 PM
7-Mar-24,AAC Plant 2,1,2250-7,A467 Adaptor DC,3,Condition Check Die,25,e-polish,Die Related,05:15 AM,05:40 AM
7-Mar-24,AAC Plant 2,1,800-1,908K Center Support DC,2,Condition Check Die,30,cond check ng spline,Die Related,12:30 PM,01:00 AM
7-Mar-24,AAC Plant 2,1,800-2,908K Center Support DC,3,Condition Check Machine,15,lamination m/s,Casting Process/Equipment,11:45 AM,12:00 PM
7-Mar-24,AAC Plant 2,1,800-2,908K Center Support DC,3,Condition Check Die,10,pwc #1 low,Die Related,03:20 PM,03:30 PM
7-Mar-24,AAC Plant 2,1,800-2,908K Center Support DC,3,Die Change,55,product change,Die Related,03:35 PM,04:30 PM
7-Mar-24,AAC Plant 2,2,2250-3,908K TAH FWD DC,2,Condition Check Die,15,qc reqcond check die,Die Related,12:55 PM,01:10 AM
7-Mar-24,AAC Plant 2,2,2250-5,G298 TA HOUSING AWD DC,4,Clean Up,15,carry over 4s,Casting Process/Equipment,11:30 AM,11:45 AM
7-Mar-24,AAC Plant 2,2,2250-7,914K Transaxle Case,2,Condition Check Die,20,cond check cracl parts,Die Related,10:00 AM,10:20 AM
7-Mar-24,AAC Plant 2,2,2250-7,914K Transaxle Case,2,Condition Check Die,35,cond check cracking parts,Die Related,12:00 PM,12:35 PM
8-Mar-24,AAC Plant 2,1,2250-3,908K TAH FWD DC,2,Condition Check Die,15,cond check /no leak,Die Related,02:15 AM,02:30 AM
8-Mar-24,AAC Plant 2,1,2250-8,G300 TA HOUSING FWD DC,4,Condition Check Die,60,cond cgheck,Die Related,08:15 AM,09:15 AM
8-Mar-24,AAC Plant 2,2,2250-10,946F Crankcase DC,13,Clean Up,20,shaker backed up,Casting Process/Equipment,11:35 PM,11:55 PM
8-Mar-24,AAC Plant 2,2,2250-14,G300 TRANSMISSION CASE DC,9,Condition Check Die,25,shrinkage crack c-3,Die Related,03:35 AM,04:00 AM
8-Mar-24,AAC Plant 2,2,2250-2,908K TAH AWD DC,2,Condition Check Die,30,bisc runner coming off c-1 bent making misload on trim die,Die Related,01:30 AM,02:00 AM
8-Mar-24,AAC Plant 2,2,2250-3,908K TAH FWD DC,1,Clean Up,15,carry over,Casting Process/Equipment,05:15 AM,05:30 AM
8-Mar-24,AAC Plant 2,2,2250-8,G300 TA HOUSING FWD DC,4,Clean Up,10,condition check blisters on parts,Casting Process/Equipment,10:20 PM,10:30 PM
8-Mar-24,AAC Plant 2,2,800-1,908K Center Support DC,3,Die Change,203,die chnage thick flash,Die Related,11:50 AM,03:13 AM
8-Mar-24,AAC Plant 2,2,800-1,908K Center Support DC,3,Die Change,-203,,,,
9-Mar-24,AAC Plant 2,2,2250-8,19MY NONPTO TRANSMISSION CASE DC,1,Die Change,25,carry over die change,Die Related,05:15 AM,05:40 AM
9-Mar-24,AAC Plant 2,2,800-1,908K Center Support DC,3,Die Change,203,die change /thick flash,Die Related,11:50 AM,03:13 AM
10-Mar-24,AAC Plant 2,1,800-3,G300 CENTER SUPPORT DC,10,Date Stamp-ID,15,over start,Casting Process/Equipment,05:15 AM,05:30 AM
11-Mar-24,AAC Plant 2,1,1650-1,"103E Oil Pan, No. 1  DC",1,Clean Up,20,carry over from 4s,Casting Process/Equipment,11:20 AM,11:40 AM
11-Mar-24,AAC Plant 2,1,2250-11,LB01 TM Case DC,3,Water/Die Lube Supply,15,small bisc /ng tip lube,Casting Process/Equipment,05:45 AM,06:00 AM
11-Mar-24,AAC Plant 2,1,2250-3,908K TAH FWD DC,1,Die Change,0,scheduled die change,Die Related,03:00 PM,05:00 PM
11-Mar-24,AAC Plant 2,1,2250-5,G298 TA HOUSING AWD DC,6,Condition Check Die,10,cond checl,Die Related,07:10 AM,07:20 AM
11-Mar-24,AAC Plant 2,1,2250-6,984F Crankcase DC,3,Condition Check Die,20,cond check,Die Related,09:15 AM,09:35 AM
11-Mar-24,AAC Plant 2,1,2250-6,984F Crankcase DC,3,Condition Check Die,10,cond check,Die Related,06:45 AM,06:55 AM
11-Mar-24,AAC Plant 2,1,800-3,G300 CENTER SUPPORT DC,10,Die Change,25,die change chunk out on boss,Die Related,01:45 AM,02:10 AM
11-Mar-24,AAC Plant 2,2,2250-3,G300 TA HOUSING FWD DC,2,Die Change,255,carry over/die change,Die Related,05:15 AM,09:30 AM
11-Mar-24,AAC Plant 2,2,2250-3,G300 TA HOUSING FWD DC,2,Die Change,55,pull ss out,Die Related,09:30 PM,10:25 PM
11-Mar-24,AAC Plant 2,2,2250-5,G298 TA HOUSING AWD DC,6,Clean Up,30,carry over low ej pins,Casting Process/Equipment,05:15 AM,05:45 AM
11-Mar-24,AAC Plant 2,2,2250-6,984F Crankcase DC,3,Die Change,0,scheduled die change,Die Related,03:45 AM,04:45 AM
12-Mar-24,AAC Plant 2,1,2250-10,946F Crankcase DC,13,Clean Up,10,carry over 4s+,Casting Process/Equipment,11:30 AM,11:40 AM
12-Mar-24,AAC Plant 2,1,2250-10,946F Crankcase DC,13,Condition Check Die,10,developer check leaker,Die Related,11:50 AM,12:00 PM
12-Mar-24,AAC Plant 2,1,2250-3,G300 TA HOUSING FWD DC,2,Die Change,50,set die 3,Die Related,01:15 AM,02:05 PM
12-Mar-24,AAC Plant 2,1,2250-7,A467 Transmission Housing DC,4,Die Change,0,scheduled die change,Die Related,03:00 AM,05:00 AM
12-Mar-24,AAC Plant 2,1,800-1,908K Center Support DC,1,Clean Up,20,cleaning shot end,Misc.,10:58 AM,11:18 AM
12-Mar-24,AAC Plant 2,1,800-3,G300 CENTER SUPPORT DC,9,Die Change,255,c-3 open time over,Die Related,09:45 AM,02:00 PM
12-Mar-24,AAC Plant 2,2,2250-1,946F Crankcase DC,15,Condition Check Die,30,cond check,Die Related,10:00 AM,10:30 AM
12-Mar-24,AAC Plant 2,2,2250-3,G300 TA HOUSING FWD DC,3,Die Change,30,die change finish,Die Related,10:30 AM,11:00 AM
12-Mar-24,AAC Plant 2,2,2250-3,G300 TA HOUSING FWD DC,3,Die Change,60,die cahnge flash thru ms,Die Related,09:00 AM,10:00 AM
12-Mar-24,AAC Plant 2,2,2250-7,A467 Adaptor DC,3,Die Change,40,carry over die change,Die Related,05:15 AM,05:55 AM
13-Mar-24,AAC Plant 2,2,1650-1,"103E Oil Pan, No. 1  DC",3,Clean Up,75,carry over die change,Casting Process/Equipment,05:15 AM,06:30 AM
13-Mar-24,AAC Plant 2,2,2250-3,908K TAH FWD DC,2,Condition Check Die,25,qc req for condition check,Die Related,02:10 AM,02:35 AM
13-Mar-24,AAC Plant 2,2,800-2,G300 CENTER SUPPORT DC,13,Condition Check Machine,28,lamination,Casting Process/Equipment,08:12 PM,08:40 PM
14-Mar-24,AAC Plant 2,1,2250-2,908K TAH AWD DC,1,Condition Check Die,10,cond check per supervisor,Die Related,05:40 AM,05:50 AM
14-Mar-24,AAC Plant 2,1,2250-2,908K TAH AWD DC,1,Condition Check Die,-10,,,,
14-Mar-24,AAC Plant 2,1,800-3,G300 CENTER SUPPORT DC,14,Die Change,120,locator pin die change,Die Related,05:40 AM,07:40 AM
14-Mar-24,AAC Plant 2,2,2250-10,946F Crankcase DC,12,Die Change,355,carry over die change,Die Related,05:15 AM,11:10 AM
14-Mar-24,AAC Plant 2,2,2250-3,908K TAH FWD DC,2,Condition Check Die,20,qc req/cond check die lamination,Die Related,08:20 AM,08:40 AM
14-Mar-24,AAC Plant 2,2,2250-7,914K Transaxle Case,2,Die Change,0,scheduled die change,Die Related,01:25 AM,02:25 AM
14-Mar-24,AAC Plant 2,2,2250-8,G300 TA HOUSING FWD DC,3,Metal Delivery,30,ladle arm return over run,Casting Process/Equipment,03:50 AM,04:10 AM
14-Mar-24,AAC Plant 2,2,800-2,G300 CENTER SUPPORT DC,10,Condition Check Die,29,e-polish per qc,Die Related,12:20 PM,01:07 AM
14-Mar-24,AAC Plant 2,2,800-2,G300 CENTER SUPPORT DC,14,Die Change,192,die change ss fell apart,Die Related,06:30 AM,09:42 PM
15-Mar-24,AAC Plant 2,1,2250-10,946F Crankcase DC,12,Clean Up,10,carry over 4s+d,Casting Process/Equipment,11:15 AM,11:25 AM
15-Mar-24,AAC Plant 2,1,2250-3,908K TAH FWD DC,2,Other (Indirect),60,valve open time over,Casting Process/Equipment,08:50 AM,09:50 AM
15-Mar-24,AAC Plant 2,1,2250-4,984F Crankcase DC,4,Other (Indirect),20,down for auidt walkthrough on 2250-3,Misc.,11:35 AM,11:55 AM
15-Mar-24,AAC Plant 2,1,800-3,G300 CENTER SUPPORT DC,9,Condition Check Die,31,cond check e-polish,Die Related,07:34 AM,08:05 AM
15-Mar-24,AAC Plant 2,2,2250-13,G300 TRANSMISSION CASE DC,11,Clean Up,140,reduce inventory /low on track,Casting Process/Equipment,05:15 AM,07:35 AM
15-Mar-24,AAC Plant 2,2,2250-14,G300 TRANSMISSION CASE DC,8,Condition Check Die,15,cond checj,Die Related,12:35 PM,12:50 AM
15-Mar-24,AAC Plant 2,2,2250-14,G300 TRANSMISSION CASE DC,9,Condition Check Die,40,shrinkage crack c-3,Die Related,05:55 PM,06:35 PM
15-Mar-24,AAC Plant 2,2,2250-14,G300 TRANSMISSION CASE DC,9,Condition Check Die,45,shrinkage crack c-3,Die Related,06:55 PM,07:40 PM
15-Mar-24,AAC Plant 2,2,2250-14,G300 TRANSMISSION CASE DC,9,Condition Check Die,75,shrinkage crack c-3,Die Related,11:00 PM,12:15 AM
15-Mar-24,AAC Plant 2,2,2250-14,G300 TRANSMISSION CASE DC,9,Condition Check Die,45,shrinkage crack c-3,Die Related,09:30 PM,10:15 PM
15-Mar-24,AAC Plant 2,2,2250-14,G300 TRANSMISSION CASE DC,9,Condition Check Die,35,chrinkage crack c-3,Die Related,08:05 PM,08:45 PM
15-Mar-24,AAC Plant 2,2,2250-3,G300 TA HOUSING FWD DC,4,Die Change,45,carry over die change,Die Related,05:15 PM,06:00 PM
15-Mar-24,AAC Plant 2,2,800-2,G300 CENTER SUPPORT DC,10,Condition Check Machine,30,5 ng porosity on ship ahead in barring boss,Casting Process/Equipment,04:00 AM,04:30 AM
15-Mar-24,AAC Plant 2,2,800-3,G300 CENTER SUPPORT DC,9,Condition Check Die,16,cond check,Die Related,08:14 AM,08:30 AM
15-Mar-24,AAC Plant 2,2,800-3,G300 CENTER SUPPORT DC,9,Condition Check Die,85,cond checl,Die Related,08:55 PM,10:20 AM
16-Mar-24,AAC Plant 2,1,800-2,G300 CENTER SUPPORT DC,10,Date Stamp-ID,15,over 4s,Casting Process/Equipment,05:15 AM,05:30 AM
16-Mar-24,AAC Plant 2,1,800-3,G300 CENTER SUPPORT DC,9,Condition Check Die,25,cond check ng fg,Die Related,06:31 AM,06:56 AM
16-Mar-24,AAC Plant 2,2,2250-5,G298 TA HOUSING AWD DC,5,Condition Check Die,15,cond check /cold shot,Die Related,09:50 PM,10:05 PM
16-Mar-24,AAC Plant 2,2,2250-5,G298 TA HOUSING AWD DC,5,Clean Up,135,carry over cracked pin ss,Casting Process/Equipment,05:15 AM,07:30 AM
16-Mar-24,AAC Plant 2,2,800-3,G300 CENTER SUPPORT DC,9,Condition Check Die,13,ng fg,Die Related,07:44 AM,07:57 AM
17-Mar-24,AAC Plant 2,1,2250-5,G298 TA HOUSING AWD DC,5,Condition Check Die,10,cond check,Die Related,06:20 AM,06:20 AM
17-Mar-24,AAC Plant 2,2,2250-5,G298 TA HOUSING AWD DC,4,Condition Check Die,115,cond checl,Die Related,12:15 PM,02:10 AM
17-Mar-24,AAC Plant 2,2,2250-5,G298 TA HOUSING AWD DC,4,Condition Check Die,45,cond check cold shot,Die Related,06:30 AM,07:15 AM
17-Mar-24,AAC Plant 2,2,800-2,G300 CENTER SUPPORT DC,10,Condition Check Machine,20,cond check,Casting Process/Equipment,06:51 AM,07:11 AM
18-Mar-24,AAC Plant 2,1,2250-3,G300 TA HOUSING FWD DC,4,Die Change,0,scheduled die change,Die Related,11:35 AM,01:50 AM
18-Mar-24,AAC Plant 2,1,2250-4,984F Crankcase DC,4,Condition Check Die,35,developer check (ok),Die Related,09:10 AM,09:45 AM
18-Mar-24,AAC Plant 2,1,2250-4,984F Crankcase DC,4,Condition Check Machine,10,pe testing plc system,Casting Process/Equipment,03:05 PM,03:15 PM
18-Mar-24,AAC Plant 2,1,800-1,908K Center Support DC,1,Ladle-ID,5,bisc size below spec @20mm due to probe extend,Casting Process/Equipment,11:15 PM,11:20 PM
18-Mar-24,AAC Plant 2,1,800-3,G300 CENTER SUPPORT DC,9,Condition Check Machine,40,powder build up,Casting Process/Equipment,08:00 AM,08:40 AM
18-Mar-24,AAC Plant 2,2,2250-11,LB01 TM Case DC,2,Condition Check Die,40,cond check,Die Related,06:30 AM,07:10 AM
18-Mar-24,AAC Plant 2,2,2250-14,G300 TRANSMISSION CASE DC,8,Condition Check Die,25,cond check,Die Related,06:45 AM,07:10 AM
18-Mar-24,AAC Plant 2,2,2250-7,A467 Adaptor DC,3,Metal Delivery,20,out of metal,Casting Process/Equipment,10:35 AM,10:55 AM
18-Mar-24,AAC Plant 2,2,800-2,G300 CENTER SUPPORT DC,10,Clean Up,30,carry over no powder,Casting Process/Equipment,06:00 AM,06:30 AM
19-Mar-24,AAC Plant 2,1,2250-10,946F Crankcase DC,12,Clean Up,10,carry over 4s+d,Casting Process/Equipment,10:45 AM,10:55 AM
19-Mar-24,AAC Plant 2,1,2250-2,908K TAH AWD DC,1,Condition Check Die,10,discoloration on core pin,Die Related,05:40 AM,05:50 AM
19-Mar-24,AAC Plant 2,1,2250-7,A467 Adaptor DC,3,Metal Delivery,10,out of metal,Casting Process/Equipment,05:15 AM,05:25 AM
19-Mar-24,AAC Plant 2,1,2250-8,19MY PTO TRANSMISSION CASE DC,4,Die Change,0,scheduled die change,Die Related,03:30 AM,05:00 AM
19-Mar-24,AAC Plant 2,1,2250-8,19MY PTO TRANSMISSION CASE DC,4,Condition Check Die,25,cond check per pe,Die Related,01:50 AM,02:15 AM
19-Mar-24,AAC Plant 2,1,800-2,G300 CENTER SUPPORT DC,10,Condition Check Machine,45,cond check,Casting Process/Equipment,05:30 AM,06:15 AM
19-Mar-24,AAC Plant 2,1,800-3,G300 CENTER SUPPORT DC,9,Die Change,20,die change /carry over,Die Related,01:25 AM,01:45 AM
19-Mar-24,AAC Plant 2,2,1650-1,"103E Oil Pan, No. 1  DC",2,Clean Up,125,carry over die chip on c1 water pipe on c1 broke,Casting Process/Equipment,05:15 AM,07:20 AM
19-Mar-24,AAC Plant 2,2,2250-6,984F Crankcase DC,6,Condition Check Die,15,cond check cold shot,Die Related,08:00 PM,08:15 PM
19-Mar-24,AAC Plant 2,2,2250-8,19MY NONPTO TRANSMISSION CASE DC,1,Die Change,0,sched die change,Die Related,03:00 AM,04:00 AM
19-Mar-24,AAC Plant 2,2,800-2,G300 CENTER SUPPORT DC,10,Condition Check Machine,25,cond check 3 ng,Casting Process/Equipment,04:20 AM,04:45 AM
19-Mar-24,AAC Plant 2,2,800-3,G300 CENTER SUPPORT DC,14,Die Change,110,carry over setting die,Die Related,05:15 AM,07:05 PM
20-Mar-24,AAC Plant 2,1,2250-1,946F Crankcase DC,15,Other (Indirect),10,url fault /dm hit teach pend,Casting Process/Equipment,07:00 AM,07:10 AM
20-Mar-24,AAC Plant 2,1,2250-11,LB01 TM Case DC,2,Condition Check Die,20,ulr fault big bisc,Die Related,08:25 AM,08:45 AM
20-Mar-24,AAC Plant 2,1,2250-3,908K TAH FWD DC,2,Die Change,0,scheduled die change,Die Related,11:30 AM,03:30 PM
20-Mar-24,AAC Plant 2,1,2250-7,"103E Oil Pan, No. 1  DC",3,Die Change,0,sched die change,Die Related,05:15 AM,08:25 AM
21-Mar-24,AAC Plant 2,1,2250-13,"T-324 Case, Transaxle DC",1,Other (Indirect),135,waiting on PE,Casting Process/Equipment,05:30 AM,07:45 AM
21-Mar-24,AAC Plant 2,1,2250-5,G298 TA HOUSING AWD DC,1,Die Change,40,"die change, pull 1 set 6",Die Related,01:00 PM,01:49 PM
21-Mar-24,AAC Plant 2,1,2250-8,19MY NONPTO TRANSMISSION CASE DC,1,Die Change,0,scheduled die change,Die Related,08:45 AM,11:00 AM
21-Mar-24,AAC Plant 2,1,2250-8,19MY NONPTO TRANSMISSION CASE DC,1,Other (Indirect),15,no grinder at catch station,Casting Process/Equipment,05:45 AM,06:00 AM
21-Mar-24,AAC Plant 2,2,2250-1,946F Crankcase DC,15,Metal Delivery,10,ladle fault/out of metal,Casting Process/Equipment,01:45 AM,01:55 AM
21-Mar-24,AAC Plant 2,2,500-3,G903 Stator Wheel DC,9,Condition Check Machine,80,cond check,Casting Process/Equipment,11:30 AM,12:50 AM
21-Mar-24,AAC Plant 2,2,800-3,G300 CENTER SUPPORT DC,14,Condition Check Die,30,cond check,Die Related,06:14 AM,06:44 AM
22-Mar-24,AAC Plant 2,1,2250-14,G300 TRANSMISSION CASE DC,8,N/G Tip or Sleeve Change,80,replace shot sleeve,Die Related,12:40 PM,02:00 AM
22-Mar-24,AAC Plant 2,1,2250-14,G300 TRANSMISSION CASE DC,8,Die Change,30,core swap g300 tac,Die Related,04:00 AM,04:30 AM
22-Mar-24,AAC Plant 2,1,2250-4,984F Crankcase DC,4,Other (Indirect),10,shut down wrong date stamp,Casting Process/Equipment,07:45 AM,07:55 AM
22-Mar-24,AAC Plant 2,1,2250-4,984F Crankcase DC,4,Condition Check Die,10,cond check,Die Related,10:05 AM,10:15 AM
22-Mar-24,AAC Plant 2,1,2250-5,G298 TA HOUSING AWD DC,6,Condition Check Die,15,cond check per qc,Die Related,07:05 AM,07:20 AM
22-Mar-24,AAC Plant 2,1,2250-8,G298 TA HOUSING AWD DC,2,Condition Check Die,45,cond check /discolored parts,Die Related,08:45 AM,09:30 AM
22-Mar-24,AAC Plant 2,1,2250-8,G298 TA HOUSING AWD DC,2,Die Change,0,sched die change,Die Related,11:30 AM,02:15 PM
22-Mar-24,AAC Plant 2,1,800-3,G300 CENTER SUPPORT DC,14,Other (Indirect),25,focus point carryover; had to put s/s back in,Casting Process/Equipment,02:00 PM,02:25 PM
22-Mar-24,AAC Plant 2,2,2250-14,G300 TRANSMISSION CASE DC,10,Die Change,75,finishing die change,Die Related,05:15 PM,06:30 PM
22-Mar-24,AAC Plant 2,2,2250-6,946F Crankcase DC,14,Condition Check Die,30,cond check,Die Related,12:30 PM,01:00 AM
22-Mar-24,AAC Plant 2,2,2250-6,946F Crankcase DC,14,Condition Check Die,45,cond check /cold shot,Die Related,03:15 AM,04:00 AM
22-Mar-24,AAC Plant 2,2,2250-7,"103E Oil Pan, No. 1  DC",3,Die Change,0,scheduled die change,Die Related,03:00 AM,04:00 AM
23-Mar-24,AAC Plant 2,1,2250-14,G300 TRANSMISSION CASE DC,10,Metal Delivery,10,out of metal; ladle arm over ran,Casting Process/Equipment,08:20 AM,08:30 AM
23-Mar-24,AAC Plant 2,2,500-3,G903 Stator Wheel DC,9,Condition Check Die,10,b cav. balance is high,Die Related,02:05 AM,02:15 AM
24-Mar-24,AAC Plant 2,2,2250-14,G300 TRANSMISSION CASE DC,10,Condition Check Die,10,ng bolt boss c-3 @ FG,Die Related,02:30 AM,02:40 AM
25-Mar-24,AAC Plant 2,1,2250-1,946F Crankcase DC,15,Product Change,135,crane in use on 2250-4,Misc.,10:15 AM,12:30 PM
25-Mar-24,AAC Plant 2,1,2250-1,946F Crankcase DC,15,Water/Die Lube Supply,15,lube system lost prime multiple times,Casting Process/Equipment,01:30 PM,01:45 PM
25-Mar-24,AAC Plant 2,1,2250-1,946F Crankcase DC,15,Water/Die Lube Supply,30,lube system lost prime multiple times,Casting Process/Equipment,05:30 AM,06:00 AM
25-Mar-24,AAC Plant 2,1,2250-2,908K TAH AWD DC,2,Water/Die Lube Supply,20,bisc broke,Casting Process/Equipment,10:10 AM,10:30 AM
25-Mar-24,AAC Plant 2,1,2250-2,908K TAH AWD DC,2,Other (Indirect),10,operator hit estop while putting gloves in box,Casting Process/Equipment,01:50 PM,02:00 PM
25-Mar-24,AAC Plant 2,1,2250-4,984F Crankcase DC,4,Die Change,350,water leak on squeeze pin pull 4 set 6 changed shot tip also,Die Related,07:45 AM,01:35 PM
25-Mar-24,AAC Plant 2,1,2250-4,984F Crankcase DC,4,Water/Die Lube Supply,10,machine lube fault,Casting Process/Equipment,05:30 AM,05:40 AM
25-Mar-24,AAC Plant 2,2,2250-2,908K TAH AWD DC,2,Water/Die Lube Supply,15,"main water line came apart, called maint",Casting Process/Equipment,08:30 PM,08:45 PM
25-Mar-24,AAC Plant 2,2,2250-3,908K TAH FWD DC,2,Condition Check Die,15,"condition check die lamination, no leaks adjust spray",Casting Process/Equipment,04:00 AM,04:15 AM
25-Mar-24,AAC Plant 2,2,2250-4,984F Crankcase DC,6,Die Change,210,"water leak, broke pin m/s, pull die wait on dm to do core swap",Die Related,11:45 PM,03:15 AM
25-Mar-24,AAC Plant 2,2,2250-6,946F Crankcase DC,14,Condition Check Die,15,cond check /cold shot,Die Related,06:15 AM,06:30 AM
25-Mar-24,AAC Plant 2,2,2250-6,946F Crankcase DC,14,Condition Check Die,20,cond check,Die Related,10:40 AM,11:00 AM
25-Mar-24,AAC Plant 2,2,500-3,G903 Stator Wheel DC,9,Condition Check Machine,10,"condition check, b cavity balance high, cleaned die face",Die Related,06:40 PM,06:50 PM
26-Mar-24,AAC Plant 2,1,2250-13,G300 TRANSMISSION CASE DC,11,Water/Die Lube Supply,80,water pump pressure low,Casting Process/Equipment,06:00 AM,07:20 AM
26-Mar-24,AAC Plant 2,1,2250-14,G300 TRANSMISSION CASE DC,10,Water/Die Lube Supply,90,water pump pressure low,Casting Process/Equipment,05:50 AM,07:20 AM
26-Mar-24,AAC Plant 2,1,2250-5,G298 TA HOUSING AWD DC,7,Condition Check Die,10,cond check,Die Related,06:45 AM,06:55 AM
26-Mar-24,AAC Plant 2,1,500-3,G903 Stator Wheel DC,9,Condition Check Die,10,a&b cavity sticking,Die Related,09:10 AM,09:20 AM
26-Mar-24,AAC Plant 2,1,500-3,G903 Stator Wheel DC,9,Condition Check Die,60,b-cavity floor height is high,Die Related,06:55 AM,07:55 AM
26-Mar-24,AAC Plant 2,2,2250-3,G300 TA HOUSING FWD DC,4,Die Change,15,carry over die change,Die Related,05:15 PM,05:30 PM
27-Mar-24,AAC Plant 2,1,2250-1,946F Crankcase DC,15,Other (Indirect),10,vac fault /air blow press,Casting Process/Equipment,07:20 AM,07:30 AM
27-Mar-24,AAC Plant 2,1,2250-1,946F Crankcase DC,15,Condition Check Machine,65,shut down / PE check spray for lamination,Casting Process/Equipment,08:10 AM,09:15 AM
27-Mar-24,AAC Plant 2,1,2250-1,946F Crankcase DC,15,Other (Indirect),15,carry over/ die change,Casting Process/Equipment,11:30 AM,11:45 AM
27-Mar-24,AAC Plant 2,1,2250-2,908K TAH AWD DC,2,Other (Indirect),15,carry over doing die change,Casting Process/Equipment,11:30 AM,11:45 AM
27-Mar-24,AAC Plant 2,1,2250-3,G300 TA HOUSING FWD DC,4,Other (Indirect),50,core set stuck in hb,Casting Process/Equipment,12:35 PM,01:25 AM
27-Mar-24,AAC Plant 2,1,2250-5,G298 TA HOUSING AWD DC,7,Condition Check Die,10,cond check,Die Related,08:30 AM,08:40 AM
27-Mar-24,AAC Plant 2,2,2250-1,946F Crankcase DC,15,Metal Delivery,10,ladle fault/ out of metal,Casting Process/Equipment,02:00 AM,02:10 AM
27-Mar-24,AAC Plant 2,2,2250-3,G300 TA HOUSING FWD DC,2,Die Change,180,carry over die change,Die Related,05:15 AM,08:15 AM
27-Mar-24,AAC Plant 2,2,2250-8,G298 TA HOUSING AWD DC,2,Metal Delivery,30,metal delivery/ out of metal,Casting Process/Equipment,11:30 AM,12:00 PM
28-Mar-24,AAC Plant 2,1,2250-11,LB01 TM Case DC,1,Condition Check Die,10,ulr fault /big bisc,Die Related,05:25 AM,05:35 AM
28-Mar-24,AAC Plant 2,1,2250-6,984F Crankcase DC,5,Die Change,250,water leak on ms ss,Die Related,11:30 AM,03:40 PM
28-Mar-24,AAC Plant 2,1,2250-8,G298 TA HOUSING AWD DC,1,Die Change,0,sched die changhe,Die Related,10:15 AM,01:10 AM
28-Mar-24,AAC Plant 2,2,2250-10,946F Crankcase DC,14,Die Change,0,sched die change,Die Related,05:15 AM,09:00 AM
28-Mar-24,AAC Plant 2,2,2250-3,G300 TA HOUSING FWD DC,2,Die Change,90,die change,Die Related,09:40 AM,11:10 AM
28-Mar-24,AAC Plant 2,2,800-1,908K Center Support DC,3,Clean Up,165,waiting on die carrty over,Casting Process/Equipment,05:15 AM,08:00 AM
29-Mar-24,AAC Plant 2,1,2250-14,G300 TRANSMISSION CASE DC,6,Die Change,90,investigating insert on s/s misshaped,Die Related,07:10 AM,08:40 AM
29-Mar-24,AAC Plant 2,2,500-3,G903 Stator Wheel DC,6,Condition Check Die,10,n/g floor height a-cavity,Die Related,07:35 PM,07:45 PM
30-Mar-24,AAC Plant 2,1,800-1,908K Center Support DC,3,N/G Tip or Sleeve Change,188,"tip stuck in sleeve, changed tip and sleeve",Shot Systems,11:35 AM,02:43 PM
1-Apr-24,AAC Plant 2,1,2250-1,946F Crankcase DC,15,Condition Check Die,20,lamination,Die Related,08:45 AM,09:05 AM
1-Apr-24,AAC Plant 2,1,2250-1,946F Crankcase DC,15,Condition Check Die,-20,,,,
1-Apr-24,AAC Plant 2,1,2250-1,946F Crankcase DC,15,Condition Check Die,20,lamination,,08:45 AM,09:05 AM
1-Apr-24,AAC Plant 2,1,2250-10,946F Crankcase DC,14,Clean Up,10,carry over 4s+d,Casting Process/Equipment,11:15 AM,11:25 AM
1-Apr-24,AAC Plant 2,1,2250-10,946F Crankcase DC,14,Clean Up,-10,,,,
1-Apr-24,AAC Plant 2,1,2250-10,946F Crankcase DC,14,Clean Up,10,carry over 4s+d,,11:15 AM,11:25 AM
1-Apr-24,AAC Plant 2,1,800-1,908K Center Support DC,3,Date Stamp-ID,470,carry over replac bushing sleeve and shot sleeve,,05:00 AM,12:50 PM
1-Apr-24,AAC Plant 2,1,800-2,G300 CENTER SUPPORT DC,12,Date Stamp-ID,160,stop call wait for p.e.,,05:00 AM,07:40 AM
1-Apr-24,AAC Plant 2,2,1650-1,"103E Oil Pan, No. 1  DC",1,Condition Check Die,10,cond check /lamination,,09:50 AM,10:00 AM
1-Apr-24,AAC Plant 2,2,2250-1,946F Crankcase DC,15,Metal Delivery,70,metal temp fault/cold metal pour,Casting Process/Equipment,11:30 PM,12:40 AM
1-Apr-24,AAC Plant 2,2,2250-13,G300 TRANSMISSION CASE DC,11,Clean Up,75,carry over /die chip ss,Casting Process/Equipment,05:15 PM,06:30 PM
1-Apr-24,AAC Plant 2,2,2250-13,G300 TRANSMISSION CASE DC,11,Clean Up,-75,,,,
1-Apr-24,AAC Plant 2,2,2250-13,G300 TRANSMISSION CASE DC,11,Clean Up,75,carry over die chip ss,,05:15 AM,06:30 AM
1-Apr-24,AAC Plant 2,2,2250-14,G300 TRANSMISSION CASE DC,7,Clean Up,70,carry over parts left in process flow /deburr 2 clamp 2 ls fault,Casting Process/Equipment,05:15 PM,06:25 AM
1-Apr-24,AAC Plant 2,2,2250-14,G300 TRANSMISSION CASE DC,7,Clean Up,-70,,,,
1-Apr-24,AAC Plant 2,2,2250-14,G300 TRANSMISSION CASE DC,7,Clean Up,70,carry over parts left in process flow,,05:15 PM,06:25 AM
1-Apr-24,AAC Plant 2,2,2250-14,G300 TRANSMISSION CASE DC,7,Clean Up,70,carry over parts left on process flow,,05:15 AM,06:25 AM
1-Apr-24,AAC Plant 2,2,2250-14,G300 TRANSMISSION CASE DC,7,Clean Up,-70,,,,
1-Apr-24,AAC Plant 2,2,2250-9,984F Crankcase DC,6,Metal Delivery,15,ladle over run fault/ out of metal,,04:30 AM,04:45 AM
2-Apr-24,AAC Plant 2,1,1650-1,"103E Oil Pan, No. 1  DC",1,Other (Indirect),525,Crane not working,,06:15 AM,03:00 PM
2-Apr-24,AAC Plant 2,1,1650-1,"103E Oil Pan, No. 1  DC",1,Condition Check Die,25,"Condition check, lamination in finishing, checked for leaks, checked water flow, checked spray, found cracked c1, called",,05:50 AM,06:15 AM
2-Apr-24,AAC Plant 2,1,2250-1,946F Crankcase DC,15,Other (Indirect),30,"Carryover, operator tied up on 2250-2",,11:30 AM,12:00 PM
2-Apr-24,AAC Plant 2,1,2250-13,G300 TRANSMISSION CASE DC,9,Clean Up,20,"Hydralic fluid, robot cage, cleaned hydrolic fluid before start up",,05:15 PM,05:35 PM
2-Apr-24,AAC Plant 2,1,2250-13,G300 TRANSMISSION CASE DC,9,Clean Up,-20,,,,
2-Apr-24,AAC Plant 2,1,2250-8,G300 TA HOUSING FWD DC,4,Die Change,130,die change /core swap,Die Related,11:30 AM,01:40 AM
2-Apr-24,AAC Plant 2,1,2250-9,984F Crankcase DC,6,Metal Delivery,10,"waiting on melt to refill, furnace too low to start",,05:15 AM,05:25 AM
2-Apr-24,AAC Plant 2,1,500-3,G903 Stator Wheel DC,6,Metal Delivery,25,"Cold Metal, 649, Covered Furnace",,02:00 PM,02:25 PM
2-Apr-24,AAC Plant 2,2,2250-13,G300 TRANSMISSION CASE DC,9,Clean Up,20,hydralic fluid robot cage,Casting Process/Equipment,05:15 PM,05:35 PM
2-Apr-24,AAC Plant 2,2,2250-9,984F Crankcase DC,6,Condition Check Die,95,"Condition check die, cold shot on part, called DM pull 984cc#6-set 984CC#7, checked for leak, die lube, pulled to see",,06:20 PM,07:55 PM
2-Apr-24,AAC Plant 2,2,500-3,G903 Stator Wheel DC,6,Condition Check Die,45,"Chunk out, B cavity, called DM, 7:05-7:20 removed undercut from A cavity",,06:40 PM,07:25 PM
3-Apr-24,AAC Plant 2,1,1650-1,"103E Oil Pan, No. 1  DC",3,Die Change,120,"pull die 1 again because it broke yesterday (4/2/24) set die 3, cracked c1 pin",,05:15 AM,07:15 AM
3-Apr-24,AAC Plant 2,1,2250-3,908K TAH FWD DC,2,Condition Check Die,35,cond check separated die to check water flow,,04:10 PM,04:45 PM
3-Apr-24,AAC Plant 2,1,2250-7,A467 Extension Housing DC,1,N/G Tip or Sleeve Change,45,"shot rod coupler loose, called maint",,08:15 AM,09:00 AM
3-Apr-24,AAC Plant 2,1,2250-9,984F Crankcase DC,7,Die Change,285,waiting on back up from dm,,12:00 PM,04:45 PM
3-Apr-24,AAC Plant 2,1,2250-9,984F Crankcase DC,7,Condition Check Die,30,"condition check, cold shut on part, air purge m/s and s/s possible squeeze pin leaking",,08:30 AM,09:00 AM
3-Apr-24,AAC Plant 2,1,2250-9,984F Crankcase DC,7,Condition Check Die,20,"condition check, cold shut on parts, no leaks, adjusting water and spray",,05:45 AM,06:05 AM
3-Apr-24,AAC Plant 2,1,800-1,908K Center Support DC,3,Water/Die Lube Supply,20,"cycle stop, powder leak on s/s powder line, replaced ng fitting",,12:50 PM,01:10 PM
3-Apr-24,AAC Plant 2,1,800-1,908K Center Support DC,3,Clean Up,15,schedule cleaning overrun,,11:00 AM,11:15 AM
3-Apr-24,AAC Plant 2,1,800-2,G300 CENTER SUPPORT DC,23,Condition Check Machine,7,"cycle over, me working on cycle time",,12:19 PM,12:26 PM
3-Apr-24,AAC Plant 2,1,9024,914K Transaxle Case,1,Clean Up,-70,,,,
3-Apr-24,AAC Plant 2,1,9024,914K Transaxle Case,1,Condition Check Die,-30,,,,
3-Apr-24,AAC Plant 2,1,9024,914K Transaxle Case,3,Clean Up,-20,,,,
3-Apr-24,AAC Plant 2,1,9024,914K Transaxle Case,3,Water/Die Lube Supply,-30,,,,
3-Apr-24,AAC Plant 2,1,9025,914K Transaxle Case,3,Water/Die Lube Supply,30,water flow to bush the flow go to the bush was reading out of spec,Casting Process/Equipment,08:10 AM,08:40 AM
3-Apr-24,AAC Plant 2,1,9025,914K Transaxle Case,3,Clean Up,20,broke side core pin,Casting Process/Equipment,03:40 PM,04:00 PM
3-Apr-24,AAC Plant 2,1,9025,914K Transaxle Case,3,Clean Up,-20,,,,
3-Apr-24,AAC Plant 2,1,9025,914K Transaxle Case,3,Water/Die Lube Supply,-30,,,,
3-Apr-24,AAC Plant 2,2,1650-1,"103E Oil Pan, No. 1  DC",3,Condition Check Die,25,"condition check, discoloration, developer check good no leak, clean die face",,09:45 PM,10:10 PM
3-Apr-24,AAC Plant 2,2,2250-1,946F Crankcase DC,15,Condition Check Die,30,"condition check cold shut on c4, developer check die no leaks adju spray and air purge both sides",,12:30 PM,01:30 PM
3-Apr-24,AAC Plant 2,2,2250-12,LB01 TM Case DC,2,Condition Check Die,20,"condition check, cold shut C1, developer check no leak, found broke locator pin while doing developer check",,09:10 PM,09:30 PM
3-Apr-24,AAC Plant 2,2,2250-12,LB01 TM Case DC,2,Die Change,75,die change pull 2 set 1. broke locator m/s,,09:30 PM,10:45 PM
3-Apr-24,AAC Plant 2,2,2250-13,G300 TRANSMISSION CASE DC,9,Other (Indirect),40,"loc on dcm, maint left lock on dcm",,06:10 PM,06:50 PM
3-Apr-24,AAC Plant 2,2,2250-13,G300 TRANSMISSION CASE DC,9,Die Change,185,"high low spots, c4, called dm cracked sprue core pull die 9 set die 6",,09:30 PM,12:35 AM
3-Apr-24,AAC Plant 2,2,800-2,908K Center Support DC,1,Condition Check Machine,10,"cycle stop, maint checking EF/ER with PE, due to cycle time being high",,08:11 PM,08:21 PM
4-Apr-24,AAC Plant 2,1,1650-1,"103E Oil Pan, No. 1  DC",3,Date Stamp-ID,10,Starting up 2250-12,,05:15 AM,05:25 AM
4-Apr-24,AAC Plant 2,1,2250-1,946F Crankcase DC,15,Other (Indirect),10,"Vac fault, air blow pressure, building air fluctuating",,05:35 AM,05:45 AM
4-Apr-24,AAC Plant 2,1,2250-12,LB01 TM Case DC,1,Date Stamp-ID,10,"Over start, doing preshift polish on 1650-1",,05:15 AM,05:25 AM
4-Apr-24,AAC Plant 2,1,2250-14,G300 TRANSMISSION CASE DC,7,Clean Up,10,Clean shot area before start up,,09:20 AM,09:30 AM
4-Apr-24,AAC Plant 2,1,2250-2,908K TAH AWD DC,3,Other (Indirect),15,No manpower,,05:15 AM,05:30 AM
4-Apr-24,AAC Plant 2,1,2250-3,908K TAH FWD DC,2,Other (Indirect),60,Parts NG for Lamination stop call wait for PE,,08:30 AM,09:30 AM
4-Apr-24,AAC Plant 2,1,2250-3,908K TAH FWD DC,2,N/G Tip or Sleeve Change,70,Set SS Seperated core checked water flow of holding block,,12:30 PM,01:40 PM
4-Apr-24,AAC Plant 2,1,2250-7,A467 Transmission Housing DC,4,Product Change,30,Carry over die change,,05:15 AM,05:45 AM
4-Apr-24,AAC Plant 2,1,2250-8,19MY PTO TRANSMISSION CASE DC,4,Clean Up,10,extra 4S+D,,11:30 AM,11:40 AM
4-Apr-24,AAC Plant 2,1,2250-8,19MY PTO TRANSMISSION CASE DC,4,Product Change,30,Carry over on 2250-7,,05:15 AM,05:45 AM
4-Apr-24,AAC Plant 2,1,2250-9,984F Crankcase DC,5,Condition Check Die,15,"Die condition check, checking for water leaks",,04:00 PM,04:15 PM
4-Apr-24,AAC Plant 2,1,800-2,908K Center Support DC,1,Condition Check Die,25,"Condition check, chunk out in flow window, found pin clogged blew out powder pins confirmed powder coverage confirmed wa",,07:00 AM,07:25 AM
4-Apr-24,AAC Plant 2,2,2250-1,946F Crankcase DC,15,Other (Indirect),45,"Shut down, maint & others working on elec",,01:10 PM,01:55 PM
4-Apr-24,AAC Plant 2,2,2250-2,908K TAH AWD DC,3,Other (Indirect),45,"Shut down, maint & others working on elec",,01:15 PM,02:00 PM
4-Apr-24,AAC Plant 2,2,2250-4,984F Crankcase DC,6,Other (Indirect),45,"Shut DCM down, main working on elc",,01:10 AM,01:55 AM
4-Apr-24,AAC Plant 2,2,2250-4,984F Crankcase DC,6,Die Change,105,"carry over die change, finished hooking die up had to go to plant 1 to get hyd fitting replace squeeze pin fitting",,05:15 PM,07:00 PM
5-Apr-24,AAC Plant 2,1,2250-7,A467 Transmission Housing DC,4,Die Change,0,scheduled die change,Die Related,10:45 AM,03:45 AM
5-Apr-24,AAC Plant 2,1,2250-9,984F Crankcase DC,5,N/G Tip or Sleeve Change,10,shot return over;,Die Related,06:20 AM,06:30 AM
5-Apr-24,AAC Plant 2,1,2250-9,984F Crankcase DC,5,N/G Tip or Sleeve Change,120,shot return over; change tip and shot rod,Die Related,06:40 AM,08:40 AM
5-Apr-24,AAC Plant 2,1,2250-9,984F Crankcase DC,5,N/G Tip or Sleeve Change,15,shot return over; prime tip lube,Die Related,06:00 AM,06:15 AM
5-Apr-24,AAC Plant 2,1,800-2,908K Center Support DC,1,Condition Check Machine,40,9 out of 24 ng on shipahead,,06:20 AM,07:00 AM
5-Apr-24,AAC Plant 2,2,2250-12,LB01 TM Case DC,1,Condition Check Die,10,cond check /cold shut  c1,,06:55 AM,07:05 AM
5-Apr-24,AAC Plant 2,2,500-3,G903 Stator Wheel DC,6,N/G Tip or Sleeve Change,65,shot rod change,,07:30 PM,08:35 PM
5-Apr-24,AAC Plant 2,2,800-1,908K Center Support DC,3,Die Change,60,die change/ galling,,11:55 AM,12:55 PM
5-Apr-24,AAC Plant 2,2,800-2,G300 CENTER SUPPORT DC,13,Die Change,0,sched die change,,05:15 PM,08:02 PM
6-Apr-24,AAC Plant 2,1,2250-2,908K TAH AWD DC,3,Die Change,105,"broke pin m/s main core, pull die 3 set die 1",,07:05 AM,08:50 AM
6-Apr-24,AAC Plant 2,1,2250-5,G298 TA HOUSING AWD DC,4,Condition Check Die,20,"condition check, discolor on part, pull vacuum on die, air blow behind m/s holding block",,07:25 AM,07:45 AM
6-Apr-24,AAC Plant 2,1,2250-8,G300 TRANSMISSION CASE DC,4,Die Change,285,carry over waiting on die,,05:00 AM,09:25 AM
6-Apr-24,AAC Plant 2,1,2250-8,G300 TRANSMISSION CASE DC,4,Die Change,-285,,,,
6-Apr-24,AAC Plant 2,1,800-2,G300 CENTER SUPPORT DC,13,Die Change,70,die change flash between A & B,,03:20 PM,04:30 PM
6-Apr-24,AAC Plant 2,2,2250-14,G300 TRANSMISSION CASE DC,11,Condition Check Die,15,cond check cold shut,,12:15 AM,12:30 AM
6-Apr-24,AAC Plant 2,2,2250-2,908K TAH AWD DC,1,Condition Check Die,15,shut down for condition discolor on ss found spray high and die ditch stopped up,,07:45 PM,08:00 PM
6-Apr-24,AAC Plant 2,2,800-2,G300 CENTER SUPPORT DC,12,Die Change,10,finish hook up ss,,05:15 AM,05:25 AM
7-Apr-24,AAC Plant 2,1,2250-14,G300 TRANSMISSION CASE DC,11,N/G Tip or Sleeve Change,330,changing shot rod and tip,,07:20 AM,12:50 PM
7-Apr-24,AAC Plant 2,2,1650-1,"103E Oil Pan, No. 1  DC",3,Water/Die Lube Supply,10,"ulr fault, brok bisc, tip lost prime, primed tip lube, clean shot end/clean out",,06:00 PM,06:10 PM
7-Apr-24,AAC Plant 2,2,1650-1,"103E Oil Pan, No. 1  DC",3,Water/Die Lube Supply,10,"ulr fault, broke bisc, tip lost prime, prime tip/ clean out",,07:10 PM,07:20 PM
7-Apr-24,AAC Plant 2,2,2250-14,G300 TRANSMISSION CASE DC,11,Condition Check Die,15,"condition check, cold shut, cleaned die face developer check - good",,07:45 PM,08:00 PM
7-Apr-24,AAC Plant 2,2,2250-5,G298 TA HOUSING AWD DC,4,Die Change,85,"die chip on main core m/s, call dm pull die 4 set die 1",,01:55 AM,03:25 AM
8-Apr-24,AAC Plant 2,1,1650-1,"103E Oil Pan, No. 1  DC",3,Die Change,60,"pull die 3 set die 2, broke ejector pin",,06:40 AM,07:40 AM
8-Apr-24,AAC Plant 2,1,2250-1,946F Crankcase DC,15,Condition Check Machine,10,"conditon check, dark spot, no leaks, turn tip lue down",,01:25 PM,01:35 PM
8-Apr-24,AAC Plant 2,1,2250-4,984F Crankcase DC,6,Condition Check Die,35,condition check,,09:05 AM,09:40 AM
8-Apr-24,AAC Plant 2,1,2250-4,984F Crankcase DC,6,Condition Check Die,25,"condition check per qc, no leaks, blew out holding block",,07:35 AM,08:00 AM
8-Apr-24,AAC Plant 2,1,2250-4,984F Crankcase DC,6,Die Change,120,"condition check, pull die 6 et die 7",,02:45 PM,04:45 PM
8-Apr-24,AAC Plant 2,1,2250-5,G298 TA HOUSING AWD DC,1,Die Change,60,"water leak s/s, pull die 1 set die 2",,11:30 AM,12:30 PM
8-Apr-24,AAC Plant 2,1,2250-7,"103E Oil Pan, No. 1  DC",1,Condition Check Die,30,"condition check, perosity",,04:30 PM,05:00 PM
8-Apr-24,AAC Plant 2,1,2250-9,984F Crankcase DC,5,N/G Tip or Sleeve Change,20,"shot return time over, check tip lube, tip loose tighten",,06:20 AM,06:40 AM
8-Apr-24,AAC Plant 2,1,2250-9,984F Crankcase DC,5,N/G Tip or Sleeve Change,70,"shot return time over, pulling metal back when returning, change sleeve/tip/ sleeve 20568 tip 829, had to wait on crane",,07:05 AM,08:15 AM
8-Apr-24,AAC Plant 2,1,800-1,908K Center Support DC,3,Die Change,110,"carry over, water leak between A&B, called dm pull 1 set 3",,05:00 AM,06:50 AM
8-Apr-24,AAC Plant 2,2,2250-11,LB01 TM Case DC,4,Condition Check Die,15,shrinkage crack c-1,,01:45 AM,02:00 AM
8-Apr-24,AAC Plant 2,2,2250-11,LB01 TM Case DC,4,Condition Check Die,15,c-1 shrinkage crack,,12:05 AM,12:20 AM
8-Apr-24,AAC Plant 2,2,2250-13,G300 TRANSMISSION CASE DC,10,Condition Check Die,65,cold shut,,03:35 AM,04:30 AM
8-Apr-24,AAC Plant 2,2,2250-4,984F Crankcase DC,7,Clean Up,45,carry over die change,,05:15 PM,06:00 PM
8-Apr-24,AAC Plant 2,2,2250-7,A467 Transmission Housing DC,4,Condition Check Die,10,cold shot on parts,,12:45 AM,12:55 AM
8-Apr-24,AAC Plant 2,2,500-3,G903 Stator Wheel DC,6,Condition Check Die,30,floor height b-cavity high,,02:00 AM,02:30 AM
8-Apr-24,AAC Plant 2,2,500-3,G903 Stator Wheel DC,6,Condition Check Die,30,floor height b cavity,,05:30 PM,06:00 PM
8-Apr-24,AAC Plant 2,2,800-3,G300 CENTER SUPPORT DC,14,Die Change,62,broke ejector pin,,08:18 PM,09:20 PM
9-Apr-24,AAC Plant 2,1,2250-11,LB01 TM Case DC,4,Die Change,75,pull 4 set 2,,08:30 AM,09:45 AM
9-Apr-24,AAC Plant 2,1,2250-11,LB01 TM Case DC,4,Condition Check Die,35,"condition check, C1 shrinkage cold metal, ng water c1",,07:55 AM,08:30 AM
9-Apr-24,AAC Plant 2,1,2250-13,G300 TRANSMISSION CASE DC,10,Die Change,170,"waiting on die, set die 10",,05:00 AM,07:50 AM
9-Apr-24,AAC Plant 2,1,2250-14,G300 TRANSMISSION CASE DC,11,Condition Check Die,15,"condition check, ok no leaks",,11:30 AM,11:45 AM
9-Apr-24,AAC Plant 2,1,2250-5,G298 TA HOUSING AWD DC,2,Condition Check Die,20,"condition check per QC, no leaks, air blow behind m/s holding block",,09:10 AM,09:30 AM
9-Apr-24,AAC Plant 2,1,2250-8,19MY PTO TRANSMISSION CASE DC,4,Condition Check Die,20,"condition check, pin looks broke, called dm",,07:10 AM,07:30 AM
9-Apr-24,AAC Plant 2,1,2250-8,19MY PTO TRANSMISSION CASE DC,4,Die Change,120,broke pin C2 pull PTO set Non PTO,,07:30 AM,09:30 AM
9-Apr-24,AAC Plant 2,1,2250-8,19MY NONPTO TRANSMISSION CASE DC,1,Date Stamp-ID,15,wrong date stamp,,10:00 AM,10:15 AM
9-Apr-24,AAC Plant 2,1,800-1,908K Center Support DC,3,Condition Check Die,55,"condition check, holes and blisters on bearing boss, found vac presser low and vac valve ng called maint found ng",,07:00 AM,07:55 AM
9-Apr-24,AAC Plant 2,2,2250-12,LB01 TM Case DC,1,Condition Check Die,55,shut down to let qc check if die chip repair was good or not,,03:25 AM,04:20 AM
10-Apr-24,AAC Plant 2,1,1650-1,"103E Oil Pan, No. 1  DC",1,N/G Tip or Sleeve Change,25,"extractor fault, tip loosened and got build up between joing caused broke bisc, cleared build up tighten tip",,09:45 AM,10:10 AM
10-Apr-24,AAC Plant 2,1,1650-1,"103E Oil Pan, No. 1  DC",1,Die Change,30,pull die 1 set die 3,,04:15 PM,04:45 PM
10-Apr-24,AAC Plant 2,1,2250-12,LB01 TM Case DC,1,Water/Die Lube Supply,30,"bisc broke ng tip lube, primed tip lube",,12:45 PM,01:15 PM
10-Apr-24,AAC Plant 2,1,2250-12,LB01 TM Case DC,1,Water/Die Lube Supply,-30,,,,
10-Apr-24,AAC Plant 2,1,2250-13,G300 TRANSMISSION CASE DC,10,Metal Delivery,10,"Ladle arm return over run, out of metal",,07:55 AM,08:05 AM
10-Apr-24,AAC Plant 2,1,2250-3,G300 TA HOUSING FWD DC,2,Clean Up,25,carry over,Casting Process/Equipment,11:35 AM,12:00 PM
10-Apr-24,AAC Plant 2,1,2250-3,G300 TA HOUSING FWD DC,2,Clean Up,-25,,,,
10-Apr-24,AAC Plant 2,1,2250-4,984F Crankcase DC,4,Other (Indirect),10,metal temp low,Casting Process/Equipment,11:40 AM,11:50 AM
10-Apr-24,AAC Plant 2,1,2250-4,984F Crankcase DC,4,Other (Indirect),-10,,,,
10-Apr-24,AAC Plant 2,1,2250-4,984F Crankcase DC,7,Condition Check Die,10,"conditon check, discoloration, no leaks, supervisor also inspected",,06:25 AM,06:35 AM
10-Apr-24,AAC Plant 2,1,2250-8,19MY PTO TRANSMISSION CASE DC,1,Clean Up,10,over 4sd,Casting Process/Equipment,11:30 AM,11:40 AM
10-Apr-24,AAC Plant 2,1,2250-8,19MY PTO TRANSMISSION CASE DC,1,Water/Die Lube Supply,25,tip lube air line fitting broke,Casting Process/Equipment,07:05 AM,07:30 AM
10-Apr-24,AAC Plant 2,2,1650-1,"103E Oil Pan, No. 1  DC",3,Clean Up,65,"Carry over, die change, setting 103EOP#3 waiting on die from DM",,05:45 PM,06:50 PM
10-Apr-24,AAC Plant 2,2,2250-1,946F Crankcase DC,16,Die Change,285,"Carry over, found broke power cool pin on C-1, pulled die #17 waiting on die # 16 to be reading",,05:50 PM,10:35 PM
10-Apr-24,AAC Plant 2,2,2250-10,946F Crankcase DC,14,Clean Up,40,Safety Meeting plant 1,,05:15 PM,05:55 PM
10-Apr-24,AAC Plant 2,2,2250-11,LB01 TM Case DC,2,Condition Check Die,40,"Cond check, discoloration MS spline rear side, developer checked no leaks, cleaned die and die drains",,10:30 PM,11:10 PM
10-Apr-24,AAC Plant 2,2,2250-12,LB01 TM Case DC,4,Condition Check Die,20,"Cond check, shrinkage cracks and heavy galling c-1/c-2, developer check (good)/check water",,11:00 PM,11:20 PM
10-Apr-24,AAC Plant 2,2,2250-14,G300 TRANSMISSION CASE DC,11,Condition Check Die,115,"Condition check, cold shut, found water leak c-4 called DM pulled die #11 set Die #9 waiting on die",,06:35 PM,08:30 PM
10-Apr-24,AAC Plant 2,2,2250-2,908K TAH AWD DC,1,N/G Tip or Sleeve Change,10,bisc getting stuck found n/g shot tip,Casting Process/Equipment,04:30 AM,04:40 AM
10-Apr-24,AAC Plant 2,2,2250-3,908K TAH FWD DC,1,Other (Indirect),35,Communication meeting,,05:15 PM,05:50 PM
10-Apr-24,AAC Plant 2,2,500-3,G903 Stator Wheel DC,9,Water/Die Lube Supply,25,"Water leak, sitch line stop up clean ditch line, removed drain screen and cleaned",,02:30 AM,02:55 AM
11-Apr-24,AAC Plant 2,1,2250-7,914K Transaxle Case,2,Water/Die Lube Supply,-5,,,,
11-Apr-24,AAC Plant 2,1,2250-7,914K Transaxle Case,2,Die Change,-400,,,,
11-Apr-24,AAC Plant 2,1,2250-8,19MY NONPTO TRANSMISSION CASE DC,1,Date Stamp-ID,10,start up,Casting Process/Equipment,05:30 AM,05:40 AM
11-Apr-24,AAC Plant 2,1,800-1,908K Center Support DC,3,Date Stamp-ID,15,start up,Casting Process/Equipment,05:15 AM,05:30 AM
11-Apr-24,AAC Plant 2,1,2250-7,914K Transaxle Case,2,Die Change,400,pull 914 set A467 Adpt,,10:00 AM,05:00 AM
11-Apr-24,AAC Plant 2,1,2250-7,914K Transaxle Case,2,Water/Die Lube Supply,5,"mach lube fault, lube full restart",,05:35 AM,05:40 AM
11-Apr-24,AAC Plant 2,2,2250-9,946F Crankcase DC,11,Die Change,300,Carry over form 1st Die Change Pulled 946cc - set 946cc#11,,05:15 PM,10:15 PM
11-Apr-24,AAC Plant 2,2,2250-9,946F Crankcase DC,11,Condition Check Die,25,Condition check N/G ship ahead do to lamination 5/5 Checked die checked water used air purge blew out behind core check,,02:45 AM,03:10 AM
11-Apr-24,AAC Plant 2,2,500-3,G903 Stator Wheel DC,8,Condition Check Die,10,"Condition check, parts sticking inside cage, cleaned die adj spray",,10:35 PM,10:45 PM
11-Apr-24,AAC Plant 2,1,1650-1,"103E Oil Pan, No. 1  DC",3,N/G Tip or Sleeve Change,180,change shot rod and tip per supervisor,,11:20 AM,02:20 PM
11-Apr-24,AAC Plant 2,1,1650-1,"103E Oil Pan, No. 1  DC",3,N/G Tip or Sleeve Change,10,"tip loose, and got build up between joing, notifiec superisor of recurring issue",,09:50 AM,10:00 AM
12-Apr-24,AAC Plant 2,1,2250-10,946F Crankcase DC,14,Clean Up,10,carry over 4s+d,,11:30 AM,11:40 AM
12-Apr-24,AAC Plant 2,1,2250-13,G300 TRANSMISSION CASE DC,10,Clean Up,10,clean shot area,,05:00 AM,05:10 AM
12-Apr-24,AAC Plant 2,1,2250-14,G300 TRANSMISSION CASE DC,9,Clean Up,10,clean shot area,,05:00 AM,05:10 AM
12-Apr-24,AAC Plant 2,1,2250-5,G298 TA HOUSING AWD DC,7,N/G Tip or Sleeve Change,210,tip broke sleeve ng,,05:00 AM,08:30 AM
12-Apr-24,AAC Plant 2,2,1650-1,"103E Oil Pan, No. 1  DC",3,Water/Die Lube Supply,10,"spray robot, lube pumping device, check pump restart",,11:20 PM,11:30 PM
12-Apr-24,AAC Plant 2,2,2250-9,946F Crankcase DC,11,Die Change,255,"die change, water leak crack in m/s main core, pull die 11 set die 9",,06:40 PM,10:55 PM
13-Apr-24,AAC Plant 2,1,2250-5,G298 TA HOUSING AWD DC,7,Clean Up,10,carry over 4s+d; dm fixing broke bolt on c-1,Die Related,11:30 AM,11:40 AM
13-Apr-24,AAC Plant 2,1,2250-5,G298 TA HOUSING AWD DC,7,Clean Up,10,dm fixing broke bolt on C1,Die Related,11:30 AM,11:40 AM
13-Apr-24,AAC Plant 2,1,2250-5,G298 TA HOUSING AWD DC,7,Clean Up,-10,,,,
13-Apr-24,AAC Plant 2,2,2250-14,G300 TRANSMISSION CASE DC,9,Metal Delivery,30,low metal,,04:00 AM,04:30 AM
13-Apr-24,AAC Plant 2,2,2250-5,G298 TA HOUSING AWD DC,7,Condition Check Die,15,"condition check, shot sleeve, cold shut s/s, good adjusted s/s spray, blew out s/s and m/ss",,10:55 PM,11:10 PM
14-Apr-24,AAC Plant 2,2,2250-13,G300 TRANSMISSION CASE DC,10,Metal Delivery,15,"ladle arm return over run, metal low",,10:00 PM,10:15 PM
14-Apr-24,AAC Plant 2,2,2250-13,G300 TRANSMISSION CASE DC,10,Metal Delivery,10,"ladle arm return over run, metal low, melt pouring now",,07:10 PM,07:20 PM
15-Apr-24,AAC Plant 2,1,2250-10,946F Crankcase DC,14,Clean Up,15,refilling tip lube on 2250-9 and 2250-10,Casting Process/Equipment,11:30 AM,11:45 AM
15-Apr-24,AAC Plant 2,1,2250-12,LB01 TM Case DC,4,Die Change,70,setting lb01 tmc 3,Die Related,10:10 AM,11:20 AM
15-Apr-24,AAC Plant 2,1,2250-3,G300 TA HOUSING FWD DC,2,Clean Up,25,carryover 4s+d,Die Related,11:35 AM,12:00 PM
15-Apr-24,AAC Plant 2,1,2250-9,946F Crankcase DC,9,Metal Delivery,10,out of metal,Casting Process/Equipment,08:50 AM,09:00 AM
15-Apr-24,AAC Plant 2,1,500-3,G903 Stator Wheel DC,8,Condition Check Die,41,indention on a0cavity die change,Die Related,12:39 PM,01:20 PM
15-Apr-24,AAC Plant 2,2,2250-13,G300 TRANSMISSION CASE DC,10,Clean Up,10,carry over dm polishing,Casting Process/Equipment,03:00 AM,03:10 AM
15-Apr-24,AAC Plant 2,2,2250-14,G300 TRANSMISSION CASE DC,9,Clean Up,20,carry over dm polishing,Casting Process/Equipment,03:00 AM,03:20 AM
15-Apr-24,AAC Plant 2,2,2250-9,946F Crankcase DC,9,Die Change,240,pulled 946 9 set 946 12,Die Related,12:45 AM,04:45 AM
15-Apr-24,AAC Plant 2,2,800-2,G300 CENTER SUPPORT DC,12,Clean Up,30,carry over no powder coverage in auto,Casting Process/Equipment,05:15 PM,05:45 PM
16-Apr-24,AAC Plant 2,1,2250-10,946F Crankcase DC,14,Condition Check Die,10,cold shut on parts,Die Related,07:00 AM,07:10 AM
16-Apr-24,AAC Plant 2,2,2250-12,LB01 TM Case DC,1,Condition Check Die,15,discoloration c-1,Die Related,09:20 PM,09:35 PM
16-Apr-24,AAC Plant 2,2,2250-7,A467 Adaptor DC,3,Clean Up,40,carry over p.e. adjusting robot,Casting Process/Equipment,05:15 PM,05:55 PM
16-Apr-24,AAC Plant 2,2,2250-7,A467 Adaptor DC,3,Date Stamp-ID,10,wrong date stamp,Die Related,06:40 PM,06:50 PM
16-Apr-24,AAC Plant 2,2,2250-9,984F Crankcase DC,5,Die Change,75,carry over from 1st shift die change,Die Related,05:15 PM,06:30 PM
17-Apr-24,AAC Plant 2,1,2250-13,G300 TRANSMISSION CASE DC,10,Die Change,275,"broken pin detect fault, leaking pin on s/s, called dm changing die pull 10 set",,06:10 AM,10:45 AM
17-Apr-24,AAC Plant 2,1,2250-4,984F Crankcase DC,4,Die Change,245,"pull die 4 set die 6 per manager for flashing, give to dm to core swap to die 6",,10:35 AM,02:30 PM
17-Apr-24,AAC Plant 2,1,2250-4,984F Crankcase DC,6,Water/Die Lube Supply,25,"ULR fault, bisc broke, checked tip lube and water flow",,04:20 PM,04:45 PM
17-Apr-24,AAC Plant 2,1,2250-7,A467 Adaptor DC,3,Other (Indirect),10,"power off, contractor open safety fence",,08:35 AM,08:45 AM
17-Apr-24,AAC Plant 2,2,2250-12,LB01 TM Case DC,1,Clean Up,15,carry over clean up belly pan full of scrap hitting walk board,Casting Process/Equipment,05:15 PM,05:30 PM
18-Apr-24,AAC Plant 2,1,2250-13,G300 TRANSMISSION CASE DC,11,Clean Up,15,clean shot area before startup,Casting Process/Equipment,05:00 AM,05:15 AM
18-Apr-24,AAC Plant 2,1,2250-4,984F Crankcase DC,6,Die Change,180,carry over 4s+d wait for dm to finish die set s/s,Die Related,11:35 AM,02:35 PM
18-Apr-24,AAC Plant 2,1,2250-5,G298 TA HOUSING AWD DC,6,Condition Check Die,25,qe request,Die Related,02:10 PM,02:35 PM
18-Apr-24,AAC Plant 2,1,2250-8,19MY NONPTO TRANSMISSION CASE DC,1,Clean Up,35,carry over 4s+d fit check die,Casting Process/Equipment,11:30 AM,12:05 PM
18-Apr-24,AAC Plant 2,1,800-3,G300 CENTER SUPPORT DC,9,Condition Check Machine,40,failed ship ahead,Casting Process/Equipment,08:45 AM,09:25 AM
18-Apr-24,AAC Plant 2,2,2250-11,LB01 TM Case DC,2,Condition Check Die,15,drag mark on ribs,Die Related,09:15 PM,09:30 PM
18-Apr-24,AAC Plant 2,2,2250-11,LB01 TM Case DC,2,Condition Check Die,35,drag mark on ribs,Die Related,10:25 PM,11:00 PM
18-Apr-24,AAC Plant 2,2,2250-13,G300 TRANSMISSION CASE DC,11,Metal Delivery,10,out of metal,Casting Process/Equipment,12:20 AM,12:30 AM
18-Apr-24,AAC Plant 2,2,800-1,908K Center Support DC,1,Die Change,120,pull die c-1 droppin out,Die Related,02:30 AM,04:30 AM
18-Apr-24,AAC Plant 2,2,800-2,908K Center Support DC,3,Clean Up,10,hydro oil low,Casting Process/Equipment,05:15 PM,05:25 PM
18-Apr-24,AAC Plant 2,2,800-3,G300 CENTER SUPPORT DC,14,Die Change,65,die change carry over from previous shift,Die Related,05:15 PM,06:20 PM
19-Apr-24,AAC Plant 2,1,2250-13,"T-324 Case, Transaxle DC",3,Condition Check Die,50,p.e investigate cracks,Die Related,02:45 PM,03:35 PM
19-Apr-24,AAC Plant 2,1,2250-13,"T-324 Case, Transaxle DC",3,Condition Check Die,25,quality inspector found a crack,Die Related,01:35 PM,02:00 PM
19-Apr-24,AAC Plant 2,1,2250-5,G298 TA HOUSING AWD DC,6,Die Change,90,die change pull die 6 set die 7,Die Related,02:20 PM,03:50 PM
19-Apr-24,AAC Plant 2,1,2250-8,19MY PTO TRANSMISSION CASE DC,4,Die Change,180,carry over wait on m/s,Die Related,05:00 AM,08:00 AM
19-Apr-24,AAC Plant 2,2,2250-10,946F Crankcase DC,13,Metal Delivery,25,scrap chute backed up,Casting Process/Equipment,05:55 AM,06:20 AM
19-Apr-24,AAC Plant 2,2,2250-13,"T-324 Case, Transaxle DC",3,Condition Check Die,25,cond checjk,Casting Process/Equipment,08:10 AM,08:35 AM
19-Apr-24,AAC Plant 2,2,2250-14,G300 TRANSMISSION CASE DC,9,Metal Delivery,10,ladle arm over run,Casting Process/Equipment,11:45 AM,11:55 AM
19-Apr-24,AAC Plant 2,2,2250-5,G298 TA HOUSING AWD DC,7,Condition Check Machine,20,cond check / cold shot ms,Casting Process/Equipment,12:00 AM,12:20 AM
20-Apr-24,AAC Plant 2,2,2250-13,"T-324 Case, Transaxle DC",3,Metal Delivery,20,out of metal,Casting Process/Equipment,06:10 AM,06:30 AM
20-Apr-24,AAC Plant 2,2,2250-14,G300 TRANSMISSION CASE DC,9,Metal Delivery,10,ladle arm over run out of metal,Casting Process/Equipment,09:40 PM,09:50 PM
21-Apr-24,AAC Plant 2,1,2250-5,G298 TA HOUSING AWD DC,7,Die Change,25,carry over 4s+d die change,Die Related,10:20 AM,10:45 AM
21-Apr-24,AAC Plant 2,1,2250-7,A467 Adaptor DC,3,Die Change,0,scheduled die change,Die Related,05:00 AM,06:15 AM
21-Apr-24,AAC Plant 2,2,2250-13,"T-324 Housing, Transaxle DC",3,Metal Delivery,10,ladle arm over ran /out of metal,Casting Process/Equipment,04:20 AM,04:30 AM
21-Apr-24,AAC Plant 2,2,2250-13,"T-324 Case, Transaxle DC",3,Metal Delivery,10,out of metal,Casting Process/Equipment,04:20 PM,04:30 PM
21-Apr-24,AAC Plant 2,2,2250-13,"T-324 Case, Transaxle DC",3,Metal Delivery,-10,,,,
21-Apr-24,AAC Plant 2,2,2250-14,G300 TRANSMISSION CASE DC,9,Metal Delivery,20,out of metal,Casting Process/Equipment,04:10 AM,04:30 AM
22-Apr-24,AAC Plant 2,1,2250-12,LB01 TM Case DC,4,Condition Check Die,145,cracks s/s,Die Related,07:00 AM,09:25 AM
22-Apr-24,AAC Plant 2,1,2250-3,G300 TA HOUSING FWD DC,2,Other (Indirect),15,tech working on other machine,Casting Process/Equipment,05:30 AM,05:45 AM
22-Apr-24,AAC Plant 2,1,2250-7,A467 Adaptor DC,3,Date Stamp-ID,40,start up,Casting Process/Equipment,05:30 AM,06:10 AM
22-Apr-24,AAC Plant 2,1,500-3,G903 Stator Wheel DC,7,Metal Delivery,15,cold metal (64),Casting Process/Equipment,11:25 AM,11:40 AM
22-Apr-24,AAC Plant 2,2,2250-8,19MY PTO TRANSMISSION CASE DC,4,Condition Check Die,20,discoloration s/s,Casting Process/Equipment,06:20 PM,06:40 PM
23-Apr-24,AAC Plant 2,1,2250-7,A467 Transmission Housing DC,3,Clean Up,15,carry over 4s+d,Casting Process/Equipment,11:00 AM,11:15 AM
23-Apr-24,AAC Plant 2,1,2250-8,19MY PTO TRANSMISSION CASE DC,4,Clean Up,195,broke pin c-1,Casting Process/Equipment,12:30 PM,03:45 PM
23-Apr-24,AAC Plant 2,2,2250-10,946F Crankcase DC,16,Condition Check Die,15,condition check die no bolts in m/s,Die Related,05:15 PM,05:30 PM
23-Apr-24,AAC Plant 2,2,2250-13,G300 TRANSMISSION CASE DC,11,Metal Delivery,10,ladle arm over run out of metal,Casting Process/Equipment,07:40 PM,07:50 PM
23-Apr-24,AAC Plant 2,2,2250-9,984F Crankcase DC,5,Condition Check Die,30,condition check die cold shut on part m/s,Die Related,07:30 PM,08:00 PM
24-Apr-24,AAC Plant 2,1,2250-1,946F Crankcase DC,12,Other (Indirect),10,operator working on 2250-2,Casting Process/Equipment,11:30 AM,11:40 AM
24-Apr-24,AAC Plant 2,1,2250-12,LB13 TM Case DC,1,Clean Up,60,sch polish,Casting Process/Equipment,07:00 AM,08:00 AM
24-Apr-24,AAC Plant 2,2,2250-3,G300 TA HOUSING FWD DC,3,Die Change,265,carry over die change,Die Related,05:15 PM,09:40 PM
24-Apr-24,AAC Plant 2,2,2250-9,946F Crankcase DC,13,Condition Check Die,200,condition check n/g f/g on the ocv,Die Related,12:15 AM,03:35 AM
24-Apr-24,AAC Plant 2,2,2250-9,946F Crankcase DC,13,Condition Check Die,35,condition check n/g f/g ocv pin m/s c-2,Die Related,04:10 AM,04:45 AM
25-Apr-24,AAC Plant 2,1,2250-4,984F Crankcase DC,6,Condition Check Die,15,condition check,Die Related,06:15 AM,06:30 AM
25-Apr-24,AAC Plant 2,1,2250-5,G298 TA HOUSING AWD DC,6,Condition Check Die,10,condition check p.i request,Die Related,01:05 PM,01:15 PM
25-Apr-24,AAC Plant 2,1,2250-9,946F Crankcase DC,13,Other (Indirect),15,p.e shut down to set measurment for part tray stand,Casting Process/Equipment,07:50 AM,08:05 AM
25-Apr-24,AAC Plant 2,2,2250-1,946F Crankcase DC,12,Condition Check Die,45,shut down e-polish on m/s qc request,Die Related,12:45 AM,01:30 AM
25-Apr-24,AAC Plant 2,2,2250-4,984F Crankcase DC,6,Die Change,90,die change broke pin m/s m/c,Casting Process/Equipment,08:50 PM,10:20 PM
25-Apr-24,AAC Plant 2,2,2250-4,984F Crankcase DC,6,Condition Check Die,20,qc-request condition check,Casting Process/Equipment,07:20 PM,07:40 PM
26-Apr-24,AAC Plant 2,1,2250-1,946F Crankcase DC,12,Other (Indirect),20,shut down maint m/e and japanese m/e,Casting Process/Equipment,09:25 AM,09:45 AM
26-Apr-24,AAC Plant 2,1,2250-2,908K TAH FWD DC,1,Other (Indirect),20,carry over getting die for 2250-1,Casting Process/Equipment,11:30 AM,11:50 AM
26-Apr-24,AAC Plant 2,2,2250-13,"T-324 Case, Transaxle DC",3,Metal Delivery,10,ladle arm over run out of metal,Casting Process/Equipment,08:30 PM,08:40 PM
26-Apr-24,AAC Plant 2,2,2250-2,908K TAH AWD DC,3,Other (Indirect),35,carry over 4s+d,Casting Process/Equipment,10:25 PM,11:00 PM
26-Apr-24,AAC Plant 2,2,2250-5,G298 TA HOUSING AWD DC,7,Die Change,30,carry over die change from day shift,Die Related,05:15 PM,05:45 PM
26-Apr-24,AAC Plant 2,2,2250-9,984F Crankcase DC,5,Clean Up,45,ulr flt scrap chute backed up,Casting Process/Equipment,02:55 AM,03:35 AM
27-Apr-24,AAC Plant 2,1,2250-14,G300 TRANSMISSION CASE DC,9,Die Change,90,auto exchange not working clamp 1 and 2 servo error,Die Related,03:00 PM,04:20 PM
27-Apr-24,AAC Plant 2,2,2250-14,G300 TRANSMISSION CASE DC,10,Condition Check Die,15,bolt boss on c-3 ng gauge,Die Related,11:00 PM,11:15 PM
28-Apr-24,AAC Plant 2,2,2250-13,"T-324 Housing, Transaxle DC",3,Metal Delivery,15,ladle fault ran out of metal,Casting Process/Equipment,08:00 PM,08:15 PM
28-Apr-24,AAC Plant 2,2,2250-14,G300 TRANSMISSION CASE DC,10,Metal Delivery,20,ran out of metal,Casting Process/Equipment,08:00 PM,08:20 PM
28-Apr-24,AAC Plant 2,2,2250-14,G300 TRANSMISSION CASE DC,10,Metal Delivery,25,shaker backed up,Casting Process/Equipment,05:40 PM,06:05 PM
29-Apr-24,AAC Plant 2,1,2250-10,946F Crankcase DC,16,Condition Check Die,20,condition check cold shut,Die Related,05:40 AM,06:00 AM
29-Apr-24,AAC Plant 2,1,2250-12,LB01 TM Case DC,4,Die Change,95,pulling die setting backup,Die Related,10:30 AM,12:05 PM
29-Apr-24,AAC Plant 2,1,2250-12,LB01 TM Case DC,4,Other (Indirect),5,flashout die hooked up wrong m/s,Casting Process/Equipment,06:30 AM,06:35 AM
29-Apr-24,AAC Plant 2,1,2250-2,908K TAH AWD DC,3,Other (Indirect),80,machine tech working on 2250-1,Casting Process/Equipment,08:20 AM,09:40 AM
29-Apr-24,AAC Plant 2,1,2250-2,908K TAH AWD DC,3,Date Stamp-ID,10,over start,Casting Process/Equipment,05:30 AM,05:40 AM
29-Apr-24,AAC Plant 2,1,2250-5,G298 TA HOUSING AWD DC,7,Condition Check Die,30,p.i request,Die Related,09:05 AM,09:35 AM
29-Apr-24,AAC Plant 2,2,2250-14,G300 TRANSMISSION CASE DC,8,Clean Up,60,carry over waiting for dm to put bolt's in,Casting Process/Equipment,05:15 PM,06:15 PM
29-Apr-24,AAC Plant 2,2,800-2,908K Center Support DC,1,Condition Check Machine,16,condition check low ejector pins,Casting Process/Equipment,11:21 PM,11:37 PM
29-Apr-24,AAC Plant 2,2,800-3,G300 CENTER SUPPORT DC,14,Die Change,33,die change flashed out through powder pins,Die Related,12:10 AM,12:43 AM
30-Apr-24,AAC Plant 2,1,2250-5,G298 TA HOUSING AWD DC,7,Condition Check Die,20,dis color on part,Die Related,05:45 AM,06:05 AM
30-Apr-24,AAC Plant 2,1,2250-8,19MY PTO TRANSMISSION CASE DC,4,Condition Check Die,20,condition check shot tip & sleeve,Die Related,01:20 PM,01:40 PM
30-Apr-24,AAC Plant 2,1,2250-8,19MY PTO TRANSMISSION CASE DC,4,Product Change,110,carry over set m/s,Die Related,05:00 AM,06:50 AM
30-Apr-24,AAC Plant 2,1,800-2,G300 CENTER SUPPORT DC,10,Condition Check Die,20,condition check low ejector pins,Die Related,10:05 AM,10:25 AM
30-Apr-24,AAC Plant 2,1,800-3,G300 CENTER SUPPORT DC,12,Clean Up,30,parts stacked up on table and conveyor,Casting Process/Equipment,05:55 AM,06:25 AM
30-Apr-24,AAC Plant 2,2,2250-10,946F Crankcase DC,14,Die Change,160,bent pin m/s main core,Die Related,10:50 PM,01:30 AM
30-Apr-24,AAC Plant 2,2,2250-10,946F Crankcase DC,14,Die Change,65,carry over from 1st die change,Die Related,05:15 PM,06:20 PM
30-Apr-24,AAC Plant 2,2,2250-3,908K TAH FWD DC,2,Clean Up,10,carry over 4s+d,Casting Process/Equipment,11:40 PM,11:50 PM
30-Apr-24,AAC Plant 2,2,2250-7,A467 Adaptor DC,3,Water/Die Lube Supply,135,spray robot fault spray station issue,Casting Process/Equipment,12:40 AM,02:55 AM
30-Apr-24,AAC Plant 2,2,2250-8,19MY PTO TRANSMISSION CASE DC,4,Water/Die Lube Supply,70,spray station issue die lube station n/g,Casting Process/Equipment,01:40 AM,02:50 AM
1-May-24,AAC Plant 2,1,2250-10,946F Crankcase DC,13,N/G Tip or Sleeve Change,80,shot rod leaking water o-ring n/g,Casting Process/Equipment,05:30 AM,06:50 AM
1-May-24,AAC Plant 2,1,2250-10,946F Crankcase DC,13,Condition Check Die,15,cpndition check lamination on parts,Die Related,01:00 PM,01:15 PM
1-May-24,AAC Plant 2,1,2250-5,G298 TA HOUSING AWD DC,6,Condition Check Die,20,condition check qe request,Die Related,02:00 PM,02:20 PM
1-May-24,AAC Plant 2,1,2250-8,19MY PTO TRANSMISSION CASE DC,4,Date Stamp-ID,40,date stamp stuck,Die Related,05:00 AM,05:40 AM
1-May-24,AAC Plant 2,2,2250-14,G300 TRANSMISSION CASE DC,8,Clean Up,10,dm polishing after 4s+d,Casting Process/Equipment,02:25 AM,02:35 AM
1-May-24,AAC Plant 2,2,2250-14,G300 TRANSMISSION CASE DC,8,Metal Delivery,25,ladle time over out of metal,Casting Process/Equipment,08:35 PM,09:00 PM
1-May-24,AAC Plant 2,2,2250-3,908K TAH FWD DC,2,N/G Tip or Sleeve Change,50,ulr fault biscuit broke/ng tip,Casting Process/Equipment,03:00 AM,03:50 AM
1-May-24,AAC Plant 2,2,800-3,G300 CENTER SUPPORT DC,12,Die Change,60,die change pulling die and setting,Die Related,08:15 PM,09:15 PM
2-May-24,AAC Plant 2,1,2250-1,946F Crankcase DC,16,Condition Check Die,15,"condition check per pe, scrap at matix",Die Related,07:25 AM,07:40 AM
2-May-24,AAC Plant 2,1,2250-1,946F Crankcase DC,16,Other (Indirect),10,"carry over, working on 2250-3",Casting Process/Equipment,11:30 AM,11:40 AM
2-May-24,AAC Plant 2,1,2250-1,946F Crankcase DC,16,Other (Indirect),10,vac fault air blow pressure,Casting Process/Equipment,03:25 PM,03:35 PM
2-May-24,AAC Plant 2,1,2250-1,946F Crankcase DC,16,Other (Indirect),5,vac fault air blow,Casting Process/Equipment,04:10 PM,04:15 PM
2-May-24,AAC Plant 2,1,2250-7,A467 Transmission Housing DC,4,Condition Check Die,15,condition check cold shot,Die Related,07:20 AM,07:35 AM
2-May-24,AAC Plant 2,2,2250-14,G300 TRANSMISSION CASE DC,8,N/G Tip or Sleeve Change,160,n/g shot tip shot tip broke,Casting Process/Equipment,08:45 PM,11:25 PM
3-May-24,AAC Plant 2,1,2250-11,LB01 TM Case DC,3,Other (Indirect),60,cold metal,Casting Process/Equipment,11:15 AM,12:15 PM
3-May-24,AAC Plant 2,1,2250-13,"T-324 Housing, Transaxle DC",3,Metal Delivery,10,out of metal,Casting Process/Equipment,12:20 PM,12:30 PM
3-May-24,AAC Plant 2,1,2250-7,914K Transaxle Case,2,Condition Check Die,10,condition check cracks,Die Related,08:30 AM,08:40 AM
3-May-24,AAC Plant 2,2,1650-1,"103E Oil Pan, No. 1  DC",3,Condition Check Die,10,cond check qc request cold shut m/s squeeze pin area,Die Related,11:10 PM,11:20 PM
3-May-24,AAC Plant 2,2,2250-4,984F Crankcase DC,6,Condition Check Die,20,qc-request condition check die cold shot,Casting Process/Equipment,05:40 PM,06:00 PM
3-May-24,AAC Plant 2,2,2250-4,984F Crankcase DC,7,Clean Up,10,carry over 4s+d,Casting Process/Equipment,10:10 PM,10:20 PM
4-May-24,AAC Plant 2,1,2250-1,946F Crankcase DC,16,Other (Indirect),10,vac fault air blow too low,Casting Process/Equipment,05:35 AM,05:45 AM
4-May-24,AAC Plant 2,1,2250-10,946F Crankcase DC,13,Clean Up,30,cleaned up hyd fluid,Casting Process/Equipment,11:30 AM,12:00 PM
4-May-24,AAC Plant 2,2,2250-13,"T-324 Housing, Transaxle DC",3,Water/Die Lube Supply,85,water leak under floor pipe broke,Casting Process/Equipment,05:15 PM,06:40 PM
4-May-24,AAC Plant 2,2,2250-14,G300 TRANSMISSION CASE DC,11,Water/Die Lube Supply,15,"water leak under floor, 2250-13",Casting Process/Equipment,05:15 PM,05:30 PM
4-May-24,AAC Plant 2,2,2250-2,908K TAH AWD DC,1,Clean Up,15,over 4s+d,Casting Process/Equipment,03:45 AM,04:00 AM
4-May-24,AAC Plant 2,2,2250-4,984F Crankcase DC,6,Condition Check Die,20,condition check discoloration on part,Die Related,12:35 AM,12:55 AM
5-May-24,AAC Plant 2,2,2250-13,"T-324 Case, Transaxle DC",3,Clean Up,20,getting dcm ready to start 1st shift down,Casting Process/Equipment,05:15 PM,05:35 PM
5-May-24,AAC Plant 2,2,2250-14,G300 TRANSMISSION CASE DC,11,Metal Delivery,15,ladle arm return over run low metal,Casting Process/Equipment,08:40 PM,08:55 PM
5-May-24,AAC Plant 2,2,2250-14,G300 TRANSMISSION CASE DC,11,Metal Delivery,10,ladle arm return over run low metal,Casting Process/Equipment,09:40 PM,09:50 PM
5-May-24,AAC Plant 2,2,2250-14,G300 TRANSMISSION CASE DC,11,Clean Up,10,getting dcm ready to start 1st shift shut down,Casting Process/Equipment,05:15 PM,05:25 PM
6-May-24,AAC Plant 2,1,2250-1,946F Crankcase DC,16,Other (Indirect),10,vac fault air blow pressure,Casting Process/Equipment,03:15 PM,03:25 PM
6-May-24,AAC Plant 2,1,2250-1,946F Crankcase DC,16,Other (Indirect),10,vac fault air blow,Casting Process/Equipment,09:05 AM,09:15 AM
6-May-24,AAC Plant 2,1,2250-1,946F Crankcase DC,16,Other (Indirect),10,vac fault air blow pressure,Casting Process/Equipment,03:50 PM,04:00 PM
6-May-24,AAC Plant 2,1,2250-1,946F Crankcase DC,16,Other (Indirect),10,vac fault air blow pressure,Casting Process/Equipment,11:40 AM,11:50 AM
6-May-24,AAC Plant 2,1,2250-1,946F Crankcase DC,16,Other (Indirect),5,vac air blow pressure,Casting Process/Equipment,03:35 PM,03:40 PM
6-May-24,AAC Plant 2,1,2250-2,908K TAH AWD DC,1,Other (Indirect),15,vac fault air blow,Casting Process/Equipment,09:10 AM,09:25 AM
6-May-24,AAC Plant 2,1,2250-3,908K TAH FWD DC,2,Other (Indirect),15,carry over operator start 2250-1 & 2,Casting Process/Equipment,11:35 AM,11:50 AM
6-May-24,AAC Plant 2,1,2250-4,984F Crankcase DC,6,Die Change,220,"core process time over, stuck part, broke pin on main, coupler broke on c-1, pull die 6 set die 7",Die Related,09:20 AM,01:00 PM
6-May-24,AAC Plant 2,1,2250-5,G298 TA HOUSING AWD DC,6,Other (Indirect),15,vac fault air blow #2,Casting Process/Equipment,09:05 AM,09:20 AM
6-May-24,AAC Plant 2,1,2250-7,914K Transaxle Case,2,Date Stamp-ID,65,start up 2250-8,Casting Process/Equipment,05:00 AM,06:05 AM
6-May-24,AAC Plant 2,1,800-1,908K Center Support DC,3,Condition Check Die,25,condition check spline guage tight,Die Related,08:55 AM,09:20 AM
6-May-24,AAC Plant 2,2,2250-13,"T-324 Case, Transaxle DC",3,Metal Delivery,10,low metal,Casting Process/Equipment,03:50 AM,04:00 AM
7-May-24,AAC Plant 2,1,2250-1,946F Crankcase DC,16,Other (Indirect),10,vac fault air blow pressure,Casting Process/Equipment,10:20 AM,10:30 AM
7-May-24,AAC Plant 2,1,2250-1,946F Crankcase DC,16,Other (Indirect),5,vac fault air blow pressure,Casting Process/Equipment,06:55 AM,07:00 AM
7-May-24,AAC Plant 2,1,2250-1,946F Crankcase DC,16,Other (Indirect),10,vac fault air blow pressure,Casting Process/Equipment,06:25 AM,06:35 AM
7-May-24,AAC Plant 2,1,2250-1,946F Crankcase DC,16,Other (Indirect),5,vac fault air blow pressure,Casting Process/Equipment,05:50 AM,05:55 AM
7-May-24,AAC Plant 2,1,2250-1,946F Crankcase DC,16,Other (Indirect),10,vac fault air blow pressure,Casting Process/Equipment,05:25 AM,05:35 AM
7-May-24,AAC Plant 2,1,2250-1,946F Crankcase DC,16,Other (Indirect),5,vac fault air blow spike,Casting Process/Equipment,01:40 PM,01:45 PM
7-May-24,AAC Plant 2,1,2250-1,946F Crankcase DC,16,Other (Indirect),10,vac fault air load pressure,Casting Process/Equipment,12:15 PM,12:25 PM
7-May-24,AAC Plant 2,1,2250-1,946F Crankcase DC,16,Other (Indirect),10,vac air blow pressure,Casting Process/Equipment,11:55 AM,12:05 PM
7-May-24,AAC Plant 2,1,2250-12,LB13 TM Case DC,1,Clean Up,10,cold metal 660,Casting Process/Equipment,10:50 AM,11:00 AM
7-May-24,AAC Plant 2,1,2250-2,908K TAH AWD DC,1,Other (Indirect),20,carry over starting 2250-1 and safety rail not reading l/s,Casting Process/Equipment,11:30 AM,11:50 AM
7-May-24,AAC Plant 2,1,2250-5,G298 TA HOUSING AWD DC,6,Other (Indirect),10,vac fault air blow #2 dropped,Casting Process/Equipment,06:00 AM,06:10 AM
7-May-24,AAC Plant 2,2,2250-11,LB01 TM Case DC,3,Condition Check Die,15,cond check c-1/c-2 galled up too quickly,Die Related,11:45 PM,12:00 AM
7-May-24,AAC Plant 2,2,2250-12,LB01 TM Case DC,2,Clean Up,10,p/s flt p/s line popped off m/s,Casting Process/Equipment,11:05 PM,11:15 PM
7-May-24,AAC Plant 2,2,2250-13,G300 TRANSMISSION CASE DC,8,Condition Check Machine,35,"broke biscuit, tip ring holes clogged",Casting Process/Equipment,05:40 PM,06:15 PM
8-May-24,AAC Plant 2,1,2250-1,946F Crankcase DC,16,Other (Indirect),5,"vac fault, air blow pressure",Casting Process/Equipment,06:10 AM,06:15 AM
8-May-24,AAC Plant 2,1,2250-1,946F Crankcase DC,16,Other (Indirect),10,vac fault air blow pressure,Casting Process/Equipment,07:00 AM,07:10 AM
8-May-24,AAC Plant 2,1,2250-1,946F Crankcase DC,16,Other (Indirect),10,"carry over, starting 2250-2",Casting Process/Equipment,11:30 AM,11:40 AM
8-May-24,AAC Plant 2,1,2250-1,946F Crankcase DC,16,Other (Indirect),10,"vac fault, air blow pressure",Casting Process/Equipment,05:50 AM,06:00 AM
8-May-24,AAC Plant 2,1,2250-5,G298 TA HOUSING AWD DC,6,Clean Up,15,carry over 4s+d,Casting Process/Equipment,11:30 AM,11:45 AM
8-May-24,AAC Plant 2,1,2250-7,A467 Transmission Housing DC,4,Condition Check Die,5,condition check cold shot,Die Related,11:35 AM,11:40 AM
8-May-24,AAC Plant 2,1,2250-8,19MY NONPTO TRANSMISSION CASE DC,1,Condition Check Die,80,condition check pin not f/g,Die Related,12:10 PM,01:30 AM
8-May-24,AAC Plant 2,1,2250-9,946F Crankcase DC,14,Condition Check Die,130,condition check cold shot on parts,Die Related,06:00 AM,08:10 AM
8-May-24,AAC Plant 2,1,2250-9,946F Crankcase DC,14,Die Change,20,carry over die change finish up die change,Die Related,05:15 AM,05:35 AM
8-May-24,AAC Plant 2,1,2250-9,946F Crankcase DC,14,Condition Check Die,15,condition check cold shot on parts,Die Related,11:55 AM,12:10 PM
8-May-24,AAC Plant 2,2,2250-14,G300 TRANSMISSION CASE DC,11,Clean Up,30,dcm stopped power flickered,Casting Process/Equipment,06:10 PM,06:40 PM
8-May-24,AAC Plant 2,2,2250-4,984F Crankcase DC,5,Die Change,130,carry over die change,Die Related,05:15 PM,07:25 PM
8-May-24,AAC Plant 2,2,2250-9,946F Crankcase DC,14,Condition Check Die,45,condition check n/g f/g ovc hole (c-2 pin),Die Related,06:05 PM,06:50 PM
8-May-24,AAC Plant 2,2,800-2,908K Center Support DC,2,Condition Check Machine,10,condition check floor height @ upper limit,Casting Process/Equipment,07:05 PM,07:15 PM
9-May-24,AAC Plant 2,1,2250-1,946F Crankcase DC,16,Other (Indirect),10,vac fault air blow pressure,Casting Process/Equipment,09:15 AM,09:25 AM
9-May-24,AAC Plant 2,1,2250-1,946F Crankcase DC,16,Other (Indirect),10,vac fault air blow pressure,Casting Process/Equipment,08:45 AM,08:55 AM
9-May-24,AAC Plant 2,1,2250-1,946F Crankcase DC,16,Other (Indirect),10,vac fault air blow pressure,Casting Process/Equipment,07:05 AM,07:15 AM
9-May-24,AAC Plant 2,1,2250-1,946F Crankcase DC,16,Other (Indirect),10,vac fault air blow pressure/7;05,Casting Process/Equipment,05:20 AM,05:30 AM
9-May-24,AAC Plant 2,2,2250-10,946F Crankcase DC,13,Condition Check Die,80,"condition check, no good clean up m/s c-1",Die Related,01:20 AM,02:40 AM
9-May-24,AAC Plant 2,2,2250-10,946F Crankcase DC,13,Condition Check Die,60,condition check no good clean up on c-1 pin m/s,Die Related,03:45 AM,04:45 AM
9-May-24,AAC Plant 2,2,2250-12,LB01 TM Case DC,4,Condition Check Die,20,cond check cracked ribs s/s,Casting Process/Equipment,08:30 PM,08:50 PM
9-May-24,AAC Plant 2,2,2250-2,908K TAH AWD DC,3,Die Change,55,power cool fault broke pin on c-2,Casting Process/Equipment,05:50 PM,06:45 PM
10-May-24,AAC Plant 2,1,2250-2,908K TAH AWD DC,2,Other (Indirect),10,carry over no tip lube,Casting Process/Equipment,05:15 AM,05:25 AM
10-May-24,AAC Plant 2,1,2250-4,984F Crankcase DC,5,Other (Indirect),25,facility maint working on water pipe,Casting Process/Equipment,12:50 PM,01:15 PM
10-May-24,AAC Plant 2,1,2250-9,946F Crankcase DC,14,Date Stamp-ID,25,date stamp stuck,Casting Process/Equipment,05:15 AM,05:40 AM
10-May-24,AAC Plant 2,2,2250-13,"T-324 Case, Transaxle DC",3,Water/Die Lube Supply,20,broke biscuit no die lube,Casting Process/Equipment,09:50 PM,10:10 PM
10-May-24,AAC Plant 2,2,2250-8,19MY PTO TRANSMISSION CASE DC,4,Product Change,240,die change pulled my19 wpto set g300 tah,Die Related,09:30 PM,01:30 AM
11-May-24,AAC Plant 2,1,2250-14,G300 TRANSMISSION CASE DC,11,Metal Delivery,15,metal deliver out of metal,Casting Process/Equipment,05:35 AM,05:50 AM
11-May-24,AAC Plant 2,1,2250-5,G298 TA HOUSING AWD DC,7,N/G Tip or Sleeve Change,150,change shot rod n/g thrreads discovered when replacing tip,Casting Process/Equipment,10:45 AM,01:15 PM
11-May-24,AAC Plant 2,1,2250-5,G298 TA HOUSING AWD DC,7,N/G Tip or Sleeve Change,120,"ulr fault biscuit broke shot tip change, spent time looking for tools, took tip off and realized the whole rod needed ch",Casting Process/Equipment,07:45 AM,09:45 AM
11-May-24,AAC Plant 2,1,2250-5,G298 TA HOUSING AWD DC,7,Other (Indirect),60,"looking for tools, no pipe wrenches",Casting Process/Equipment,09:45 AM,10:45 AM
11-May-24,AAC Plant 2,1,2250-9,946F Crankcase DC,9,Die Change,90,die change pin on c-2 not function gauge,Die Related,10:00 AM,11:30 AM
11-May-24,AAC Plant 2,1,2250-9,946F Crankcase DC,9,Condition Check Die,40,condition check die possible bent pin,Die Related,07:10 AM,07:50 AM
11-May-24,AAC Plant 2,2,2250-5,G298 TA HOUSING AWD DC,7,Condition Check Die,15,qc request condition check die,Die Related,12:25 AM,12:40 AM
13-May-24,AAC Plant 2,1,2250-13,"T-324 Housing, Transaxle DC",3,Condition Check Die,20,condition check lamination,Die Related,07:45 AM,08:05 AM
13-May-24,AAC Plant 2,1,2250-2,908K TAH AWD DC,3,Other (Indirect),10,shut down dump table chute jammed,Casting Process/Equipment,03:05 PM,03:15 PM
13-May-24,AAC Plant 2,1,2250-7,"103E Oil Pan, No. 1  DC",1,Product Change,195,set 103E back in c-1 l/s smashed,Die Related,05:15 AM,08:30 AM
13-May-24,AAC Plant 2,2,2250-13,"T-324 Housing, Transaxle DC",3,Condition Check Die,90,cond check lamination,Die Related,01:30 AM,03:00 AM
13-May-24,AAC Plant 2,2,2250-13,"T-324 Housing, Transaxle DC",3,Condition Check Die,35,cond check lamination,Die Related,11:55 PM,12:30 AM
13-May-24,AAC Plant 2,2,2250-14,G300 TRANSMISSION CASE DC,11,Metal Delivery,10,shaker backed up parts hung by servo,Casting Process/Equipment,05:15 PM,05:25 PM
13-May-24,AAC Plant 2,2,2250-14,G300 TRANSMISSION CASE DC,11,Die Change,260,die change pulling whole die,Die Related,10:40 PM,03:00 AM
14-May-24,AAC Plant 2,1,2250-10,G300 TRANSMISSION CASE DC,10,Condition Check Die,15,condition check cold shut,Die Related,09:45 AM,10:00 AM
14-May-24,AAC Plant 2,1,2250-10,G300 TRANSMISSION CASE DC,10,Condition Check Die,85,checking spray robot cold chut parts,Die Related,11:00 AM,12:25 PM
14-May-24,AAC Plant 2,1,2250-10,G300 TRANSMISSION CASE DC,10,Clean Up,20,carry over 4s+d,Casting Process/Equipment,11:40 AM,12:00 PM
14-May-24,AAC Plant 2,1,2250-10,G300 TRANSMISSION CASE DC,10,Clean Up,-20,,,,
14-May-24,AAC Plant 2,1,2250-8,G300 TA HOUSING FWD DC,3,Product Change,150,datum damaged,Die Related,02:00 PM,04:30 PM
14-May-24,AAC Plant 2,1,800-2,908K Center Support DC,3,Condition Check Die,45,condition check m/g floor height and low ejector pin,Die Related,01:00 PM,01:45 PM
14-May-24,AAC Plant 2,1,800-3,G300 CENTER SUPPORT DC,9,Other (Indirect),25,catcher behind,Casting Process/Equipment,12:55 PM,01:20 AM
14-May-24,AAC Plant 2,1,800-3,G300 CENTER SUPPORT DC,9,Other (Indirect),30,"catcher behind 36 parts, says he cant sec the #'2",Casting Process/Equipment,07:35 AM,08:05 AM
14-May-24,AAC Plant 2,1,800-3,G300 CENTER SUPPORT DC,9,Other (Indirect),25,"parts counter, parts counter needed reset",Casting Process/Equipment,06:25 AM,06:50 AM
14-May-24,AAC Plant 2,2,2250-11,LB01 TM Case DC,4,Die Change,105,finish die change and hot oil line replace,Die Related,05:15 PM,07:00 PM
14-May-24,AAC Plant 2,2,2250-12,LB01 TM Case DC,3,Die Change,85,die change c-2 sticking,Die Related,03:20 AM,04:45 AM
14-May-24,AAC Plant 2,2,2250-4,984F Crankcase DC,5,N/G Tip or Sleeve Change,30,n/g shot rod & tip,Casting Process/Equipment,11:10 PM,11:40 PM
14-May-24,AAC Plant 2,2,800-3,G300 CENTER SUPPORT DC,9,Condition Check Machine,13,condition check porosity,Casting Process/Equipment,05:59 PM,06:12 PM
15-May-24,AAC Plant 2,1,2250-10,G300 TRANSMISSION CASE DC,10,Clean Up,20,carryover 4s+d,Casting Process/Equipment,11:40 AM,12:00 PM
15-May-24,AAC Plant 2,1,2250-13,"T-324 Housing, Transaxle DC",3,Clean Up,15,clean shot area before start-up,Casting Process/Equipment,05:00 AM,05:15 AM
15-May-24,AAC Plant 2,1,2250-9,946F Crankcase DC,13,Product Change,60,"carry over die change, hook up die",Die Related,05:15 AM,06:15 AM
15-May-24,AAC Plant 2,1,500-3,G903 Stator Wheel DC,9,Condition Check Die,10,"condition check, b-cavity not guaging",Die Related,11:50 AM,12:00 PM
15-May-24,AAC Plant 2,1,800-3,G300 CENTER SUPPORT DC,10,Condition Check Machine,20,condition check n/g parts,Casting Process/Equipment,06:35 AM,06:55 AM
15-May-24,AAC Plant 2,2,2250-10,G300 TRANSMISSION CASE DC,10,Condition Check Die,15,condition check part getting to hot,Die Related,04:30 AM,04:45 AM
15-May-24,AAC Plant 2,2,2250-11,LB01 TM Case DC,4,Condition Check Die,15,wire harness s/s area not getting full metal coverage (holes),Die Related,08:25 PM,08:40 PM
15-May-24,AAC Plant 2,2,2250-13,"T-324 Housing, Transaxle DC",3,Metal Delivery,20,ladle over run low on metal,Casting Process/Equipment,10:25 PM,10:45 PM
15-May-24,AAC Plant 2,2,2250-13,"T-324 Housing, Transaxle DC",3,Metal Delivery,35,ladle over run low on metal,Casting Process/Equipment,06:40 PM,07:15 PM
16-May-24,AAC Plant 2,1,2250-4,984F Crankcase DC,5,Other (Indirect),10,shaker jammed,Casting Process/Equipment,09:45 AM,09:55 AM
16-May-24,AAC Plant 2,1,800-3,G300 CENTER SUPPORT DC,10,Condition Check Die,25,e-polish bolt boss chunk out,Die Related,06:40 AM,07:05 AM
16-May-24,AAC Plant 2,2,2250-10,G300 TRANSMISSION CASE DC,10,Condition Check Die,15,condition check part to hot,Die Related,06:40 PM,06:55 PM
16-May-24,AAC Plant 2,2,2250-12,LB01 TM Case DC,2,Condition Check Die,10,condition check avg cycle time too high 89.3+,Die Related,08:50 PM,09:00 PM
16-May-24,AAC Plant 2,2,2250-13,"T-324 Housing, Transaxle DC",3,Clean Up,20,carry over from 4s+d cleaning,Casting Process/Equipment,03:00 AM,03:20 AM
16-May-24,AAC Plant 2,2,2250-14,G300 TRANSMISSION CASE DC,6,Die Change,90,die change spline gauge n/g,Die Related,03:00 AM,04:30 AM
16-May-24,AAC Plant 2,2,2250-14,G300 TRANSMISSION CASE DC,8,Die Change,80,die change auto exchange die setting die #6,Die Related,05:40 PM,07:00 PM
16-May-24,AAC Plant 2,2,2250-6,984F Crankcase DC,7,Condition Check Die,15,condition check cold shut c-1,Die Related,12:20 AM,12:35 AM
17-May-24,AAC Plant 2,1,1650-1,"103E Oil Pan, No. 1  DC",3,Clean Up,10,4s+d carryover,Casting Process/Equipment,11:20 AM,11:30 AM
17-May-24,AAC Plant 2,1,2250-1,946F Crankcase DC,16,Other (Indirect),15,carry over working on 2250-2 die change,Casting Process/Equipment,11:30 AM,11:45 AM
17-May-24,AAC Plant 2,1,2250-13,"T-324 Housing, Transaxle DC",3,Other (Indirect),30,shut down shaker jammed up,Casting Process/Equipment,09:00 AM,09:30 AM
17-May-24,AAC Plant 2,1,2250-13,"T-324 Housing, Transaxle DC",3,Metal Delivery,15,"ladle are rtn over run, out of metal",Casting Process/Equipment,01:45 PM,02:00 PM
17-May-24,AAC Plant 2,1,2250-13,"T-324 Housing, Transaxle DC",3,Metal Delivery,10,"ladle arm rtn over run, out of metal",Casting Process/Equipment,01:15 PM,01:25 PM
17-May-24,AAC Plant 2,1,2250-14,G300 TRANSMISSION CASE DC,9,Die Change,135,carry over die change,Die Related,05:00 AM,07:15 PM
17-May-24,AAC Plant 2,1,2250-6,984F Crankcase DC,7,Condition Check Die,10,condition check dis-color on part,Die Related,09:30 AM,09:40 AM
17-May-24,AAC Plant 2,1,2250-7,914K Transaxle Case,2,Condition Check Die,10,m.e check core sequence,Die Related,10:55 AM,11:00 AM
17-May-24,AAC Plant 2,1,800-1,908K Center Support DC,2,Condition Check Die,30,condition check chunk out in flow window,Die Related,06:30 AM,07:00 AM
17-May-24,AAC Plant 2,2,2250-10,G300 TRANSMISSION CASE DC,10,Clean Up,25,carry over from 4s+d e-polish,Casting Process/Equipment,11:40 PM,12:05 AM
17-May-24,AAC Plant 2,2,2250-12,LB01 TM Case DC,2,Water/Die Lube Supply,10,broke biscuit metal on tip lube ring,Die Related,08:45 PM,08:55 PM
17-May-24,AAC Plant 2,2,2250-13,"T-324 Housing, Transaxle DC",3,Metal Delivery,10,ladle fault low on metal,Casting Process/Equipment,08:20 PM,08:30 PM
17-May-24,AAC Plant 2,2,2250-4,984F Crankcase DC,5,Condition Check Die,30,qc-request condition check die,Die Related,03:00 AM,03:30 AM
17-May-24,AAC Plant 2,2,2250-4,984F Crankcase DC,5,Condition Check Die,10,cold shot die lube build up in holding block,Die Related,04:15 AM,04:25 AM
17-May-24,AAC Plant 2,2,2250-6,984F Crankcase DC,7,Condition Check Die,255,condition check cold shut broken insert s/s,Die Related,10:15 PM,02:30 AM
17-May-24,AAC Plant 2,2,2250-7,914K Transaxle Case,2,N/G Tip or Sleeve Change,260,bsm not knocking parts off n/g shot tip chunk out,Casting Process/Equipment,12:25 AM,04:45 AM
17-May-24,AAC Plant 2,2,800-2,G300 CENTER SUPPORT DC,14,Clean Up,20,carry over hydraulic oil low,Casting Process/Equipment,05:15 PM,05:35 PM
17-May-24,AAC Plant 2,2,800-3,G300 CENTER SUPPORT DC,13,Clean Up,10,carry over air pressure low fault,Casting Process/Equipment,05:15 PM,05:25 PM
18-May-24,AAC Plant 2,1,2250-13,"T-324 Housing, Transaxle DC",3,Metal Delivery,15,ladle arm rtn over run out of metal,Casting Process/Equipment,01:00 PM,01:15 PM
18-May-24,AAC Plant 2,1,2250-6,984F Crankcase DC,3,Condition Check Die,20,condition check cold shut,Die Related,01:35 PM,01:55 PM
18-May-24,AAC Plant 2,2,2250-13,"T-324 Housing, Transaxle DC",3,Metal Delivery,10,ladle arm over run low metal,Casting Process/Equipment,07:40 PM,07:50 PM
18-May-24,AAC Plant 2,2,2250-13,"T-324 Housing, Transaxle DC",3,Metal Delivery,15,ladle arm over run low metal,Casting Process/Equipment,07:10 PM,07:25 PM
18-May-24,AAC Plant 2,2,2250-9,946F Crankcase DC,13,Condition Check Die,15,condition check cold shut,Die Related,07:00 PM,07:15 PM
18-May-24,AAC Plant 2,2,2250-9,946F Crankcase DC,13,Condition Check Die,15,condition check cold shot discoloration,Die Related,06:30 PM,06:55 PM
19-May-24,AAC Plant 2,1,2250-10,G300 TRANSMISSION CASE DC,10,Condition Check Die,10,condition check patrol inspector,Die Related,11:55 AM,12:05 PM
19-May-24,AAC Plant 2,2,2250-13,"T-324 Housing, Transaxle DC",3,Clean Up,15,row call checking manpower,Casting Process/Equipment,05:15 PM,05:30 PM
19-May-24,AAC Plant 2,2,2250-14,G300 TRANSMISSION CASE DC,9,Clean Up,15,row call checking manpower,Casting Process/Equipment,05:15 PM,05:30 PM
19-May-24,AAC Plant 2,2,2250-14,G300 TRANSMISSION CASE DC,9,Metal Delivery,15,ladle arm over run low metal,Casting Process/Equipment,06:20 PM,06:35 PM
20-May-24,AAC Plant 2,1,2250-13,"T-324 Case, Transaxle DC",3,Product Change,105,carry over from previous shift product change t324 tac,Die Related,05:00 AM,06:45 AM
20-May-24,AAC Plant 2,1,2250-2,908K TAH AWD DC,2,Other (Indirect),10,shut down ng corepin fg,Casting Process/Equipment,06:30 AM,06:40 AM
20-May-24,AAC Plant 2,1,2250-4,984F Crankcase DC,5,Condition Check Die,10,condition check per qc request,Die Related,09:15 AM,09:25 AM
20-May-24,AAC Plant 2,1,2250-6,946F Crankcase DC,13,Condition Check Die,20,condition check qe request,Die Related,02:00 PM,02:20 PM
20-May-24,AAC Plant 2,2,2250-14,G300 TRANSMISSION CASE DC,9,Metal Delivery,75,shaker backed up end of chute at main shaker,Casting Process/Equipment,10:05 PM,11:20 PM
20-May-24,AAC Plant 2,2,2250-14,G300 TRANSMISSION CASE DC,9,Metal Delivery,20,shaker backed up parts stuck under servo,Casting Process/Equipment,07:10 PM,07:30 PM
20-May-24,AAC Plant 2,2,2250-6,946F Crankcase DC,14,Die Change,120,die change carry over,Die Related,05:15 PM,07:15 PM
21-May-24,AAC Plant 2,1,2250-11,LB01 TM Case DC,4,Die Change,30,setting s/s carry over,Die Related,05:00 AM,05:30 AM
21-May-24,AAC Plant 2,1,2250-12,LB01 TM Case DC,1,Die Change,70,die change bent pins c-3,Die Related,05:00 AM,06:10 AM
21-May-24,AAC Plant 2,1,2250-3,908K TAH FWD DC,2,Clean Up,30,carry over 4s+d polish,Casting Process/Equipment,11:20 AM,11:50 AM
21-May-24,AAC Plant 2,1,2250-4,984F Crankcase DC,3,Clean Up,25,carry over 4s+d,Casting Process/Equipment,11:30 AM,11:55 AM
21-May-24,AAC Plant 2,1,2250-6,946F Crankcase DC,14,Condition Check Die,20,condition check,Die Related,08:20 AM,08:40 AM
21-May-24,AAC Plant 2,1,800-3,G300 CENTER SUPPORT DC,13,Condition Check Machine,25,crack flow window condition check,Casting Process/Equipment,09:55 AM,10:20 AM
21-May-24,AAC Plant 2,2,2250-1,946F Crankcase DC,16,Clean Up,25,late start up man power short,Casting Process/Equipment,05:15 PM,05:40 PM
21-May-24,AAC Plant 2,2,2250-13,"T-324 Case, Transaxle DC",1,N/G Tip or Sleeve Change,75,broke biscuit losing prime to tip lube,Casting Process/Equipment,09:40 PM,10:55 PM
21-May-24,AAC Plant 2,2,2250-13,"T-324 Case, Transaxle DC",1,N/G Tip or Sleeve Change,40,broke biscuit metal in tip lube ring,Casting Process/Equipment,08:10 PM,08:50 PM
21-May-24,AAC Plant 2,2,2250-3,G300 TA HOUSING FWD DC,3,Die Change,105,die change,Die Related,11:35 PM,01:20 AM
21-May-24,AAC Plant 2,2,2250-7,A467 Transmission Housing DC,4,Metal Delivery,15,melt still cleaning furnace,Casting Process/Equipment,11:55 PM,12:10 AM
22-May-24,AAC Plant 2,1,2250-10,G300 TRANSMISSION CASE DC,10,Clean Up,10,"carryover 4s+d, wating on DM t/l to approve polish",Die Related,11:30 AM,11:40 AM
22-May-24,AAC Plant 2,1,2250-4,984F Crankcase DC,5,Condition Check Die,10,cond chk die; water leak m/s; NG,Die Related,09:25 AM,09:35 AM
22-May-24,AAC Plant 2,1,2250-4,984F Crankcase DC,5,Die Change,60,pull die 3 set #6,Die Related,09:35 AM,10:35 AM
22-May-24,AAC Plant 2,1,2250-6,946F Crankcase DC,14,Condition Check Die,15,"discoloration on part; no leaks, switch some water lines",Die Related,07:15 AM,07:30 AM
22-May-24,AAC Plant 2,1,2250-6,946F Crankcase DC,14,Condition Check Die,40,"no leaks; spray test all okay, restart",Die Related,09:10 AM,09:50 AM
22-May-24,AAC Plant 2,1,2250-6,946F Crankcase DC,14,Condition Check Die,15,"cond chk per qe; discoloration; no leaks, turn spray down",Die Related,01:50 PM,02:05 PM
22-May-24,AAC Plant 2,1,2250-8,19MY NONPTO TRANSMISSION CASE DC,1,Clean Up,20,clean belly pan out,Misc.,08:15 AM,08:35 AM
22-May-24,AAC Plant 2,1,800-2,908K Center Support DC,1,Condition Check Die,85,spine gauge not going; metal build up on die and shot coverage NG; call maint for NG shot coverage and call dm for polis,Die Related,02:15 PM,03:40 PM
22-May-24,AAC Plant 2,1,800-3,G300 CENTER SUPPORT DC,13,Clean Up,15,"chill vents clogged, die dirty; dry iced die",Die Related,05:15 AM,05:30 AM
22-May-24,AAC Plant 2,2,2250-11,LB01 TM Case DC,4,Condition Check Die,15,s/s cracking; checked all spray/ found s/s fixed spray line had busted,Die Related,12:50 AM,01:05 AM
22-May-24,AAC Plant 2,2,2250-12,LB01 TM Case DC,3,Die Change,85,die chg; previous die need pulled for repair,Die Related,05:15 PM,06:40 PM
22-May-24,AAC Plant 2,2,2250-13,"T-324 Case, Transaxle DC",1,Metal Delivery,20,shaker backed up; parts stuck in shaker,Metal Delivery,04:10 AM,04:30 AM
22-May-24,AAC Plant 2,2,2250-3,G300 TA HOUSING FWD DC,3,Condition Check Die,50,qc-request condition check/cold shot,Die Related,06:55 PM,07:45 PM
22-May-24,AAC Plant 2,2,2250-6,946F Crankcase DC,14,Condition Check Die,15,"cond. chk/ cracking parts; developer chk, call dm",Die Related,06:30 PM,06:45 PM
22-May-24,AAC Plant 2,2,2250-6,946F Crankcase DC,14,Condition Check Die,30,"cold shot; developer check, no leak, blow die out, adj spray, check spray robot/nozzles",Die Related,02:00 AM,02:30 AM
23-May-24,AAC Plant 2,1,2250-3,G300 TA HOUSING FWD DC,3,Condition Check Die,10,condition check pi request leaks on s/s,Die Related,05:50 AM,06:00 AM
23-May-24,AAC Plant 2,1,2250-6,946F Crankcase DC,14,Condition Check Die,10,condition check discolor on part,Die Related,03:15 PM,03:25 PM
23-May-24,AAC Plant 2,1,2250-8,19MY NONPTO TRANSMISSION CASE DC,1,Die Change,275,broke pin c-2 set w/pto #4,Die Related,05:25 AM,10:00 AM
23-May-24,AAC Plant 2,1,2250-9,946F Crankcase DC,12,Condition Check Die,20,condition check cold shut on parts,Die Related,05:35 AM,05:55 AM
23-May-24,AAC Plant 2,1,2250-9,946F Crankcase DC,12,Condition Check Die,20,condition check part discolored,Die Related,09:20 AM,09:40 AM
23-May-24,AAC Plant 2,1,2250-9,946F Crankcase DC,12,Clean Up,45,lamination on parts off ship ahead,Casting Process/Equipment,08:15 AM,09:00 AM
23-May-24,AAC Plant 2,1,800-1,908K Center Support DC,2,Condition Check Machine,30,cycle stop pe checking actual water flow from shot sleeve,Casting Process/Equipment,06:55 AM,07:25 AM
23-May-24,AAC Plant 2,2,1650-1,"103E Oil Pan, No. 1  DC",3,Clean Up,15,over 4s+d,Casting Process/Equipment,11:30 PM,11:45 PM
23-May-24,AAC Plant 2,2,2250-1,946F Crankcase DC,16,Clean Up,15,over 4s+d,Casting Process/Equipment,11:35 PM,11:50 PM
23-May-24,AAC Plant 2,2,2250-10,G300 TRANSMISSION CASE DC,10,Clean Up,25,shaker backed up,Casting Process/Equipment,04:20 AM,04:45 AM
23-May-24,AAC Plant 2,2,2250-10,G300 TRANSMISSION CASE DC,10,Clean Up,55,shaker backed up,Casting Process/Equipment,12:05 AM,01:00 AM
23-May-24,AAC Plant 2,2,2250-11,LB01 TM Case DC,4,Metal Delivery,45,shaker down shaker jammed,Casting Process/Equipment,06:00 PM,06:45 PM
23-May-24,AAC Plant 2,2,2250-12,LB01 TM Case DC,3,Metal Delivery,40,shaker down jammed,Casting Process/Equipment,06:05 PM,06:45 PM
23-May-24,AAC Plant 2,2,2250-13,"T-324 Case, Transaxle DC",1,Clean Up,30,carry over polish dm still polishing die,Casting Process/Equipment,03:00 AM,03:30 AM
23-May-24,AAC Plant 2,2,2250-2,908K TAH AWD DC,3,Clean Up,15,over 4s+d,Casting Process/Equipment,11:35 PM,11:50 PM
23-May-24,AAC Plant 2,2,2250-3,G300 TA HOUSING FWD DC,3,Die Change,180,carry over die change,Die Related,05:15 PM,08:15 PM
23-May-24,AAC Plant 2,2,2250-6,946F Crankcase DC,14,Metal Delivery,15,ladle arm return over run no metal,Casting Process/Equipment,11:55 PM,12:10 PM
24-May-24,AAC Plant 2,1,2250-12,LB01 TM Case DC,3,Other (Indirect),15,shot tip leaking tip lose,Casting Process/Equipment,05:15 AM,05:30 AM
24-May-24,AAC Plant 2,1,2250-3,G300 TA HOUSING FWD DC,3,Clean Up,15,carry over 4s+d polishing die,Casting Process/Equipment,11:15 AM,11:30 AM
24-May-24,AAC Plant 2,1,2250-5,G298 TA HOUSING AWD DC,1,Condition Check Die,10,condition check ng spray nozzles,Die Related,08:40 AM,08:30 AM
24-May-24,AAC Plant 2,1,2250-8,19MY PTO TRANSMISSION CASE DC,4,Clean Up,90,carry over 4s+d broke bolt c-3,Casting Process/Equipment,11:20 AM,12:50 PM
24-May-24,AAC Plant 2,1,2250-9,946F Crankcase DC,11,Condition Check Die,20,condition check cold shot still,Die Related,06:40 AM,07:00 AM
24-May-24,AAC Plant 2,1,2250-9,946F Crankcase DC,11,Condition Check Die,20,condition check parts cold shot,Die Related,06:10 AM,06:30 AM
24-May-24,AAC Plant 2,1,2250-9,946F Crankcase DC,11,Product Change,35,"carry over die change, finished hooking die up from previous shift",Die Related,05:15 AM,05:50 AM
24-May-24,AAC Plant 2,1,2250-9,946F Crankcase DC,11,Condition Check Die,75,waiting on pe and qe,Die Related,12:15 PM,01:30 PM
24-May-24,AAC Plant 2,1,2250-9,946F Crankcase DC,11,Condition Check Die,190,condition check 2 pin leaking 1 m/s main core 2 s/s,Die Related,01:50 PM,05:00 PM
24-May-24,AAC Plant 2,2,2250-12,LB01 TM Case DC,3,N/G Tip or Sleeve Change,20,flashed around tip tip loose leaking water,Casting Process/Equipment,06:30 PM,06:50 PM
24-May-24,AAC Plant 2,2,2250-13,"T-324 Housing, Transaxle DC",3,Clean Up,15,start up man power shortage,Casting Process/Equipment,05:15 PM,05:30 PM
24-May-24,AAC Plant 2,2,2250-14,G300 TRANSMISSION CASE DC,9,Clean Up,25,start up manpower shortage,Casting Process/Equipment,05:15 PM,05:40 PM
24-May-24,AAC Plant 2,2,2250-7,A467 Adaptor DC,3,Metal Delivery,20,"furnace temp fault, melt poured hot metal in furnace metal temp to high 671",Casting Process/Equipment,12:20 AM,12:40 AM
24-May-24,AAC Plant 2,2,2250-9,946F Crankcase DC,8,Die Change,20,carry from 1st shift die change,Die Related,05:15 PM,05:35 PM
25-May-24,AAC Plant 2,1,2250-9,946F Crankcase DC,8,Condition Check Die,20,cold shut on parts,Die Related,05:40 AM,06:00 AM
25-May-24,AAC Plant 2,1,2250-9,946F Crankcase DC,8,Condition Check Die,25,cold shut on parts,Die Related,06:10 AM,06:35 AM
25-May-24,AAC Plant 2,2,800-1,908K Center Support DC,2,Condition Check Die,36,flooe height ng,Die Related,08:36 PM,09:00 PM
28-May-24,AAC Plant 2,1,2250-12,LB01 TM Case DC,3,N/G Tip or Sleeve Change,95,n/g shot tip leaking water,Die Related,08:45 AM,10:20 AM
28-May-24,AAC Plant 2,1,2250-12,LB01 TM Case DC,3,Condition Check Die,15,condition check cold shot,Die Related,07:50 AM,08:05 AM
28-May-24,AAC Plant 2,1,2250-3,908K TAH FWD DC,1,Other (Indirect),115,water line came off back of die waiting on crane to pull s/s,Casting Process/Equipment,11:35 AM,01:30 PM
28-May-24,AAC Plant 2,1,2250-4,984F Crankcase DC,6,Clean Up,10,carry over 4s+d working on other machine,Casting Process/Equipment,11:30 AM,11:40 AM
28-May-24,AAC Plant 2,1,2250-6,984F Crankcase DC,3,Condition Check Die,15,condition check p.i request,Die Related,01:15 PM,01:30 PM
28-May-24,AAC Plant 2,2,800-1,908K Center Support DC,2,Condition Check Machine,26,condition check floor height n/g,Casting Process/Equipment,05:58 PM,06:24 PM
28-May-24,AAC Plant 2,2,800-2,908K Center Support DC,1,Die Change,185,pull die for repair flash through m/s powder pin,Die Related,01:25 AM,04:30 AM
29-May-24,AAC Plant 2,1,2250-11,LB01 TM Case DC,4,Die Change,70,setting lb01tmc-2 parts cracking,Die Related,10:45 AM,11:55 AM
29-May-24,AAC Plant 2,1,2250-2,908K TAH AWD DC,3,Clean Up,15,carry over 4s+d,Casting Process/Equipment,11:30 AM,11:45 AM
29-May-24,AAC Plant 2,1,2250-2,908K TAH AWD DC,3,Die Change,170,"carry over waiting for die from d/m, waiting for crane",Die Related,05:00 AM,07:50 AM
29-May-24,AAC Plant 2,1,2250-4,984F Crankcase DC,6,Die Change,55,broke pin pull die 6 set die 3,Die Related,03:35 PM,04:30 AM
29-May-24,AAC Plant 2,1,2250-5,G298 TA HOUSING AWD DC,6,Condition Check Die,20,condition check,Die Related,01:10 PM,01:30 PM
29-May-24,AAC Plant 2,1,2250-6,946F Crankcase DC,14,Condition Check Die,10,condition check p.i request,Die Related,05:50 AM,06:00 AM
29-May-24,AAC Plant 2,2,1650-1,"103E Oil Pan, No. 1  DC",2,Clean Up,20,carry over melt cleaning furnace,Casting Process/Equipment,11:30 PM,11:50 PM
29-May-24,AAC Plant 2,2,2250-12,LB13 TM Case DC,1,Condition Check Die,20,condition check shrinkage crack c-2,Die Related,01:15 AM,01:35 AM
29-May-24,AAC Plant 2,2,2250-13,"T-324 Case, Transaxle DC",1,Clean Up,10,start up after 4s+d,Casting Process/Equipment,01:10 AM,01:20 AM
29-May-24,AAC Plant 2,2,2250-13,"T-324 Case, Transaxle DC",1,Metal Delivery,15,shaker alarm shaker backed up at servo,Casting Process/Equipment,10:35 PM,10:50 PM
29-May-24,AAC Plant 2,2,2250-14,G300 TRANSMISSION CASE DC,8,Condition Check Die,60,condition check n/g function gauge c-3,Die Related,03:10 AM,04:10 AM
29-May-24,AAC Plant 2,2,2250-14,G300 TRANSMISSION CASE DC,8,Condition Check Die,20,condition check n/g function gauge c-3,Die Related,08:05 PM,08:25 PM
29-May-24,AAC Plant 2,2,2250-4,984F Crankcase DC,3,Die Change,120,carry over die change,Die Related,05:15 PM,07:15 PM
29-May-24,AAC Plant 2,2,800-2,G300 CENTER SUPPORT DC,11,Die Change,60,die change flashed through m/s powder pins,Die Related,11:11 PM,12:11 PM
29-May-24,AAC Plant 2,2,800-2,G300 CENTER SUPPORT DC,11,Die Change,65,carry over waiting on s/s from dm,Die Related,05:15 PM,06:20 PM
30-May-24,AAC Plant 2,1,2250-10,G300 TRANSMISSION CASE DC,11,Other (Indirect),225,waiting on a crane,Casting Process/Equipment,01:00 PM,04:45 PM
30-May-24,AAC Plant 2,1,2250-12,LB13 TM Case DC,1,Clean Up,30,polish,Die Related,05:00 AM,05:30 AM
30-May-24,AAC Plant 2,1,2250-4,984F Crankcase DC,5,Die Change,180,carry over die change reconnected die to pull whole die pulled die 3 set die 5,Die Related,05:00 AM,08:00 AM
30-May-24,AAC Plant 2,1,2250-5,G298 TA HOUSING AWD DC,6,Water/Die Lube Supply,25,water leak ng water fitting on shot rod,Casting Process/Equipment,06:00 AM,06:25 AM
30-May-24,AAC Plant 2,1,2250-6,946F Crankcase DC,14,Condition Check Die,10,condition check die-color on part,Die Related,07:20 AM,07:30 AM
30-May-24,AAC Plant 2,1,2250-9,946F Crankcase DC,8,Other (Indirect),210,waiting on die,Casting Process/Equipment,09:30 AM,01:00 PM
30-May-24,AAC Plant 2,1,2250-9,946F Crankcase DC,8,Other (Indirect),120,waiting on crane,Casting Process/Equipment,01:00 PM,03:00 PM
30-May-24,AAC Plant 2,2,2250-14,G300 TRANSMISSION CASE DC,8,Die Change,110,die change auto exchange to #9,Die Related,06:20 PM,08:10 PM
30-May-24,AAC Plant 2,2,2250-14,G300 TRANSMISSION CASE DC,8,Condition Check Die,20,ng function gauge c-3,Die Related,06:00 PM,06:20 PM
30-May-24,AAC Plant 2,2,2250-9,946F Crankcase DC,12,Die Change,20,carry over from 1st shift bolts being put in on m/s,Die Related,05:15 PM,05:35 PM
30-May-24,AAC Plant 2,2,500-3,G903 Stator Wheel DC,7,Condition Check Die,15,condition check die a-cavity balance to high,Die Related,06:30 PM,06:45 PM
31-May-24,AAC Plant 2,1,2250-12,LB13 TM Case DC,1,Condition Check Die,25,condition check n/g test cut,Die Related,07:00 AM,07:25 AM
31-May-24,AAC Plant 2,1,2250-5,G298 TA HOUSING AWD DC,6,N/G Tip or Sleeve Change,90,broke biscuit ng shot tip,Casting Process/Equipment,02:00 PM,03:30 PM
31-May-24,AAC Plant 2,1,2250-8,19MY NONPTO TRANSMISSION CASE DC,1,Clean Up,30,carry over 4s,Casting Process/Equipment,11:30 AM,12:00 PM
31-May-24,AAC Plant 2,1,2250-9,946F Crankcase DC,12,Condition Check Die,20,condition check(ok) cold hut on s/s caused by die lube,Die Related,11:50 AM,12:10 PM
31-May-24,AAC Plant 2,2,2250-11,LB01 TM Case DC,1,Clean Up,10,manpower short,Casting Process/Equipment,05:15 PM,05:25 PM
31-May-24,AAC Plant 2,2,2250-12,LB13 TM Case DC,1,Metal Delivery,10,ladle arm over run low metal,Casting Process/Equipment,10:45 PM,10:55 PM
31-May-24,AAC Plant 2,2,2250-14,G300 TRANSMISSION CASE DC,9,N/G Tip or Sleeve Change,65,broke biscuit ng tip lube,Casting Process/Equipment,07:30 PM,08:35 PM
31-May-24,AAC Plant 2,2,2250-6,984F Crankcase DC,3,Die Change,30,carry over set s/s broke pin on 1st shift,Die Related,05:15 PM,05:45 PM
31-May-24,AAC Plant 2,2,2250-6,984F Crankcase DC,3,Condition Check Die,30,condition check cold shut,Die Related,03:30 AM,04:00 AM
31-May-24,AAC Plant 2,2,800-2,G300 CENTER SUPPORT DC,11,Die Change,225,waiting on die,Die Related,05:15 PM,09:00 PM
31-May-24,AAC Plant 2,2,800-3,G300 CENTER SUPPORT DC,13,Condition Check Die,165,carry over from previous shift flash through s/s powder pin,Die Related,05:15 PM,08:00 PM
1-Jun-24,AAC Plant 2,1,2250-1,946F Crankcase DC,16,Other (Indirect),15,carry over working on other dcm,Casting Process/Equipment,11:20 AM,11:35 AM
1-Jun-24,AAC Plant 2,1,2250-14,G300 TRANSMISSION CASE DC,9,Metal Delivery,25,ladle arm over run out of metal,Casting Process/Equipment,05:40 AM,06:05 AM
1-Jun-24,AAC Plant 2,1,2250-6,984F Crankcase DC,3,Condition Check Die,10,condition check p.i request,Die Related,01:20 PM,01:30 PM
1-Jun-24,AAC Plant 2,1,2250-6,984F Crankcase DC,3,Condition Check Die,10,condition check discolor on part,Die Related,06:15 AM,06:25 AM
1-Jun-24,AAC Plant 2,1,2250-8,G300 TA HOUSING FWD DC,4,Condition Check Die,10,condition check cracked pin,Die Related,05:55 AM,06:05 AM
1-Jun-24,AAC Plant 2,1,2250-8,G300 TA HOUSING FWD DC,4,Product Change,245,core swap g300 TAH #3,Die Related,06:05 AM,10:10 AM
1-Jun-24,AAC Plant 2,1,800-1,908K Center Support DC,2,N/G Tip or Sleeve Change,60,shot monitor flashing past tip,Casting Process/Equipment,03:30 PM,04:30 PM
1-Jun-24,AAC Plant 2,1,800-3,G300 CENTER SUPPORT DC,13,Condition Check Die,25,condition check non fill on parts fill,Die Related,05:15 AM,05:40 AM
1-Jun-24,AAC Plant 2,2,2250-14,G300 TRANSMISSION CASE DC,9,Metal Delivery,10,ladle arm over run low metal,Casting Process/Equipment,06:45 PM,06:55 PM
1-Jun-24,AAC Plant 2,2,2250-3,908K TAH AWD DC,2,Die Change,20,die change no pin for repair,Die Related,10:30 PM,10:50 PM
1-Jun-24,AAC Plant 2,2,2250-5,G298 TA HOUSING AWD DC,1,Condition Check Die,15,condition check blister on parts,Die Related,12:25 AM,12:40 AM
1-Jun-24,AAC Plant 2,2,2250-6,984F Crankcase DC,3,Condition Check Die,15,condition check cold chut discoloration c-1,Die Related,01:50 AM,02:05 AM
2-Jun-24,AAC Plant 2,1,2250-5,G298 TA HOUSING AWD DC,4,Die Change,105,"die change pulled 298 #1, prev customer issue set 298 #4",Die Related,05:15 PM,07:00 PM
2-Jun-24,AAC Plant 2,1,2250-5,G298 TA HOUSING AWD DC,4,Condition Check Die,30,condition check ng air hose on spray robot,Die Related,08:30 AM,09:00 AM
2-Jun-24,AAC Plant 2,2,2250-2,908K TAH AWD DC,3,Condition Check Die,10,scrap chute backed up biscuits caught in chute,Die Related,04:35 PM,04:45 PM
3-Jun-24,AAC Plant 2,1,2250-14,G300 TRANSMISSION CASE DC,9,N/G Tip or Sleeve Change,50,biscuit breaking shot tip broke,Casting Process/Equipment,01:10 PM,02:00 PM
3-Jun-24,AAC Plant 2,1,800-3,G300 CENTER SUPPORT DC,14,Date Stamp-ID,8,reset part counter,Casting Process/Equipment,05:30 AM,05:38 AM
4-Jun-24,AAC Plant 2,1,2250-11,LB01 TM Case DC,3,Condition Check Die,15,condition check galling s/s,Die Related,10:05 AM,10:20 AM
4-Jun-24,AAC Plant 2,1,2250-7,A467 Transmission Housing DC,4,Condition Check Die,10,condition check requested by q.c,Die Related,06:50 AM,07:00 AM
4-Jun-24,AAC Plant 2,1,2250-7,A467 Transmission Housing DC,4,Condition Check Die,15,condition check check water flow,Die Related,02:50 PM,03:05 PM
4-Jun-24,AAC Plant 2,2,2250-11,LB01 TM Case DC,3,Condition Check Machine,10,"ladledidn't pour, timed out acc not charging fast enough",Casting Process/Equipment,03:00 AM,03:10 AM
4-Jun-24,AAC Plant 2,2,2250-9,946F Crankcase DC,15,Die Change,140,die change n/g f/g,Die Related,01:35 AM,03:55 AM
4-Jun-24,AAC Plant 2,2,2250-9,946F Crankcase DC,15,Condition Check Machine,25,condition check parts not function gauging,Casting Process/Equipment,12:25 AM,12:50 AM
5-Jun-24,AAC Plant 2,1,2250-12,LB01 TM Case DC,2,Other (Indirect),75,crane NG; lost power; call maint,Misc.,07:30 AM,08:45 AM
5-Jun-24,AAC Plant 2,1,2250-9,946F Crankcase DC,12,Metal Delivery,70,cold metal temp 648,Casting Process/Equipment,06:10 AM,07:20 AM
5-Jun-24,AAC Plant 2,1,2250-9,946F Crankcase DC,12,Condition Check Die,10,condition check cold shut on part,Casting Process/Equipment,11:40 AM,11:50 AM
5-Jun-24,AAC Plant 2,2,1650-1,"103E Oil Pan, No. 1  DC",4,Condition Check Die,20,condition check discoloration,Die Related,07:05 PM,07:25 PM
5-Jun-24,AAC Plant 2,2,2250-12,LB01 TM Case DC,2,Other (Indirect),75,crane ng lost power,Casting Process/Equipment,07:30 AM,08:45 AM
5-Jun-24,AAC Plant 2,2,2250-12,LB01 TM Case DC,2,Other (Indirect),-75,,,,
5-Jun-24,AAC Plant 2,2,2250-3,G300 TA HOUSING FWD DC,4,Metal Delivery,20,ulr fault melt driver hit furnace,Casting Process/Equipment,02:15 AM,02:35 AM
5-Jun-24,AAC Plant 2,2,2250-8,19MY NONPTO TRANSMISSION CASE DC,1,Metal Delivery,15,ran out of metal,Casting Process/Equipment,07:30 PM,07:45 PM
6-Jun-24,AAC Plant 2,1,2250-11,LB01 TM Case DC,3,Condition Check Die,20,condition check 2 out of 3 fail test,Die Related,06:50 AM,07:10 AM
6-Jun-24,AAC Plant 2,1,2250-11,LB01 TM Case DC,3,Clean Up,60,developer check 3/3 fail test cut,Casting Process/Equipment,09:40 AM,10:40 AM
6-Jun-24,AAC Plant 2,1,2250-13,"T-324 Case, Transaxle DC",1,N/G Tip or Sleeve Change,180,shot tip seized in sleeve,Casting Process/Equipment,01:00 PM,04:00 PM
6-Jun-24,AAC Plant 2,1,2250-8,19MY NONPTO TRANSMISSION CASE DC,1,Metal Delivery,10,out of metal,Casting Process/Equipment,07:25 AM,07:35 AM
6-Jun-24,AAC Plant 2,1,2250-9,946F Crankcase DC,12,Product Change,40,die change datem pin chunking out,Die Related,08:50 AM,09:30 AM
6-Jun-24,AAC Plant 2,1,2250-9,946F Crankcase DC,12,Metal Delivery,10,out of metal,Casting Process/Equipment,07:25 AM,07:35 AM
6-Jun-24,AAC Plant 2,2,2250-14,G300 TRANSMISSION CASE DC,8,Metal Delivery,15,shaker fault backed up below servo,Casting Process/Equipment,08:10 PM,08:25 PM
6-Jun-24,AAC Plant 2,2,2250-3,G300 TA HOUSING FWD DC,4,Clean Up,10,over 4s+d,Casting Process/Equipment,11:30 PM,11:40 PM
6-Jun-24,AAC Plant 2,2,800-2,908K Center Support DC,1,Clean Up,15,finish hooking up die previous shift pull m/s,Casting Process/Equipment,05:15 PM,05:30 PM
7-Jun-24,AAC Plant 2,1,2250-12,LB13 TM Case DC,1,Condition Check Die,35,condition check crack,Die Related,08:25 AM,09:00 AM
7-Jun-24,AAC Plant 2,1,2250-3,G300 TA HOUSING FWD DC,4,Die Change,215,pull die 4 set die 2 core swap auto exchange problems,Die Related,08:30 AM,12:05 PM
7-Jun-24,AAC Plant 2,1,2250-3,G300 TA HOUSING FWD DC,4,Other (Indirect),70,p.e. investigating,Die Related,03:35 PM,04:45 PM
7-Jun-24,AAC Plant 2,1,2250-4,984F Crankcase DC,3,Other (Indirect),35,p.e worked on ulr misload,Casting Process/Equipment,03:05 PM,03:40 PM
7-Jun-24,AAC Plant 2,1,2250-8,19MY PTO TRANSMISSION CASE DC,4,Product Change,105,carry over die change,Die Related,05:15 AM,07:00 AM
7-Jun-24,AAC Plant 2,2,2250-13,"T-324 Housing, Transaxle DC",1,Die Change,35,carry over die change setting t324 die 1,Die Related,05:15 PM,05:50 PM
7-Jun-24,AAC Plant 2,2,2250-13,"T-324 Housing, Transaxle DC",1,Condition Check Die,30,condition check lamination on parts,Die Related,07:20 PM,07:50 PM
7-Jun-24,AAC Plant 2,2,2250-14,"T-324 Case, Transaxle DC",2,Metal Delivery,45,shaker backed up muiltiple parts stack below servo,Casting Process/Equipment,03:45 AM,04:30 AM
7-Jun-24,AAC Plant 2,2,800-2,G300 CENTER SUPPORT DC,13,Condition Check Die,50,condition check non fill in runners,Die Related,05:40 PM,06:30 PM
8-Jun-24,AAC Plant 2,1,2250-1,946F Crankcase DC,16,Other (Indirect),10,scrap chute jammed on 2250-2,Casting Process/Equipment,09:55 AM,10:05 AM
8-Jun-24,AAC Plant 2,1,2250-10,G300 TRANSMISSION CASE DC,7,Clean Up,10,carry over 4s+d waiting on dm tl to check polish,Casting Process/Equipment,11:20 AM,11:30 AM
8-Jun-24,AAC Plant 2,1,2250-14,"T-324 Case, Transaxle DC",1,Condition Check Die,35,condition check cold shot on parts,Die Related,01:00 PM,01:35 PM
8-Jun-24,AAC Plant 2,2,2250-13,"T-324 Housing, Transaxle DC",1,Metal Delivery,15,ladle over run low on metal,Casting Process/Equipment,05:25 PM,05:40 PM
8-Jun-24,AAC Plant 2,2,2250-4,984F Crankcase DC,3,Die Change,85,die change c-1 leaking,Die Related,08:40 PM,10:05 PM
8-Jun-24,AAC Plant 2,2,2250-4,984F Crankcase DC,3,Condition Check Die,40,qc-request condition check cold shot,Die Related,06:35 PM,07:15 PM
9-Jun-24,AAC Plant 2,1,2250-10,G300 TRANSMISSION CASE DC,7,Metal Delivery,15,shaker jammed,Casting Process/Equipment,01:10 PM,01:25 PM
9-Jun-24,AAC Plant 2,2,2250-13,"T-324 Housing, Transaxle DC",2,Metal Delivery,45,molten metal fault low on metal,Casting Process/Equipment,03:45 AM,04:30 AM
9-Jun-24,AAC Plant 2,2,2250-13,"T-324 Housing, Transaxle DC",2,Condition Check Die,25,CONDITION CHECK LAMINATION,Die Related,12:05 AM,12:30 AM
9-Jun-24,AAC Plant 2,2,2250-13,"T-324 Housing, Transaxle DC",2,Clean Up,50,condition check lamination,Casting Process/Equipment,05:40 PM,06:30 PM
9-Jun-24,AAC Plant 2,2,2250-13,"T-324 Housing, Transaxle DC",2,Metal Delivery,25,molten metal detect metal on ladle probes,Casting Process/Equipment,08:25 PM,08:50 PM
9-Jun-24,AAC Plant 2,2,2250-13,"T-324 Housing, Transaxle DC",2,Metal Delivery,20,shaker fault biscuit runners stuck at servo,Casting Process/Equipment,10:00 PM,10:20 PM
9-Jun-24,AAC Plant 2,2,2250-14,"T-324 Case, Transaxle DC",1,Metal Delivery,30,shaker fault shaker backed up,Casting Process/Equipment,05:30 PM,06:00 PM
9-Jun-24,AAC Plant 2,2,2250-14,"T-324 Case, Transaxle DC",1,Metal Delivery,30,shaker fault shaker backed up,Casting Process/Equipment,08:30 PM,09:00 PM
9-Jun-24,AAC Plant 2,2,2250-14,"T-324 Case, Transaxle DC",1,Condition Check Die,30,condition check lamination s/s,Die Related,10:45 PM,11:15 PM
10-Jun-24,AAC Plant 2,1,2250-10,G300 TRANSMISSION CASE DC,11,Condition Check Die,15,p/i request condition check cold shut on parts,Die Related,06:55 AM,07:10 AM
10-Jun-24,AAC Plant 2,1,2250-11,LB01 TM Case DC,3,Condition Check Die,15,condition check per supervisor porisity on parts,Die Related,08:05 AM,08:20 AM
10-Jun-24,AAC Plant 2,1,800-1,908K Center Support DC,2,Other (Indirect),35,furnace cleaning,Casting Process/Equipment,10:50 AM,11:25 AM
10-Jun-24,AAC Plant 2,1,800-2,G300 CENTER SUPPORT DC,11,Die Change,45,die change flashed between A&B,Die Related,11:00 AM,12:40 PM
10-Jun-24,AAC Plant 2,2,2250-13,"T-324 Housing, Transaxle DC",1,Condition Check Die,25,condition check lamination,Die Related,06:25 PM,06:50 PM
10-Jun-24,AAC Plant 2,2,2250-13,"T-324 Housing, Transaxle DC",1,Water/Die Lube Supply,60,water leak below deck,Die Related,08:00 PM,09:00 PM
11-Jun-24,AAC Plant 2,1,2250-11,LB01 TM Case DC,3,N/G Tip or Sleeve Change,90,changing shot rod and sleeve,Casting Process/Equipment,10:30 AM,12:00 PM
11-Jun-24,AAC Plant 2,1,2250-11,LB01 TM Case DC,3,Other (Indirect),285,crane ng no power,Casting Process/Equipment,05:45 AM,10:30 AM
11-Jun-24,AAC Plant 2,1,2250-11,LB01 TM Case DC,3,N/G Tip or Sleeve Change,15,shot rtn over flash through sleeve,Casting Process/Equipment,05:30 AM,05:45 AM
11-Jun-24,AAC Plant 2,1,2250-6,946F Crankcase DC,14,Water/Die Lube Supply,60,water leak on sleeve ng water fitting,Casting Process/Equipment,06:30 AM,07:30 AM
11-Jun-24,AAC Plant 2,2,2250-13,"T-324 Case, Transaxle DC",1,Metal Delivery,20,shake fault backed up at servo,Casting Process/Equipment,11:50 PM,12:10 AM
11-Jun-24,AAC Plant 2,2,2250-14,G300 TRANSMISSION CASE DC,9,Metal Delivery,20,shaker fault sensor moved,Casting Process/Equipment,05:35 PM,05:55 PM
11-Jun-24,AAC Plant 2,2,2250-2,908K TAH AWD DC,1,Metal Delivery,10,hot charge out of metal,Die Related,03:30 AM,03:40 AM
11-Jun-24,AAC Plant 2,2,2250-9,946F Crankcase DC,15,Condition Check Machine,30,condition check bolts base to low xx5 on c-1,Casting Process/Equipment,02:50 AM,03:20 AM
11-Jun-24,AAC Plant 2,2,2250-9,946F Crankcase DC,15,Condition Check Die,40,condition die bolt base to low,Die Related,11:50 PM,12:30 AM
11-Jun-24,AAC Plant 2,2,500-3,G903 Stator Wheel DC,7,Condition Check Die,20,condition check a-cavity balance running high,Die Related,10:00 PM,10:20 PM
12-Jun-24,AAC Plant 2,1,2250-10,G300 TRANSMISSION CASE DC,11,Metal Delivery,15,ladle arm return over run fault out of metal,Casting Process/Equipment,12:45 PM,01:00 PM
12-Jun-24,AAC Plant 2,1,2250-12,LB01 TM Case DC,2,Condition Check Die,20,condition check 3 out of 3 fail test cut,Die Related,07:05 AM,07:25 AM
12-Jun-24,AAC Plant 2,1,2250-13,"T-324 Case, Transaxle DC",1,Clean Up,15,clean shot area before startup shot area left a mess,Casting Process/Equipment,05:00 AM,05:15 AM
12-Jun-24,AAC Plant 2,1,2250-5,G298 TA HOUSING AWD DC,4,Other (Indirect),80,carry over vacuum dm manager adjust on vac,Casting Process/Equipment,11:30 AM,12:50 PM
12-Jun-24,AAC Plant 2,1,2250-8,19MY NONPTO TRANSMISSION CASE DC,1,Clean Up,15,carry over 4s,Casting Process/Equipment,11:35 AM,11:50 AM
12-Jun-24,AAC Plant 2,1,2250-8,19MY NONPTO TRANSMISSION CASE DC,1,Other (Indirect),15,pe thouch pinger up,Casting Process/Equipment,02:50 PM,03:05 PM
12-Jun-24,AAC Plant 2,1,2250-8,19MY NONPTO TRANSMISSION CASE DC,1,Clean Up,-15,,,,
12-Jun-24,AAC Plant 2,1,2250-8,19MY NONPTO TRANSMISSION CASE DC,1,Other (Indirect),-15,,,,
12-Jun-24,AAC Plant 2,1,2250-8,19MY NONPTO TRANSMISSION CASE DC,1,Other (Indirect),15,PE touch pinger up,Casting Process/Equipment,02:50 PM,03:05 PM
12-Jun-24,AAC Plant 2,1,2250-8,19MY NONPTO TRANSMISSION CASE DC,1,Clean Up,15,carryover 4s+d,Misc.,11:35 AM,11:50 AM
12-Jun-24,AAC Plant 2,1,2250-9,946F Crankcase DC,15,Metal Delivery,10,ladle arm over run alarm out of metal,Casting Process/Equipment,07:15 AM,07:25 AM
12-Jun-24,AAC Plant 2,2,2250-12,LB01 TM Case DC,4,Condition Check Die,30,cond check porosity c-4 sensor hole,Die Related,12:15 AM,12:45 AM
12-Jun-24,AAC Plant 2,2,2250-13,"T-324 Case, Transaxle DC",3,Metal Delivery,10,shaker fault backed up to servo,Casting Process/Equipment,05:20 PM,05:30 PM
13-Jun-24,AAC Plant 2,1,2250-1,946F Crankcase DC,16,Condition Check Die,10,condition check no leak,Casting Process/Equipment,12:10 PM,12:20 PM
13-Jun-24,AAC Plant 2,1,2250-11,LB01 TM Case DC,3,Condition Check Die,25,condition check 1 out of 3 leaker,Die Related,08:45 AM,09:10 AM
13-Jun-24,AAC Plant 2,1,2250-11,LB01 TM Case DC,3,Condition Check Die,10,condition check no leaks,Die Related,05:30 AM,05:40 AM
13-Jun-24,AAC Plant 2,1,2250-12,LB01 TM Case DC,4,Clean Up,80,condition check 1 out of 3 fail leak test,Casting Process/Equipment,08:30 AM,09:50 AM
13-Jun-24,AAC Plant 2,1,2250-7,914K Transaxle Case,2,Date Stamp-ID,30,start up 2250-8,Casting Process/Equipment,05:00 AM,05:30 AM
13-Jun-24,AAC Plant 2,1,500-3,G903 Stator Wheel DC,7,Condition Check Die,10,condition check a-cavity,Die Related,07:25 AM,07:35 AM
13-Jun-24,AAC Plant 2,2,2250-13,"T-324 Case, Transaxle DC",3,Water/Die Lube Supply,30,broke biscuit n/g tip lube,Casting Process/Equipment,10:00 PM,10:30 PM
13-Jun-24,AAC Plant 2,2,2250-13,"T-324 Case, Transaxle DC",3,Condition Check Die,55,condition check cold shot/lamination on parts,Die Related,09:00 PM,09:55 PM
13-Jun-24,AAC Plant 2,2,2250-13,"T-324 Case, Transaxle DC",3,Metal Delivery,10,shake fault parts backed up under servo,Casting Process/Equipment,05:15 PM,05:25 PM
13-Jun-24,AAC Plant 2,2,2250-14,G300 TRANSMISSION CASE DC,9,Metal Delivery,70,shaker backed up broke wires on servo,Casting Process/Equipment,08:10 PM,09:20 PM
13-Jun-24,AAC Plant 2,2,2250-6,946F Crankcase DC,8,Die Change,90,carry over from 1st shift die change,Die Related,05:15 PM,06:45 PM
13-Jun-24,AAC Plant 2,2,800-2,G300 CENTER SUPPORT DC,10,Condition Check Die,60,condition check floor height no good,Casting Process/Equipment,02:23 AM,03:23 AM
13-Jun-24,AAC Plant 2,2,800-3,G300 CENTER SUPPORT DC,13,Clean Up,60,still working on die change,Casting Process/Equipment,12:00 AM,01:00 AM
13-Jun-24,AAC Plant 2,2,800-3,G300 CENTER SUPPORT DC,14,Clean Up,16,carry over hyd oil level low,Casting Process/Equipment,05:15 PM,05:31 PM
14-Jun-24,AAC Plant 2,1,2250-10,G300 TRANSMISSION CASE DC,11,Condition Check Die,30,condition check p/i request cold shut on part,Die Related,07:15 AM,07:45 AM
14-Jun-24,AAC Plant 2,1,2250-10,G300 TRANSMISSION CASE DC,11,Clean Up,15,carry over 4s+d waiting on dm to finish polish and dm t/l to approve polish,Casting Process/Equipment,11:30 AM,11:45 AM
14-Jun-24,AAC Plant 2,1,2250-12,LB01 TM Case DC,4,Condition Check Die,10,condition check (ok) v3 ng perocity,Die Related,07:35 AM,07:45 AM
14-Jun-24,AAC Plant 2,1,2250-13,"T-324 Housing, Transaxle DC",1,Condition Check Die,15,condition check lamination,Die Related,09:10 AM,09:25 AM
14-Jun-24,AAC Plant 2,1,2250-14,"T-324 Case, Transaxle DC",9,Other (Indirect),65,production to be stopped for now by supervisor,Casting Process/Equipment,02:20 PM,03:25 PM
14-Jun-24,AAC Plant 2,1,2250-2,908K TAH AWD DC,1,Other (Indirect),140,die change customer issue,Die Related,07:00 AM,09:20 AM
14-Jun-24,AAC Plant 2,1,2250-3,908K TAH FWD DC,2,N/G Tip or Sleeve Change,190,bent pins tr tip broke,Casting Process/Equipment,07:10 AM,10:20 AM
14-Jun-24,AAC Plant 2,1,2250-6,946F Crankcase DC,8,Condition Check Die,25,"cond chk; ng fg core pin on c-2; remove build up on core pin, restart",Die Related,07:00 AM,07:25 AM
14-Jun-24,AAC Plant 2,1,2250-8,19MY NONPTO TRANSMISSION CASE DC,1,Condition Check Die,95,condition check,Die Related,11:30 AM,12:15 PM
14-Jun-24,AAC Plant 2,1,500-3,G903 Stator Wheel DC,7,Condition Check Die,15,condition check p.e working on cycle time,Die Related,07:15 AM,07:30 AM
14-Jun-24,AAC Plant 2,1,500-3,G903 Stator Wheel DC,7,Condition Check Die,5,p.e working on cycle time,Die Related,07:35 AM,07:40 AM
14-Jun-24,AAC Plant 2,1,500-3,G903 Stator Wheel DC,7,Condition Check Die,10,condition check a-cavity balance high,Die Related,09:05 AM,09:15 AM
14-Jun-24,AAC Plant 2,1,800-3,G300 CENTER SUPPORT DC,13,Die Change,100,crack flow window die change,Die Related,02:20 PM,04:00 PM
14-Jun-24,AAC Plant 2,1,800-3,G300 CENTER SUPPORT DC,13,Condition Check Die,60,condition check crack above flow window,Die Related,08:40 AM,09:40 AM
14-Jun-24,AAC Plant 2,2,2250-11,LB01 TM Case DC,2,Die Change,95,die change machine empty 1st shift pulled die lb01 3,Die Related,05:15 PM,06:50 PM
14-Jun-24,AAC Plant 2,2,2250-13,"T-324 Housing, Transaxle DC",1,Condition Check Die,20,condition check lamination old shot,Die Related,08:20 PM,08:40 PM
14-Jun-24,AAC Plant 2,2,2250-13,"T-324 Housing, Transaxle DC",1,Condition Check Die,65,conditiin check lamination sold shot on parts,Die Related,11:20 PM,12:25 AM
14-Jun-24,AAC Plant 2,2,2250-8,19MY NONPTO TRANSMISSION CASE DC,1,Metal Delivery,20,furnace metal low metal,Casting Process/Equipment,09:30 PM,09:50 PM
15-Jun-24,AAC Plant 2,1,2250-6,946F Crankcase DC,8,Condition Check Die,25,condition check ng f/g core pin on c-2,Die Related,07:00 AM,07:25 AM
15-Jun-24,AAC Plant 2,1,2250-6,946F Crankcase DC,8,Condition Check Die,-25,,,,
15-Jun-24,AAC Plant 2,2,2250-10,G300 TRANSMISSION CASE DC,11,Die Change,160,die change cracked p/c pin m/s c-2,Die Related,07:00 PM,09:40 PM
17-Jun-24,AAC Plant 2,1,2250-14,"T-324 Case, Transaxle DC",3,Metal Delivery,15,ladle arm rtn over run out of metal,Casting Process/Equipment,01:45 PM,02:00 PM
17-Jun-24,AAC Plant 2,2,2250-13,"T-324 Housing, Transaxle DC",1,Condition Check Die,25,condition check cold shot lamination on parts,Die Related,08:00 PM,08:25 PM
17-Jun-24,AAC Plant 2,2,2250-13,"T-324 Housing, Transaxle DC",1,Condition Check Die,45,condition check cold shot/lamination,Die Related,10:15 PM,11:00 PM
17-Jun-24,AAC Plant 2,2,2250-13,"T-324 Housing, Transaxle DC",1,Other (Indirect),330,stop-call-wait waiting on engineer,Casting Process/Equipment,11:00 PM,04:30 AM
17-Jun-24,AAC Plant 2,2,2250-13,"T-324 Housing, Transaxle DC",1,N/G Tip or Sleeve Change,50,broke biscuit n/g tip lube,Casting Process/Equipment,08:55 PM,09:45 PM
17-Jun-24,AAC Plant 2,2,2250-14,"T-324 Case, Transaxle DC",3,Metal Delivery,25,shaker fault parts backed up under servo,Casting Process/Equipment,04:05 AM,04:30 AM
17-Jun-24,AAC Plant 2,2,2250-14,"T-324 Case, Transaxle DC",3,Condition Check Machine,40,condition check lamination,Casting Process/Equipment,10:00 PM,10:40 PM
17-Jun-24,AAC Plant 2,2,2250-2,908K TAH AWD DC,2,Condition Check Die,40,oil on parts,Die Related,10:30 PM,11:40 PM
17-Jun-24,AAC Plant 2,2,2250-3,G300 TA HOUSING FWD DC,3,Die Change,65,die change leaking pin m/s,Die Related,08:20 PM,09:25 PM
17-Jun-24,AAC Plant 2,2,2250-5,G298 TA HOUSING AWD DC,4,Other (Indirect),35,molten metal temp to low hold in furnace not working due to power outage,Casting Process/Equipment,02:50 AM,03:25 AM
18-Jun-24,AAC Plant 2,1,1650-1,"103E Oil Pan, No. 1  DC",4,Die Change,95,die change from die #4 to die #1 pulse spray issues,Die Related,03:10 PM,04:45 PM
18-Jun-24,AAC Plant 2,1,2250-1,946F Crankcase DC,14,Other (Indirect),25,water line off sleeve pull s/s to repair,Casting Process/Equipment,02:10 PM,02:35 PM
18-Jun-24,AAC Plant 2,1,2250-11,LB01 TM Case DC,2,Other (Indirect),30,side shaker jammed,Casting Process/Equipment,05:50 AM,06:20 AM
18-Jun-24,AAC Plant 2,1,2250-7,946F Crankcase DC,15,Product Change,195,carry over die change,Die Related,05:00 AM,08:15 AM
18-Jun-24,AAC Plant 2,2,1650-1,"103E Oil Pan, No. 1  DC",1,Clean Up,20,carry over die change,Casting Process/Equipment,05:15 PM,05:35 PM
18-Jun-24,AAC Plant 2,2,2250-3,G300 TA HOUSING FWD DC,4,Die Change,320,die change broke pin m/s,Die Related,11:25 PM,04:45 AM
18-Jun-24,AAC Plant 2,2,2250-4,984F Crankcase DC,3,Die Change,35,die change leaking pin c-2 m/s,Die Related,04:10 AM,04:45 AM
18-Jun-24,AAC Plant 2,2,2250-4,984F Crankcase DC,3,Condition Check Die,20,cycle stop cold shot,Die Related,03:50 AM,04:10 AM
18-Jun-24,AAC Plant 2,2,2250-8,G300 TA HOUSING FWD DC,3,Die Change,140,carry over die change auto exchange set g300 TAH die 3,Die Related,05:15 AM,07:35 AM
19-Jun-24,AAC Plant 2,1,2250-1,946F Crankcase DC,14,Other (Indirect),175,wait on crane to life m/s to run tie bars in,Die Related,07:30 AM,10:25 AM
19-Jun-24,AAC Plant 2,1,2250-10,G300 TRANSMISSION CASE DC,7,Condition Check Die,35,epolish; galling on part,Die Related,01:15 PM,01:50 PM
19-Jun-24,AAC Plant 2,1,2250-13,"T-324 Case, Transaxle DC",3,Metal Delivery,10,ladle arm return over run; out of metal,Metal Delivery,03:20 PM,03:30 PM
19-Jun-24,AAC Plant 2,1,2250-2,908K TAH AWD DC,2,Die Change,165,die change pull die 2,Die Related,02:00 PM,04:45 PM
19-Jun-24,AAC Plant 2,1,2250-3,G300 TA HOUSING FWD DC,3,Die Change,480,carryover die chg; waiting on crane,Die Related,05:00 AM,01:00 PM
19-Jun-24,AAC Plant 2,1,2250-4,984F Crankcase DC,5,Die Change,155,carryover die chg; die smashed water line; call dm,Die Related,05:00 AM,07:35 AM
19-Jun-24,AAC Plant 2,1,500-3,G903 Stator Wheel DC,9,Condition Check Die,20,cond chk; b cavity balance high; die flashed out; cleaned die face,Die Related,07:05 AM,07:25 AM
19-Jun-24,AAC Plant 2,1,800-1,908K Center Support DC,3,Condition Check Die,43,"cond chk; water leak on s/s; found a and b flashed out; called dm, started pulling s/s",Die Related,01:47 PM,02:30 PM
19-Jun-24,AAC Plant 2,1,800-3,G300 CENTER SUPPORT DC,14,Clean Up,25,a/b cleaning carryover 4s+d,Die Related,01:50 PM,02:15 AM
19-Jun-24,AAC Plant 2,1,800-3,G300 CENTER SUPPORT DC,14,Condition Check Die,32,parts cracking;,Die Related,12:18 PM,12:50 PM
19-Jun-24,AAC Plant 2,2,2250-14,G300 TRANSMISSION CASE DC,9,Metal Delivery,10,shaker backed up under servo,Metal Delivery,05:15 PM,05:25 PM
19-Jun-24,AAC Plant 2,2,2250-14,G300 TRANSMISSION CASE DC,9,Metal Delivery,15,molten metal detect position ng; low on metal,Metal Delivery,06:10 PM,06:25 PM
19-Jun-24,AAC Plant 2,2,2250-2,908K TAH AWD DC,3,Die Change,525,carryover die chg; waiting on to repair crane;,Die Related,05:15 PM,02:00 AM
19-Jun-24,AAC Plant 2,2,2250-4,984F Crankcase DC,3,Condition Check Die,35,qc request; datum pitch ng; no leaks; call dm; core sequence out of spec,Die Related,12:55 AM,01:30 AM
19-Jun-24,AAC Plant 2,2,2250-7,946F Crankcase DC,15,Metal Delivery,25,side shaker backed up; clear side shaker,Casting Process/Equipment,03:50 AM,04:15 AM
19-Jun-24,AAC Plant 2,2,2250-8,19MY PTO TRANSMISSION CASE DC,4,Metal Delivery,20,side shaker backed up; clear side shaker,Metal Delivery,03:50 AM,04:10 AM
20-Jun-24,AAC Plant 2,1,2250-3,908K TAH FWD DC,2,Product Change,110,carry over change over waiting on crane to change t/p,Die Related,05:15 AM,07:05 AM
20-Jun-24,AAC Plant 2,1,2250-9,946F Crankcase DC,16,Condition Check Die,20,die condition check water marks on part,Die Related,12:35 PM,12:55 PM
20-Jun-24,AAC Plant 2,1,800-3,G300 CENTER SUPPORT DC,14,Other (Indirect),30,audit,Casting Process/Equipment,11:30 AM,12:00 PM
20-Jun-24,AAC Plant 2,2,1650-1,"103E Oil Pan, No. 1  DC",1,Metal Delivery,30,"melt department metal te,p low furnace 2 down",Casting Process/Equipment,11:00 PM,11:30 PM
20-Jun-24,AAC Plant 2,2,2250-1,946F Crankcase DC,14,Metal Delivery,35,late start up due to furnace 2 being down,Casting Process/Equipment,11:00 PM,11:35 PM
20-Jun-24,AAC Plant 2,2,2250-10,G300 TRANSMISSION CASE DC,7,Metal Delivery,45,helping melt furnace 2 down,Casting Process/Equipment,11:00 PM,11:45 PM
20-Jun-24,AAC Plant 2,2,2250-11,LB01 TM Case DC,2,Metal Delivery,45,melt department metal temp too low furnace dow,Casting Process/Equipment,11:00 PM,11:45 PM
20-Jun-24,AAC Plant 2,2,2250-12,LB01 TM Case DC,1,Metal Delivery,45,melt department metal temp too low furnace down,Casting Process/Equipment,11:00 PM,11:45 PM
20-Jun-24,AAC Plant 2,2,2250-13,"T-324 Case, Transaxle DC",3,Metal Delivery,45,melt issues furnace temp in melt low,Casting Process/Equipment,11:00 PM,11:45 PM
20-Jun-24,AAC Plant 2,2,2250-14,G300 TRANSMISSION CASE DC,9,Metal Delivery,15,shaker fault backed up during warmups,Casting Process/Equipment,03:35 AM,03:50 AM
20-Jun-24,AAC Plant 2,2,2250-14,G300 TRANSMISSION CASE DC,9,Metal Delivery,50,metal issue furnace temp in melt low,Casting Process/Equipment,10:45 PM,11:35 PM
20-Jun-24,AAC Plant 2,2,2250-5,G298 TA HOUSING AWD DC,4,Metal Delivery,30,helping melt out furnace 2 down,Casting Process/Equipment,11:00 PM,11:30 PM
20-Jun-24,AAC Plant 2,2,2250-6,984F Crankcase DC,7,Metal Delivery,45,helping melt furnace 2 down,Casting Process/Equipment,11:00 PM,11:45 PM
20-Jun-24,AAC Plant 2,2,2250-7,A467 Transmission Housing DC,4,Metal Delivery,45,furnace 2 down,Casting Process/Equipment,11:00 PM,11:45 PM
20-Jun-24,AAC Plant 2,2,2250-9,946F Crankcase DC,16,Metal Delivery,45,melt department furnace 2 down low metal temp,Casting Process/Equipment,11:00 PM,11:45 PM
20-Jun-24,AAC Plant 2,2,800-3,G300 CENTER SUPPORT DC,14,Clean Up,63,carry over oil temp high,Casting Process/Equipment,05:00 PM,06:03 PM
21-Jun-24,AAC Plant 2,1,2250-1,946F Crankcase DC,14,Clean Up,30,carry over 4s+d conveyor bring part in,Casting Process/Equipment,10:30 AM,11:00 AM
21-Jun-24,AAC Plant 2,1,2250-11,LB01 TM Case DC,2,Other (Indirect),20,side shaker jammer,Casting Process/Equipment,05:20 AM,05:40 AM
21-Jun-24,AAC Plant 2,1,2250-12,LB01 TM Case DC,1,Other (Indirect),15,side shaker jammed,Casting Process/Equipment,05:20 AM,05:35 AM
21-Jun-24,AAC Plant 2,1,2250-2,908K TAH AWD DC,3,Clean Up,15,carry over 4s+d,Casting Process/Equipment,11:30 AM,11:45 AM
21-Jun-24,AAC Plant 2,1,2250-5,G298 TA HOUSING AWD DC,4,Condition Check Die,10,condition check p.i request,Die Related,07:15 AM,07:25 AM
21-Jun-24,AAC Plant 2,1,800-2,G300 CENTER SUPPORT DC,12,Condition Check Die,14,condition check thick falsh on c-1,Die Related,03:42 PM,03:56 PM
21-Jun-24,AAC Plant 2,2,2250-11,LB01 TM Case DC,2,Condition Check Die,55,"cracked rib; developer checked okay; checked all sprays and water, reset die as req. by dm as last countermeasure before",Die Related,12:35 AM,01:30 AM
21-Jun-24,AAC Plant 2,2,2250-11,LB01 TM Case DC,2,Die Change,85,too many cracked ribs s/s; pull die for repair,Die Related,02:35 AM,04:00 AM
21-Jun-24,AAC Plant 2,2,2250-14,G300 TRANSMISSION CASE DC,8,Other (Indirect),20,catcher crossing light curtain,Casting Process/Equipment,05:40 PM,06:00 PM
21-Jun-24,AAC Plant 2,2,2250-14,G300 TRANSMISSION CASE DC,8,Metal Delivery,15,shaker,Metal Delivery,07:30 PM,07:45 PM
21-Jun-24,AAC Plant 2,2,2250-5,G298 TA HOUSING AWD DC,4,Die Change,55,"carryover die chg; adj ladle size, water settings; make sure robots are right",Die Related,05:15 PM,06:10 PM
21-Jun-24,AAC Plant 2,2,2250-6,984F Crankcase DC,7,Date Stamp-ID,15,wrong date stamp; chg date stamps,Casting Process/Equipment,05:15 PM,05:30 PM
21-Jun-24,AAC Plant 2,2,2250-9,946F Crankcase DC,16,Die Change,90, power cool flt; broke pin m/s main core; call dm,Die Related,03:15 AM,04:45 AM
21-Jun-24,AAC Plant 2,2,800-3,G300 CENTER SUPPORT DC,14,Clean Up,15,carryover; oil temp trim press,Misc.,05:15 PM,05:30 PM
22-Jun-24,AAC Plant 2,2,2250-2,908K TAH AWD DC,3,Other (Indirect),150,front crane went down in dcm; wont move; call waste water maint,Casting Process/Equipment,09:30 PM,12:00 AM
22-Jun-24,AAC Plant 2,2,2250-6,984F Crankcase DC,7,Condition Check Die,15,cold shot/discoloration; dev check ok/ blew out behind cores,Die Related,03:15 AM,03:30 AM
23-Jun-24,AAC Plant 2,2,2250-2,908K TAH AWD DC,3,Other (Indirect),15,belly pan full of parts/ robot cage full of parts,Casting Process/Equipment,05:15 PM,05:30 PM
23-Jun-24,AAC Plant 2,2,2250-3,908K TAH FWD DC,2,Die Change,245,carryover die chg; waiting on dm to repair c-1 cylinder,Die Related,05:15 PM,09:20 PM
24-Jun-24,AAC Plant 2,1,2250-1,946F Crankcase DC,14,Clean Up,45,carry over 4s+d,Casting Process/Equipment,10:50 AM,11:35 AM
24-Jun-24,AAC Plant 2,1,2250-11,LB01 TM Case DC,4,Condition Check Die,15,condition check qc request,Die Related,10:40 AM,10:55 AM
24-Jun-24,AAC Plant 2,1,2250-2,908K TAH AWD DC,3,Other (Indirect),60,carry over out of hydraulic fluid vacuum line busted not getting water to tip,Casting Process/Equipment,05:00 AM,06:00 AM
24-Jun-24,AAC Plant 2,1,2250-2,908K TAH AWD DC,3,Clean Up,35,carry over 4s+d,Casting Process/Equipment,10:50 AM,11:25 AM
24-Jun-24,AAC Plant 2,1,2250-6,946F Crankcase DC,10,Product Change,60,fin hooking up sch die change,Die Related,05:30 AM,06:30 AM
24-Jun-24,AAC Plant 2,1,500-3,G903 Stator Wheel DC,9,Condition Check Die,10,condition check b-cavity balance,Die Related,10:40 AM,10:50 AM
24-Jun-24,AAC Plant 2,2,2250-11,LB01 TM Case DC,4,Condition Check Machine,55,condition check ribs cracking s/s,Casting Process/Equipment,03:15 AM,04:10 AM
24-Jun-24,AAC Plant 2,2,2250-11,LB01 TM Case DC,4,Clean Up,15,carry over 4s replacing bad o-rings on c-1 and c-2,Casting Process/Equipment,11:15 PM,11:30 PM
24-Jun-24,AAC Plant 2,2,2250-14,"T-324 Case, Transaxle DC",3,Other (Indirect),15,dcm stop removing robot head for 2250-13,Casting Process/Equipment,12:35 AM,12:50 AM
24-Jun-24,AAC Plant 2,2,2250-3,G300 TA HOUSING FWD DC,2,Die Change,75,die change high ejector pin,Die Related,11:10 PM,12:25 PM
25-Jun-24,AAC Plant 2,1,2250-11,LB01 TM Case DC,4,Condition Check Die,30,cracks; cracked sprue core; call dm,Die Related,08:30 AM,09:00 AM
25-Jun-24,AAC Plant 2,1,2250-11,LB01 TM Case DC,4,Die Change,100,"pull die 4, set 3",Die Related,09:00 AM,10:40 AM
25-Jun-24,AAC Plant 2,1,2250-14,"T-324 Case, Transaxle DC",3,N/G Tip or Sleeve Change,65,ulr fault biscuit broke shot tip broke off,Casting Process/Equipment,12:05 PM,01:10 PM
25-Jun-24,AAC Plant 2,1,2250-4,984F Crankcase DC,3,Die Change,105,broke pin on s/s pulled die 3 set die 5,Die Related,05:45 AM,07:30 AM
25-Jun-24,AAC Plant 2,1,500-3,G903 Stator Wheel DC,9,Other (Indirect),5,fire alarm,Casting Process/Equipment,10:05 AM,10:10 AM
25-Jun-24,AAC Plant 2,1,800-1,908K Center Support DC,1,Clean Up,10,carry over 4s+d fire alarm,Casting Process/Equipment,11:00 AM,11:10 AM
25-Jun-24,AAC Plant 2,1,800-2,908K Center Support DC,2,Other (Indirect),10,fire alarm,Casting Process/Equipment,10:00 AM,10:10 AM
25-Jun-24,AAC Plant 2,1,800-3,G300 CENTER SUPPORT DC,14,Other (Indirect),5,fire alarm,Casting Process/Equipment,10:04 AM,10:09 AM
25-Jun-24,AAC Plant 2,2,2250-1,946F Crankcase DC,14,Metal Delivery,10,hot charge out of metal,Casting Process/Equipment,03:15 AM,03:25 AM
25-Jun-24,AAC Plant 2,2,2250-10,G300 TRANSMISSION CASE DC,11,Clean Up,10,part chute back up,Casting Process/Equipment,07:30 PM,07:40 PM
25-Jun-24,AAC Plant 2,2,2250-11,LB01 TM Case DC,3,Condition Check Die,45,condition check cold shut c-3 spline,Die Related,06:00 PM,06:45 PM
25-Jun-24,AAC Plant 2,2,2250-12,LB01 TM Case DC,1,Metal Delivery,10,water main line came loose from die,Die Related,07:05 PM,07:15 PM
25-Jun-24,AAC Plant 2,2,2250-14,"T-324 Case, Transaxle DC",3,Metal Delivery,20,shaker backed up backed up under servo,Casting Process/Equipment,03:05 AM,03:25 AM
25-Jun-24,AAC Plant 2,2,2250-2,908K TAH AWD DC,3,Water/Die Lube Supply,35,water leak on shot rod n/g water fitting,Die Related,11:35 PM,12:10 AM
25-Jun-24,AAC Plant 2,2,2250-7,A467 Adaptor DC,3,Condition Check Die,10,condition check cold shot/ discolortaion,Die Related,01:25 AM,01:35 AM
26-Jun-24,AAC Plant 2,1,2250-11,LB01 TM Case DC,3,Die Change,35,finish hooking up die,Die Related,01:10 PM,01:45 PM
26-Jun-24,AAC Plant 2,1,2250-11,LB01 TM Case DC,3,Die Change,150,setting lbo1 tmc-2 failed leak test,Die Related,10:10 AM,12:40 PM
26-Jun-24,AAC Plant 2,1,2250-11,LB01 TM Case DC,3,Condition Check Die,15,condition check failed leak check,Die Related,09:35 AM,09:50 AM
26-Jun-24,AAC Plant 2,1,2250-6,984F Crankcase DC,7,Condition Check Die,15,condition check qe request,Die Related,04:00 PM,04:15 PM
26-Jun-24,AAC Plant 2,1,2250-8,19MY NONPTO TRANSMISSION CASE DC,1,Condition Check Die,45,condition check c-4 too hot,Die Related,07:15 AM,08:00 AM
26-Jun-24,AAC Plant 2,1,2250-8,19MY NONPTO TRANSMISSION CASE DC,1,Condition Check Die,15,condition check water flow,Die Related,06:15 AM,06:30 AM
26-Jun-24,AAC Plant 2,1,800-1,908K Center Support DC,1,Clean Up,20,carry over 4s+d,Casting Process/Equipment,11:10 AM,11:30 AM
26-Jun-24,AAC Plant 2,2,2250-10,G300 TRANSMISSION CASE DC,11,Condition Check Die,70,broke pin c-2,Die Related,10:20 PM,11:30 PM
26-Jun-24,AAC Plant 2,2,2250-11,LB01 TM Case DC,2,Condition Check Die,20,wire harness area not getting good s/s metal coverage; developer chk okay; blew out water lines and raised shot size,Die Related,09:00 PM,09:20 PM
26-Jun-24,AAC Plant 2,2,2250-14,G300 TRANSMISSION CASE DC,8,Ladle-ID,30,ladle pouring before die closes; ladle hitting shot sleeve and flting out; shaker backed up,Metal Delivery,07:40 PM,08:10 PM
26-Jun-24,AAC Plant 2,2,2250-14,G300 TRANSMISSION CASE DC,8,Metal Delivery,15,shaker backed up; clean out,Metal Delivery,08:55 PM,09:10 PM
26-Jun-24,AAC Plant 2,2,2250-3,G300 TA HOUSING FWD DC,3,Die Change,110,die chg; broke pin m/c,Die Related,05:50 PM,07:40 PM
26-Jun-24,AAC Plant 2,2,2250-6,984F Crankcase DC,7,Condition Check Die,10,cond chk; cold shut; cleaned excess die lube off die,Die Related,05:25 PM,05:35 PM
26-Jun-24,AAC Plant 2,2,2250-6,984F Crankcase DC,7,Condition Check Die,60,"cond chk; cold shut; dev. chk ok, adj spray, adj water, blew out hold block and behind cores",Die Related,06:15 PM,07:15 PM
26-Jun-24,AAC Plant 2,2,2250-9,946F Crankcase DC,12,Condition Check Die,60,cond chk; ng fg c-2 and m/s main core low area; call dm and adj water,Die Related,08:10 PM,09:10 PM
26-Jun-24,AAC Plant 2,2,2250-9,946F Crankcase DC,12,Condition Check Die,35,NG FG c-2; adj water,Die Related,06:20 PM,06:55 PM
27-Jun-24,AAC Plant 2,1,2250-3,G300 TA HOUSING FWD DC,2,Other (Indirect),15,contractor putting in outlet,Misc.,11:45 AM,12:00 PM
27-Jun-24,AAC Plant 2,1,2250-3,G300 TA HOUSING FWD DC,2,Die Change,60,die chg; pull in halves to give to DM,Die Related,03:45 PM,04:45 PM
27-Jun-24,AAC Plant 2,1,2250-5,G298 TA HOUSING AWD DC,5,Product Change,15,sch die chg cancel; no back up g300 tac,Die Related,05:15 AM,05:30 AM
27-Jun-24,AAC Plant 2,1,2250-6,984F Crankcase DC,3,Condition Check Die,10,carck insert on c-2; call dm,Die Related,01:35 PM,01:45 PM
27-Jun-24,AAC Plant 2,1,2250-8,19MY PTO TRANSMISSION CASE DC,4,Die Change,65,die chg back my19-1,Die Related,10:55 AM,12:00 PM
27-Jun-24,AAC Plant 2,2,2250-13,"T-324 Case, Transaxle DC",1,Date Stamp-ID,10,wrong die number; didn't chg die number on laser;,Die Related,11:50 PM,12:00 AM
27-Jun-24,AAC Plant 2,2,2250-13,"T-324 Case, Transaxle DC",3,Condition Check Die,20,cold shot on parts; found m/s pwrcool #1 not reading; constant air flow on valve,Die Related,08:00 PM,08:20 PM
27-Jun-24,AAC Plant 2,2,2250-13,"T-324 Case, Transaxle DC",3,Metal Delivery,15,shaker flt; shaker backed up; remove parts,Metal Delivery,05:40 PM,05:55 PM
27-Jun-24,AAC Plant 2,2,2250-3,G300 TA HOUSING FWD DC,3,Product Change,110,carryover die chg,Die Related,05:15 PM,07:05 PM
28-Jun-24,AAC Plant 2,1,2250-12,LB01 TM Case DC,1,Condition Check Die,25,condition check water leak on c-3,Die Related,09:35 AM,10:00 AM
28-Jun-24,AAC Plant 2,1,2250-12,LB01 TM Case DC,1,Condition Check Die,45,condition check fail leak test,Die Related,07:10 AM,07:55 AM
28-Jun-24,AAC Plant 2,1,2250-13,"T-324 Case, Transaxle DC",1,Condition Check Die,30,condition check lamination,Die Related,10:25 AM,10:55 AM
28-Jun-24,AAC Plant 2,1,2250-3,G300 TA HOUSING FWD DC,3,Clean Up,15,carry over 4s+d e-polish around acc 1 acc 2,Casting Process/Equipment,11:25 AM,11:40 AM
28-Jun-24,AAC Plant 2,1,2250-3,G300 TA HOUSING FWD DC,3,Other (Indirect),50,pe adjusting spray dm working on runner on m/s,Casting Process/Equipment,02:35 PM,03:25 PM
28-Jun-24,AAC Plant 2,1,2250-3,G300 TA HOUSING FWD DC,3,Condition Check Die,45,condition check crack pin on c-2,Die Related,04:00 PM,04:45 PM
28-Jun-24,AAC Plant 2,1,2250-3,G300 TA HOUSING FWD DC,3,Condition Check Die,-45,,,,
28-Jun-24,AAC Plant 2,1,2250-6,946F Crankcase DC,10,Condition Check Die,10,condition check pi request,Die Related,12:35 PM,12:45 PM
28-Jun-24,AAC Plant 2,2,2250-10,G300 TRANSMISSION CASE DC,7,Condition Check Die,10,condition check n/g f/g c-3,Die Related,08:10 PM,08:20 PM
28-Jun-24,AAC Plant 2,2,2250-10,G300 TRANSMISSION CASE DC,7,Condition Check Die,45,condition check die build up on s/s,Die Related,12:45 AM,01:30 AM
28-Jun-24,AAC Plant 2,2,2250-12,LB01 TM Case DC,1,Condition Check Die,20,condition check c-4 sensor area 2 out of 3 ng for porosity,Die Related,02:20 AM,02:40 AM
28-Jun-24,AAC Plant 2,2,2250-4,984F Crankcase DC,5,Clean Up,20,stop dcm clean up,Casting Process/Equipment,08:40 PM,09:00 PM
28-Jun-24,AAC Plant 2,2,800-1,908K Center Support DC,3,Clean Up,165,waiting on s/s flashed through A&B on previous shift,Casting Process/Equipment,05:15 PM,08:00 PM
28-Jun-24,AAC Plant 2,2,800-2,G300 CENTER SUPPORT DC,12,Die Change,40,carry over die change,Die Related,05:15 PM,05:55 PM
29-Jun-24,AAC Plant 2,1,2250-13,"T-324 Housing, Transaxle DC",3,Product Change,60,finish change over,Die Related,05:00 AM,06:00 AM
29-Jun-24,AAC Plant 2,1,2250-14,G300 TRANSMISSION CASE DC,8,Other (Indirect),10,side shaker jammed,Casting Process/Equipment,05:20 AM,05:30 AM
29-Jun-24,AAC Plant 2,1,2250-3,G300 TA HOUSING FWD DC,3,Condition Check Die,45,cond. chk; crack pin on c-2,Die Related,04:00 PM,04:45 PM
29-Jun-24,AAC Plant 2,2,2250-13,"T-324 Housing, Transaxle DC",3,Water/Die Lube Supply,50,water base/die lube flow sensor connection error,Casting Process/Equipment,09:45 PM,10:35 PM
29-Jun-24,AAC Plant 2,2,2250-13,"T-324 Housing, Transaxle DC",3,Metal Delivery,40,low metal temp 641,Casting Process/Equipment,06:30 PM,07:10 PM
29-Jun-24,AAC Plant 2,2,2250-13,"T-324 Housing, Transaxle DC",3,Water/Die Lube Supply,15,water base/die lube flow sensor error,Casting Process/Equipment,12:10 AM,12:25 AM
29-Jun-24,AAC Plant 2,2,2250-14,G300 TRANSMISSION CASE DC,6,Metal Delivery,10,shaker fault backed up under servo,Casting Process/Equipment,04:20 AM,04:30 AM
29-Jun-24,AAC Plant 2,2,2250-14,G300 TRANSMISSION CASE DC,6,Metal Delivery,15,shaker fault backed up under servo,Casting Process/Equipment,11:40 PM,11:55 PM
29-Jun-24,AAC Plant 2,2,2250-14,G300 TRANSMISSION CASE DC,6,Die Change,30,continued die change setting g300 #6,Die Related,07:30 PM,08:00 PM
29-Jun-24,AAC Plant 2,2,2250-14,G300 TRANSMISSION CASE DC,6,Die Change,75,carry over die change to g300 tac #6,Die Related,05:15 PM,06:30 PM
29-Jun-24,AAC Plant 2,2,2250-3,G300 TA HOUSING FWD DC,3,Condition Check Die,15,shut down (p.i request) discoloration on c-2,Die Related,01:55 AM,02:10 AM
30-Jun-24,AAC Plant 2,1,2250-14,G300 TRANSMISSION CASE DC,6,Condition Check Die,20,condition check n/g f/g,Die Related,07:40 AM,08:00 AM
30-Jun-24,AAC Plant 2,2,2250-14,G300 TRANSMISSION CASE DC,6,Metal Delivery,15,ladle arm over run low metal,Casting Process/Equipment,11:25 PM,11:40 PM
30-Jun-24,AAC Plant 2,2,2250-8,19MY PTO TRANSMISSION CASE DC,4,Condition Check Die,80,condition check die n/g oil pump high,Die Related,08:30 PM,09:50 PM
